payment_id,source,unit,txn_date,settled_date,gross_amount,commission,commission_gst,settled_amount,utr,payment_mode,issuing_bank,customer_vpa,invoice_no,matched_invoice_no,raw_path
bank_7223534417_1,bank,front_office,2025-08-01,2025-08-01,5010.0,,,5010.0,YESBN12025080102129283,BANK_TRANSFER,,,,,meet-recording/data_sheets_historical/mangal all data sheet/INDIAN BANK/Statement Of Account - AUGUST 2025.xlsx
bank_7223534417_2,bank,front_office,2025-08-01,2025-08-01,7196.1,,,7196.1,YESBN12025080105373783,BANK_TRANSFER,,,,,meet-recording/data_sheets_historical/mangal all data sheet/INDIAN BANK/Statement Of Account - AUGUST 2025.xlsx
bank_7223534417_3,bank,front_office,2025-08-01,2025-08-01,1391.28,,,1391.28,YESBN12025080106242377,BANK_TRANSFER,,,,,meet-recording/data_sheets_historical/mangal all data sheet/INDIAN BANK/Statement Of Account - AUGUST 2025.xlsx
bank_7223534417_4,bank,front_office,2025-08-02,2025-08-02,6497.05,,,6497.05,YESBN12025080203078843,BANK_TRANSFER,,,,,meet-recording/data_sheets_historical/mangal all data sheet/INDIAN BANK/Statement Of Account - AUGUST 2025.xlsx
bank_7223534417_5,bank,front_office,2025-08-02,2025-08-02,17971.25,,,17971.25,YESBN12025080205707018,BANK_TRANSFER,,,,,meet-recording/data_sheets_historical/mangal all data sheet/INDIAN BANK/Statement Of Account - AUGUST 2025.xlsx
bank_7223534417_6,bank,front_office,2025-08-02,2025-08-02,-2280.0,,,-2280.0,,,,,,,meet-recording/data_sheets_historical/mangal all data sheet/INDIAN BANK/Statement Of Account - AUGUST 2025.xlsx
bank_7223534417_7,bank,front_office,2025-08-03,2025-08-03,8959.6,,,8959.6,YESBN12025080302999837,BANK_TRANSFER,,,,,meet-recording/data_sheets_historical/mangal all data sheet/INDIAN BANK/Statement Of Account - AUGUST 2025.xlsx
bank_7223534417_8,bank,front_office,2025-08-03,2025-08-03,1952.11,,,1952.11,YESBN12025080305702529,BANK_TRANSFER,,,,,meet-recording/data_sheets_historical/mangal all data sheet/INDIAN BANK/Statement Of Account - AUGUST 2025.xlsx
bank_7223534417_9,bank,front_office,2025-08-03,2025-08-03,-200000.0,,,-200000.0,,,,,,,meet-recording/data_sheets_historical/mangal all data sheet/INDIAN BANK/Statement Of Account - AUGUST 2025.xlsx
bank_7223534417_10,bank,front_office,2025-08-04,2025-08-04,7682.13,,,7682.13,YESBN12025080403553372,BANK_TRANSFER,,,,,meet-recording/data_sheets_historical/mangal all data sheet/INDIAN BANK/Statement Of Account - AUGUST 2025.xlsx
bank_7223534417_11,bank,front_office,2025-08-04,2025-08-04,10375.01,,,10375.01,YESBN12025080405424833,BANK_TRANSFER,,,,,meet-recording/data_sheets_historical/mangal all data sheet/INDIAN BANK/Statement Of Account - AUGUST 2025.xlsx
bank_7223534417_12,bank,front_office,2025-08-05,2025-08-05,4980.71,,,4980.71,YESBN12025080502758961,BANK_TRANSFER,,,,,meet-recording/data_sheets_historical/mangal all data sheet/INDIAN BANK/Statement Of Account - AUGUST 2025.xlsx
bank_7223534417_13,bank,front_office,2025-08-05,2025-08-05,60349.82,,,60349.82,YESBN12025080505592091,BANK_TRANSFER,,,,,meet-recording/data_sheets_historical/mangal all data sheet/INDIAN BANK/Statement Of Account - AUGUST 2025.xlsx
bank_7223534417_14,bank,front_office,2025-08-05,2025-08-05,484.15,,,484.15,YESBN12025080506131630,BANK_TRANSFER,,,,,meet-recording/data_sheets_historical/mangal all data sheet/INDIAN BANK/Statement Of Account - AUGUST 2025.xlsx
bank_7223534417_15,bank,front_office,2025-08-06,2025-08-06,5000.0,,,5000.0,KKBKN62025080689643465,BANK_TRANSFER,,,,,meet-recording/data_sheets_historical/mangal all data sheet/INDIAN BANK/Statement Of Account - AUGUST 2025.xlsx
bank_7223534417_16,bank,front_office,2025-08-06,2025-08-06,2855.0,,,2855.0,YESBN12025080603917931,BANK_TRANSFER,,,,,meet-recording/data_sheets_historical/mangal all data sheet/INDIAN BANK/Statement Of Account - AUGUST 2025.xlsx
bank_7223534417_17,bank,front_office,2025-08-06,2025-08-06,22793.52,,,22793.52,YESBN12025080605683818,BANK_TRANSFER,,,,,meet-recording/data_sheets_historical/mangal all data sheet/INDIAN BANK/Statement Of Account - AUGUST 2025.xlsx
bank_7223534417_18,bank,front_office,2025-08-06,2025-08-06,6921.0,,,6921.0,HDFCN52025080697676308,BANK_TRANSFER,,,,,meet-recording/data_sheets_historical/mangal all data sheet/INDIAN BANK/Statement Of Account - AUGUST 2025.xlsx
bank_7223534417_19,bank,front_office,2025-08-07,2025-08-07,3461.0,,,3461.0,YESBN12025080702340467,BANK_TRANSFER,,,,,meet-recording/data_sheets_historical/mangal all data sheet/INDIAN BANK/Statement Of Account - AUGUST 2025.xlsx
bank_7223534417_20,bank,front_office,2025-08-07,2025-08-07,44912.45,,,44912.45,HSBCN52025080765311220,BANK_TRANSFER,,,,,meet-recording/data_sheets_historical/mangal all data sheet/INDIAN BANK/Statement Of Account - AUGUST 2025.xlsx
bank_7223534417_21,bank,front_office,2025-08-07,2025-08-07,1159838.33,,,1159838.33,HSBCN52025080765309735,BANK_TRANSFER,,,,,meet-recording/data_sheets_historical/mangal all data sheet/INDIAN BANK/Statement Of Account - AUGUST 2025.xlsx
bank_7223534417_22,bank,front_office,2025-08-07,2025-08-07,22816.05,,,22816.05,YESBN12025080705628800,BANK_TRANSFER,,,,,meet-recording/data_sheets_historical/mangal all data sheet/INDIAN BANK/Statement Of Account - AUGUST 2025.xlsx
bank_7223534417_23,bank,front_office,2025-08-07,2025-08-07,-100000.0,,,-100000.0,,,,,,,meet-recording/data_sheets_historical/mangal all data sheet/INDIAN BANK/Statement Of Account - AUGUST 2025.xlsx
bank_7223534417_24,bank,front_office,2025-08-07,2025-08-07,-2738.0,,,-2738.0,,,,,,,meet-recording/data_sheets_historical/mangal all data sheet/INDIAN BANK/Statement Of Account - AUGUST 2025.xlsx
bank_7223534417_25,bank,front_office,2025-08-07,2025-08-07,-3654.0,,,-3654.0,,,,,,,meet-recording/data_sheets_historical/mangal all data sheet/INDIAN BANK/Statement Of Account - AUGUST 2025.xlsx
bank_7223534417_26,bank,front_office,2025-08-07,2025-08-07,15522.0,,,15522.0,HDFCN52025080701786286,BANK_TRANSFER,,,,,meet-recording/data_sheets_historical/mangal all data sheet/INDIAN BANK/Statement Of Account - AUGUST 2025.xlsx
bank_7223534417_27,bank,front_office,2025-08-08,2025-08-08,4225.0,,,4225.0,YESBN12025080802432069,BANK_TRANSFER,,,,,meet-recording/data_sheets_historical/mangal all data sheet/INDIAN BANK/Statement Of Account - AUGUST 2025.xlsx
bank_7223534417_28,bank,front_office,2025-08-08,2025-08-08,16561.26,,,16561.26,YESBN12025080805659850,BANK_TRANSFER,,,,,meet-recording/data_sheets_historical/mangal all data sheet/INDIAN BANK/Statement Of Account - AUGUST 2025.xlsx
bank_7223534417_29,bank,front_office,2025-08-08,2025-08-08,-111420.0,,,-111420.0,,,,,,,meet-recording/data_sheets_historical/mangal all data sheet/INDIAN BANK/Statement Of Account - AUGUST 2025.xlsx
bank_7223534417_30,bank,front_office,2025-08-08,2025-08-08,-466397.0,,,-466397.0,,,,,,,meet-recording/data_sheets_historical/mangal all data sheet/INDIAN BANK/Statement Of Account - AUGUST 2025.xlsx
bank_7223534417_31,bank,front_office,2025-08-08,2025-08-08,20843.0,,,20843.0,HDFCN52025080805199306,BANK_TRANSFER,,,,,meet-recording/data_sheets_historical/mangal all data sheet/INDIAN BANK/Statement Of Account - AUGUST 2025.xlsx
bank_7223534417_32,bank,front_office,2025-08-09,2025-08-09,9935.0,,,9935.0,YESBN12025080903145639,BANK_TRANSFER,,,,,meet-recording/data_sheets_historical/mangal all data sheet/INDIAN BANK/Statement Of Account - AUGUST 2025.xlsx
bank_7223534417_33,bank,front_office,2025-08-09,2025-08-09,21117.09,,,21117.09,YESBN12025080906120446,BANK_TRANSFER,,,,,meet-recording/data_sheets_historical/mangal all data sheet/INDIAN BANK/Statement Of Account - AUGUST 2025.xlsx
bank_7223534417_34,bank,front_office,2025-08-10,2025-08-10,15089.0,,,15089.0,YESBN12025081001428440,BANK_TRANSFER,,,,,meet-recording/data_sheets_historical/mangal all data sheet/INDIAN BANK/Statement Of Account - AUGUST 2025.xlsx
bank_7223534417_35,bank,front_office,2025-08-10,2025-08-10,31144.9,,,31144.9,YESBN12025081005382898,BANK_TRANSFER,,,,,meet-recording/data_sheets_historical/mangal all data sheet/INDIAN BANK/Statement Of Account - AUGUST 2025.xlsx
bank_7223534417_36,bank,front_office,2025-08-11,2025-08-11,7288.0,,,7288.0,YESBN12025081101987190,BANK_TRANSFER,,,,,meet-recording/data_sheets_historical/mangal all data sheet/INDIAN BANK/Statement Of Account - AUGUST 2025.xlsx
bank_7223534417_37,bank,front_office,2025-08-11,2025-08-11,12033.18,,,12033.18,YESBN12025081105530523,BANK_TRANSFER,,,,,meet-recording/data_sheets_historical/mangal all data sheet/INDIAN BANK/Statement Of Account - AUGUST 2025.xlsx
bank_7223534417_38,bank,front_office,2025-08-11,2025-08-11,-24740.61,,,-24740.61,SBIN,BANK_TRANSFER,,,,,meet-recording/data_sheets_historical/mangal all data sheet/INDIAN BANK/Statement Of Account - AUGUST 2025.xlsx
bank_7223534417_39,bank,front_office,2025-08-11,2025-08-11,1013.0,,,1013.0,CITIN52025081108062492,BANK_TRANSFER,,,,,meet-recording/data_sheets_historical/mangal all data sheet/INDIAN BANK/Statement Of Account - AUGUST 2025.xlsx
bank_7223534417_40,bank,front_office,2025-08-11,2025-08-11,15712.0,,,15712.0,HDFCN52025081109140248,BANK_TRANSFER,,,,,meet-recording/data_sheets_historical/mangal all data sheet/INDIAN BANK/Statement Of Account - AUGUST 2025.xlsx
bank_7223534417_41,bank,front_office,2025-08-12,2025-08-12,10243.0,,,10243.0,YESBN12025081202882541,BANK_TRANSFER,,,,,meet-recording/data_sheets_historical/mangal all data sheet/INDIAN BANK/Statement Of Account - AUGUST 2025.xlsx
bank_7223534417_42,bank,front_office,2025-08-12,2025-08-12,-20005.61,,,-20005.61,PUNB,BANK_TRANSFER,,,,,meet-recording/data_sheets_historical/mangal all data sheet/INDIAN BANK/Statement Of Account - AUGUST 2025.xlsx
bank_7223534417_43,bank,front_office,2025-08-12,2025-08-12,24106.71,,,24106.71,YESBN12025081205644233,BANK_TRANSFER,,,,,meet-recording/data_sheets_historical/mangal all data sheet/INDIAN BANK/Statement Of Account - AUGUST 2025.xlsx
bank_7223534417_44,bank,front_office,2025-08-12,2025-08-12,-53287.0,,,-53287.0,,,,,,,meet-recording/data_sheets_historical/mangal all data sheet/INDIAN BANK/Statement Of Account - AUGUST 2025.xlsx
bank_7223534417_45,bank,front_office,2025-08-12,2025-08-12,-68208.0,,,-68208.0,,,,,,,meet-recording/data_sheets_historical/mangal all data sheet/INDIAN BANK/Statement Of Account - AUGUST 2025.xlsx
bank_7223534417_46,bank,front_office,2025-08-12,2025-08-12,-10710.0,,,-10710.0,,,,,,,meet-recording/data_sheets_historical/mangal all data sheet/INDIAN BANK/Statement Of Account - AUGUST 2025.xlsx
bank_7223534417_47,bank,front_office,2025-08-12,2025-08-12,-14912.0,,,-14912.0,,,,,,,meet-recording/data_sheets_historical/mangal all data sheet/INDIAN BANK/Statement Of Account - AUGUST 2025.xlsx
bank_7223534417_48,bank,front_office,2025-08-12,2025-08-12,4566.0,,,4566.0,HDFCN52025081211319894,BANK_TRANSFER,,,,,meet-recording/data_sheets_historical/mangal all data sheet/INDIAN BANK/Statement Of Account - AUGUST 2025.xlsx
bank_7223534417_49,bank,front_office,2025-08-13,2025-08-13,6198.0,,,6198.0,YESBN12025081302765016,BANK_TRANSFER,,,,,meet-recording/data_sheets_historical/mangal all data sheet/INDIAN BANK/Statement Of Account - AUGUST 2025.xlsx
bank_7223534417_50,bank,front_office,2025-08-13,2025-08-13,3662.65,,,3662.65,YESBN12025081305633286,BANK_TRANSFER,,,,,meet-recording/data_sheets_historical/mangal all data sheet/INDIAN BANK/Statement Of Account - AUGUST 2025.xlsx
bank_7223534417_51,bank,front_office,2025-08-13,2025-08-13,-56595.0,,,-56595.0,,,,,,,meet-recording/data_sheets_historical/mangal all data sheet/INDIAN BANK/Statement Of Account - AUGUST 2025.xlsx
bank_7223534417_52,bank,front_office,2025-08-13,2025-08-13,-27100.0,,,-27100.0,,,,,,,meet-recording/data_sheets_historical/mangal all data sheet/INDIAN BANK/Statement Of Account - AUGUST 2025.xlsx
bank_7223534417_53,bank,front_office,2025-08-13,2025-08-13,5935.0,,,5935.0,HDFCN52025081313747052,BANK_TRANSFER,,,,,meet-recording/data_sheets_historical/mangal all data sheet/INDIAN BANK/Statement Of Account - AUGUST 2025.xlsx
bank_7223534417_54,bank,front_office,2025-08-14,2025-08-14,9257.08,,,9257.08,YESBN12025081403634486,BANK_TRANSFER,,,,,meet-recording/data_sheets_historical/mangal all data sheet/INDIAN BANK/Statement Of Account - AUGUST 2025.xlsx
bank_7223534417_55,bank,front_office,2025-08-14,2025-08-14,66608.83,,,66608.83,YESBN12025081405791104,BANK_TRANSFER,,,,,meet-recording/data_sheets_historical/mangal all data sheet/INDIAN BANK/Statement Of Account - AUGUST 2025.xlsx
bank_7223534417_56,bank,front_office,2025-08-14,2025-08-14,-10008.0,,,-10008.0,,,,,,,meet-recording/data_sheets_historical/mangal all data sheet/INDIAN BANK/Statement Of Account - AUGUST 2025.xlsx
bank_7223534417_57,bank,front_office,2025-08-14,2025-08-14,-29700.0,,,-29700.0,,,,,,,meet-recording/data_sheets_historical/mangal all data sheet/INDIAN BANK/Statement Of Account - AUGUST 2025.xlsx
bank_7223534417_58,bank,front_office,2025-08-14,2025-08-14,-31870.0,,,-31870.0,,,,,,,meet-recording/data_sheets_historical/mangal all data sheet/INDIAN BANK/Statement Of Account - AUGUST 2025.xlsx
bank_7223534417_59,bank,front_office,2025-08-14,2025-08-14,-18146.0,,,-18146.0,,,,,,,meet-recording/data_sheets_historical/mangal all data sheet/INDIAN BANK/Statement Of Account - AUGUST 2025.xlsx
bank_7223534417_60,bank,front_office,2025-08-14,2025-08-14,-52707.0,,,-52707.0,,,,,,,meet-recording/data_sheets_historical/mangal all data sheet/INDIAN BANK/Statement Of Account - AUGUST 2025.xlsx
bank_7223534417_61,bank,front_office,2025-08-14,2025-08-14,-5108.0,,,-5108.0,,,,,,,meet-recording/data_sheets_historical/mangal all data sheet/INDIAN BANK/Statement Of Account - AUGUST 2025.xlsx
bank_7223534417_62,bank,front_office,2025-08-14,2025-08-14,12100.0,,,12100.0,HDFCN52025081415821613,BANK_TRANSFER,,,,,meet-recording/data_sheets_historical/mangal all data sheet/INDIAN BANK/Statement Of Account - AUGUST 2025.xlsx
bank_7223534417_63,bank,front_office,2025-08-15,2025-08-15,3799.85,,,3799.85,YESBN12025081406713970,BANK_TRANSFER,,,,,meet-recording/data_sheets_historical/mangal all data sheet/INDIAN BANK/Statement Of Account - AUGUST 2025.xlsx
bank_7223534417_64,bank,front_office,2025-08-15,2025-08-15,16079.61,,,16079.61,YESBN12025081502977741,BANK_TRANSFER,,,,,meet-recording/data_sheets_historical/mangal all data sheet/INDIAN BANK/Statement Of Account - AUGUST 2025.xlsx
bank_7223534417_65,bank,front_office,2025-08-15,2025-08-15,19351.31,,,19351.31,YESBN12025081505519856,BANK_TRANSFER,,,,,meet-recording/data_sheets_historical/mangal all data sheet/INDIAN BANK/Statement Of Account - AUGUST 2025.xlsx
bank_7223534417_66,bank,front_office,2025-08-16,2025-08-16,29289.27,,,29289.27,YESBN12025081602617589,BANK_TRANSFER,,,,,meet-recording/data_sheets_historical/mangal all data sheet/INDIAN BANK/Statement Of Account - AUGUST 2025.xlsx
bank_7223534417_67,bank,front_office,2025-08-16,2025-08-16,77584.38,,,77584.38,YESBN12025081605423479,BANK_TRANSFER,,,,,meet-recording/data_sheets_historical/mangal all data sheet/INDIAN BANK/Statement Of Account - AUGUST 2025.xlsx
bank_7223534417_68,bank,front_office,2025-08-16,2025-08-16,-30385.0,,,-30385.0,,,,,,,meet-recording/data_sheets_historical/mangal all data sheet/INDIAN BANK/Statement Of Account - AUGUST 2025.xlsx
bank_7223534417_69,bank,front_office,2025-08-16,2025-08-16,-19947.15,,,-19947.15,SCBL,BANK_TRANSFER,,,,,meet-recording/data_sheets_historical/mangal all data sheet/INDIAN BANK/Statement Of Account - AUGUST 2025.xlsx
bank_7223534417_70,bank,front_office,2025-08-16,2025-08-16,-82.43,,,-82.43,SCBL,BANK_TRANSFER,,,,,meet-recording/data_sheets_historical/mangal all data sheet/INDIAN BANK/Statement Of Account - AUGUST 2025.xlsx
bank_7223534417_71,bank,front_office,2025-08-17,2025-08-17,27481.75,,,27481.75,YESBN12025081702436318,BANK_TRANSFER,,,,,meet-recording/data_sheets_historical/mangal all data sheet/INDIAN BANK/Statement Of Account - AUGUST 2025.xlsx
bank_7223534417_72,bank,front_office,2025-08-17,2025-08-17,30405.37,,,30405.37,YESBN12025081705390194,BANK_TRANSFER,,,,,meet-recording/data_sheets_historical/mangal all data sheet/INDIAN BANK/Statement Of Account - AUGUST 2025.xlsx
bank_7223534417_73,bank,front_office,2025-08-18,2025-08-18,19808.0,,,19808.0,YESBN12025081802446263,BANK_TRANSFER,,,,,meet-recording/data_sheets_historical/mangal all data sheet/INDIAN BANK/Statement Of Account - AUGUST 2025.xlsx
bank_7223534417_74,bank,front_office,2025-08-18,2025-08-18,24391.5,,,24391.5,YESBN12025081805274290,BANK_TRANSFER,,,,,meet-recording/data_sheets_historical/mangal all data sheet/INDIAN BANK/Statement Of Account - AUGUST 2025.xlsx
bank_7223534417_75,bank,front_office,2025-08-18,2025-08-18,3858.05,,,3858.05,CITIN52025081810322494,BANK_TRANSFER,,,,,meet-recording/data_sheets_historical/mangal all data sheet/INDIAN BANK/Statement Of Account - AUGUST 2025.xlsx
bank_7223534417_76,bank,front_office,2025-08-19,2025-08-19,5161.0,,,5161.0,YESBN12025081903687370,BANK_TRANSFER,,,,,meet-recording/data_sheets_historical/mangal all data sheet/INDIAN BANK/Statement Of Account - AUGUST 2025.xlsx
bank_7223534417_77,bank,front_office,2025-08-19,2025-08-19,35991.0,,,35991.0,HDFCN52025081920229584,BANK_TRANSFER,,,,,meet-recording/data_sheets_historical/mangal all data sheet/INDIAN BANK/Statement Of Account - AUGUST 2025.xlsx
bank_7223534417_78,bank,front_office,2025-08-19,2025-08-19,57567.22,,,57567.22,YESBN12025081905385644,BANK_TRANSFER,,,,,meet-recording/data_sheets_historical/mangal all data sheet/INDIAN BANK/Statement Of Account - AUGUST 2025.xlsx
bank_7223534417_79,bank,front_office,2025-08-19,2025-08-19,-97067.0,,,-97067.0,,,,,,,meet-recording/data_sheets_historical/mangal all data sheet/INDIAN BANK/Statement Of Account - AUGUST 2025.xlsx
bank_7223534417_80,bank,front_office,2025-08-19,2025-08-19,-31734.0,,,-31734.0,,,,,,,meet-recording/data_sheets_historical/mangal all data sheet/INDIAN BANK/Statement Of Account - AUGUST 2025.xlsx
bank_7223534417_81,bank,front_office,2025-08-19,2025-08-19,-2240.0,,,-2240.0,,,,,,,meet-recording/data_sheets_historical/mangal all data sheet/INDIAN BANK/Statement Of Account - AUGUST 2025.xlsx
bank_7223534417_82,bank,front_office,2025-08-19,2025-08-19,3738.21,,,3738.21,YESBN12025081905600666,BANK_TRANSFER,,,,,meet-recording/data_sheets_historical/mangal all data sheet/INDIAN BANK/Statement Of Account - AUGUST 2025.xlsx
bank_7223534417_83,bank,front_office,2025-08-20,2025-08-20,3499.0,,,3499.0,YESBN12025082002665074,BANK_TRANSFER,,,,,meet-recording/data_sheets_historical/mangal all data sheet/INDIAN BANK/Statement Of Account - AUGUST 2025.xlsx
bank_7223534417_84,bank,front_office,2025-08-20,2025-08-20,7482.97,,,7482.97,YESBN12025082005402647,BANK_TRANSFER,,,,,meet-recording/data_sheets_historical/mangal all data sheet/INDIAN BANK/Statement Of Account - AUGUST 2025.xlsx
bank_7223534417_85,bank,front_office,2025-08-20,2025-08-20,-295894.0,,,-295894.0,IDIBR52025082047061587,BANK_TRANSFER,,,,,meet-recording/data_sheets_historical/mangal all data sheet/INDIAN BANK/Statement Of Account - AUGUST 2025.xlsx
bank_7223534417_86,bank,front_office,2025-08-20,2025-08-20,3401.57,,,3401.57,CITIN52025082011569462,BANK_TRANSFER,,,,,meet-recording/data_sheets_historical/mangal all data sheet/INDIAN BANK/Statement Of Account - AUGUST 2025.xlsx
bank_7223534417_87,bank,front_office,2025-08-21,2025-08-21,16057.0,,,16057.0,YESBN12025082101883274,BANK_TRANSFER,,,,,meet-recording/data_sheets_historical/mangal all data sheet/INDIAN BANK/Statement Of Account - AUGUST 2025.xlsx
bank_7223534417_88,bank,front_office,2025-08-21,2025-08-21,8187.0,,,8187.0,YESBN12025082105466919,BANK_TRANSFER,,,,,meet-recording/data_sheets_historical/mangal all data sheet/INDIAN BANK/Statement Of Account - AUGUST 2025.xlsx
bank_7223534417_89,bank,front_office,2025-08-21,2025-08-21,-222491.0,,,-222491.0,,,,,,,meet-recording/data_sheets_historical/mangal all data sheet/INDIAN BANK/Statement Of Account - AUGUST 2025.xlsx
bank_7223534417_90,bank,front_office,2025-08-21,2025-08-21,-38878.0,,,-38878.0,,,,,,,meet-recording/data_sheets_historical/mangal all data sheet/INDIAN BANK/Statement Of Account - AUGUST 2025.xlsx
bank_7223534417_91,bank,front_office,2025-08-21,2025-08-21,-3115.0,,,-3115.0,,,,,,,meet-recording/data_sheets_historical/mangal all data sheet/INDIAN BANK/Statement Of Account - AUGUST 2025.xlsx
bank_7223534417_92,bank,front_office,2025-08-21,2025-08-21,12355.0,,,12355.0,HDFCN52025082125103064,BANK_TRANSFER,,,,,meet-recording/data_sheets_historical/mangal all data sheet/INDIAN BANK/Statement Of Account - AUGUST 2025.xlsx
bank_7223534417_93,bank,front_office,2025-08-22,2025-08-22,8591.0,,,8591.0,YESBN12025082202358068,BANK_TRANSFER,,,,,meet-recording/data_sheets_historical/mangal all data sheet/INDIAN BANK/Statement Of Account - AUGUST 2025.xlsx
bank_7223534417_94,bank,front_office,2025-08-22,2025-08-22,12502.43,,,12502.43,YESBN12025082205586772,BANK_TRANSFER,,,,,meet-recording/data_sheets_historical/mangal all data sheet/INDIAN BANK/Statement Of Account - AUGUST 2025.xlsx
bank_7223534417_95,bank,front_office,2025-08-23,2025-08-23,6781.14,,,6781.14,YESBN12025082300551145,BANK_TRANSFER,,,,,meet-recording/data_sheets_historical/mangal all data sheet/INDIAN BANK/Statement Of Account - AUGUST 2025.xlsx
bank_7223534417_96,bank,front_office,2025-08-23,2025-08-23,44092.08,,,44092.08,YESBN12025082302935834,BANK_TRANSFER,,,,,meet-recording/data_sheets_historical/mangal all data sheet/INDIAN BANK/Statement Of Account - AUGUST 2025.xlsx
bank_7223534417_97,bank,front_office,2025-08-24,2025-08-24,9844.99,,,9844.99,YESBN12025082403578404,BANK_TRANSFER,,,,,meet-recording/data_sheets_historical/mangal all data sheet/INDIAN BANK/Statement Of Account - AUGUST 2025.xlsx
bank_7223534417_98,bank,front_office,2025-08-24,2025-08-24,38627.79,,,38627.79,YESBN12025082405566977,BANK_TRANSFER,,,,,meet-recording/data_sheets_historical/mangal all data sheet/INDIAN BANK/Statement Of Account - AUGUST 2025.xlsx
bank_7223534417_99,bank,front_office,2025-08-25,2025-08-25,3863.02,,,3863.02,YESBN12025082502680580,BANK_TRANSFER,,,,,meet-recording/data_sheets_historical/mangal all data sheet/INDIAN BANK/Statement Of Account - AUGUST 2025.xlsx
bank_7223534417_100,bank,front_office,2025-08-25,2025-08-25,22019.73,,,22019.73,YESBN12025082505488145,BANK_TRANSFER,,,,,meet-recording/data_sheets_historical/mangal all data sheet/INDIAN BANK/Statement Of Account - AUGUST 2025.xlsx
bank_7223534417_101,bank,front_office,2025-08-25,2025-08-25,4119.76,,,4119.76,CITIN52025082513127113,BANK_TRANSFER,,,,,meet-recording/data_sheets_historical/mangal all data sheet/INDIAN BANK/Statement Of Account - AUGUST 2025.xlsx
bank_7223534417_102,bank,front_office,2025-08-25,2025-08-25,14923.0,,,14923.0,HDFCN52025082530825517,BANK_TRANSFER,,,,,meet-recording/data_sheets_historical/mangal all data sheet/INDIAN BANK/Statement Of Account - AUGUST 2025.xlsx
bank_7223534417_103,bank,front_office,2025-08-26,2025-08-26,4981.0,,,4981.0,YESBN12025082603292371,BANK_TRANSFER,,,,,meet-recording/data_sheets_historical/mangal all data sheet/INDIAN BANK/Statement Of Account - AUGUST 2025.xlsx
bank_7223534417_104,bank,front_office,2025-08-26,2025-08-26,32112.12,,,32112.12,YESBN12025082605531111,BANK_TRANSFER,,,,,meet-recording/data_sheets_historical/mangal all data sheet/INDIAN BANK/Statement Of Account - AUGUST 2025.xlsx
bank_7223534417_105,bank,front_office,2025-08-26,2025-08-26,4474.04,,,4474.04,YESBN12025082605889827,BANK_TRANSFER,,,,,meet-recording/data_sheets_historical/mangal all data sheet/INDIAN BANK/Statement Of Account - AUGUST 2025.xlsx
bank_7223534417_106,bank,front_office,2025-08-26,2025-08-26,7077.0,,,7077.0,HDFCN52025082632638528,BANK_TRANSFER,,,,,meet-recording/data_sheets_historical/mangal all data sheet/INDIAN BANK/Statement Of Account - AUGUST 2025.xlsx
bank_7223534417_107,bank,front_office,2025-08-27,2025-08-27,3264.0,,,3264.0,YESBN12025082705008210,BANK_TRANSFER,,,,,meet-recording/data_sheets_historical/mangal all data sheet/INDIAN BANK/Statement Of Account - AUGUST 2025.xlsx
bank_7223534417_108,bank,front_office,2025-08-27,2025-08-27,14066.36,,,14066.36,YESBN12025082705588466,BANK_TRANSFER,,,,,meet-recording/data_sheets_historical/mangal all data sheet/INDIAN BANK/Statement Of Account - AUGUST 2025.xlsx
bank_7223534417_109,bank,front_office,2025-08-27,2025-08-27,1504.11,,,1504.11,CITIN52025082714593760,BANK_TRANSFER,,,,,meet-recording/data_sheets_historical/mangal all data sheet/INDIAN BANK/Statement Of Account - AUGUST 2025.xlsx
bank_7223534417_110,bank,front_office,2025-08-27,2025-08-27,8834.0,,,8834.0,HDFCN52025082733719432,BANK_TRANSFER,,,,,meet-recording/data_sheets_historical/mangal all data sheet/INDIAN BANK/Statement Of Account - AUGUST 2025.xlsx
bank_7223534417_111,bank,front_office,2025-08-28,2025-08-28,5794.0,,,5794.0,YESBN12025082803870857,BANK_TRANSFER,,,,,meet-recording/data_sheets_historical/mangal all data sheet/INDIAN BANK/Statement Of Account - AUGUST 2025.xlsx
bank_7223534417_112,bank,front_office,2025-08-28,2025-08-28,18243.07,,,18243.07,YESBN12025082805307171,BANK_TRANSFER,,,,,meet-recording/data_sheets_historical/mangal all data sheet/INDIAN BANK/Statement Of Account - AUGUST 2025.xlsx
bank_7223534417_113,bank,front_office,2025-08-28,2025-08-28,-162266.41,,,-162266.41,IDFB,BANK_TRANSFER,,,,,meet-recording/data_sheets_historical/mangal all data sheet/INDIAN BANK/Statement Of Account - AUGUST 2025.xlsx
bank_7223534417_114,bank,front_office,2025-08-28,2025-08-28,7419.0,,,7419.0,HDFCN52025082835552188,BANK_TRANSFER,,,,,meet-recording/data_sheets_historical/mangal all data sheet/INDIAN BANK/Statement Of Account - AUGUST 2025.xlsx
bank_7223534417_115,bank,front_office,2025-08-29,2025-08-29,6746.53,,,6746.53,YESBN12025082902202419,BANK_TRANSFER,,,,,meet-recording/data_sheets_historical/mangal all data sheet/INDIAN BANK/Statement Of Account - AUGUST 2025.xlsx
bank_7223534417_116,bank,front_office,2025-08-29,2025-08-29,29668.53,,,29668.53,YESBN12025082905369355,BANK_TRANSFER,,,,,meet-recording/data_sheets_historical/mangal all data sheet/INDIAN BANK/Statement Of Account - AUGUST 2025.xlsx
bank_7223534417_117,bank,front_office,2025-08-29,2025-08-29,3044.33,,,3044.33,YESBN12025082905610213,BANK_TRANSFER,,,,,meet-recording/data_sheets_historical/mangal all data sheet/INDIAN BANK/Statement Of Account - AUGUST 2025.xlsx
bank_7223534417_118,bank,front_office,2025-08-29,2025-08-29,2055.0,,,2055.0,HDFCN52025082938171004,BANK_TRANSFER,,,,,meet-recording/data_sheets_historical/mangal all data sheet/INDIAN BANK/Statement Of Account - AUGUST 2025.xlsx
bank_7223534417_119,bank,front_office,2025-08-30,2025-08-30,6961.24,,,6961.24,YESBN12025083002724936,BANK_TRANSFER,,,,,meet-recording/data_sheets_historical/mangal all data sheet/INDIAN BANK/Statement Of Account - AUGUST 2025.xlsx
bank_7223534417_120,bank,front_office,2025-08-30,2025-08-30,56976.73,,,56976.73,YESBN12025083005442971,BANK_TRANSFER,,,,,meet-recording/data_sheets_historical/mangal all data sheet/INDIAN BANK/Statement Of Account - AUGUST 2025.xlsx
bank_7223534417_121,bank,front_office,2025-08-30,2025-08-30,-47205.0,,,-47205.0,,,,,,,meet-recording/data_sheets_historical/mangal all data sheet/INDIAN BANK/Statement Of Account - AUGUST 2025.xlsx
bank_7223534417_122,bank,front_office,2025-08-31,2025-08-31,10300.17,,,10300.17,YESBN12025083102476229,BANK_TRANSFER,,,,,meet-recording/data_sheets_historical/mangal all data sheet/INDIAN BANK/Statement Of Account - AUGUST 2025.xlsx
bank_7223534417_123,bank,front_office,2025-08-31,2025-08-31,12852.0,,,12852.0,YESBN12025083105257066,BANK_TRANSFER,,,,,meet-recording/data_sheets_historical/mangal all data sheet/INDIAN BANK/Statement Of Account - AUGUST 2025.xlsx
bank_7223534417_1,bank,front_office,2026-02-01,2026-02-01,11468.42,,,11468.42,YESBN12026020105222942,BANK_TRANSFER,,,,,meet-recording/data_sheets_historical/mangal all data sheet/INDIAN BANK/Statement Of Account - FEBRUARY 2026.xlsx
bank_7223534417_2,bank,front_office,2026-02-01,2026-02-01,-500000.0,,,-500000.0,,,,,,,meet-recording/data_sheets_historical/mangal all data sheet/INDIAN BANK/Statement Of Account - FEBRUARY 2026.xlsx
bank_7223534417_3,bank,front_office,2026-02-02,2026-02-02,7072.0,,,7072.0,YESBN12026020201367608,BANK_TRANSFER,,,,,meet-recording/data_sheets_historical/mangal all data sheet/INDIAN BANK/Statement Of Account - FEBRUARY 2026.xlsx
bank_7223534417_4,bank,front_office,2026-02-02,2026-02-02,86474.96,,,86474.96,BOFAN52026020217032556,BANK_TRANSFER,,,,,meet-recording/data_sheets_historical/mangal all data sheet/INDIAN BANK/Statement Of Account - FEBRUARY 2026.xlsx
bank_7223534417_5,bank,front_office,2026-02-03,2026-02-03,60369.0,,,60369.0,YESBN12026020301732583,BANK_TRANSFER,,,,,meet-recording/data_sheets_historical/mangal all data sheet/INDIAN BANK/Statement Of Account - FEBRUARY 2026.xlsx
bank_7223534417_6,bank,front_office,2026-02-04,2026-02-04,8676.0,,,8676.0,YESBN12026020405098610,BANK_TRANSFER,,,,,meet-recording/data_sheets_historical/mangal all data sheet/INDIAN BANK/Statement Of Account - FEBRUARY 2026.xlsx
bank_7223534417_7,bank,front_office,2026-02-04,2026-02-04,-500000.0,,,-500000.0,,,,,,,meet-recording/data_sheets_historical/mangal all data sheet/INDIAN BANK/Statement Of Account - FEBRUARY 2026.xlsx
bank_7223534417_8,bank,front_office,2026-02-05,2026-02-05,3693.78,,,3693.78,YESBN12026020505137136,BANK_TRANSFER,,,,,meet-recording/data_sheets_historical/mangal all data sheet/INDIAN BANK/Statement Of Account - FEBRUARY 2026.xlsx
bank_7223534417_9,bank,front_office,2026-02-06,2026-02-06,5294.98,,,5294.98,YESBN12026020604960868,BANK_TRANSFER,,,,,meet-recording/data_sheets_historical/mangal all data sheet/INDIAN BANK/Statement Of Account - FEBRUARY 2026.xlsx
bank_7223534417_10,bank,front_office,2026-02-06,2026-02-06,2476.0,,,2476.0,HDFCN52026020667365673,BANK_TRANSFER,,,,,meet-recording/data_sheets_historical/mangal all data sheet/INDIAN BANK/Statement Of Account - FEBRUARY 2026.xlsx
bank_7223534417_11,bank,front_office,2026-02-07,2026-02-07,18362.56,,,18362.56,YESBN12026020705032031,BANK_TRANSFER,,,,,meet-recording/data_sheets_historical/mangal all data sheet/INDIAN BANK/Statement Of Account - FEBRUARY 2026.xlsx
bank_7223534417_12,bank,front_office,2026-02-08,2026-02-08,22499.08,,,22499.08,YESBN12026020805478532,BANK_TRANSFER,,,,,meet-recording/data_sheets_historical/mangal all data sheet/INDIAN BANK/Statement Of Account - FEBRUARY 2026.xlsx
bank_7223534417_13,bank,front_office,2026-02-09,2026-02-09,7007.0,,,7007.0,YESBN12026020904968107,BANK_TRANSFER,,,,,meet-recording/data_sheets_historical/mangal all data sheet/INDIAN BANK/Statement Of Account - FEBRUARY 2026.xlsx
bank_7223534417_14,bank,front_office,2026-02-10,2026-02-10,-70000.0,,,-70000.0,,,,,,,meet-recording/data_sheets_historical/mangal all data sheet/INDIAN BANK/Statement Of Account - FEBRUARY 2026.xlsx
bank_7223534417_15,bank,front_office,2026-02-10,2026-02-10,-13000.0,,,-13000.0,,,,,,,meet-recording/data_sheets_historical/mangal all data sheet/INDIAN BANK/Statement Of Account - FEBRUARY 2026.xlsx
bank_7223534417_16,bank,front_office,2026-02-10,2026-02-10,-24000.0,,,-24000.0,,,,,,,meet-recording/data_sheets_historical/mangal all data sheet/INDIAN BANK/Statement Of Account - FEBRUARY 2026.xlsx
bank_7223534417_17,bank,front_office,2026-02-10,2026-02-10,-14734.0,,,-14734.0,,,,,,,meet-recording/data_sheets_historical/mangal all data sheet/INDIAN BANK/Statement Of Account - FEBRUARY 2026.xlsx
bank_7223534417_18,bank,front_office,2026-02-10,2026-02-10,-12000.0,,,-12000.0,,,,,,,meet-recording/data_sheets_historical/mangal all data sheet/INDIAN BANK/Statement Of Account - FEBRUARY 2026.xlsx
bank_7223534417_19,bank,front_office,2026-02-10,2026-02-10,-12194.0,,,-12194.0,,,,,,,meet-recording/data_sheets_historical/mangal all data sheet/INDIAN BANK/Statement Of Account - FEBRUARY 2026.xlsx
bank_7223534417_20,bank,front_office,2026-02-10,2026-02-10,-10468.0,,,-10468.0,,,,,,,meet-recording/data_sheets_historical/mangal all data sheet/INDIAN BANK/Statement Of Account - FEBRUARY 2026.xlsx
bank_7223534417_21,bank,front_office,2026-02-10,2026-02-10,-12000.0,,,-12000.0,,,,,,,meet-recording/data_sheets_historical/mangal all data sheet/INDIAN BANK/Statement Of Account - FEBRUARY 2026.xlsx
bank_7223534417_22,bank,front_office,2026-02-10,2026-02-10,-10839.0,,,-10839.0,,,,,,,meet-recording/data_sheets_historical/mangal all data sheet/INDIAN BANK/Statement Of Account - FEBRUARY 2026.xlsx
bank_7223534417_23,bank,front_office,2026-02-10,2026-02-10,-12387.0,,,-12387.0,,,,,,,meet-recording/data_sheets_historical/mangal all data sheet/INDIAN BANK/Statement Of Account - FEBRUARY 2026.xlsx
bank_7223534417_24,bank,front_office,2026-02-10,2026-02-10,-11613.0,,,-11613.0,,,,,,,meet-recording/data_sheets_historical/mangal all data sheet/INDIAN BANK/Statement Of Account - FEBRUARY 2026.xlsx
bank_7223534417_25,bank,front_office,2026-02-10,2026-02-10,22915.5,,,22915.5,YESBN12026021005043998,BANK_TRANSFER,,,,,meet-recording/data_sheets_historical/mangal all data sheet/INDIAN BANK/Statement Of Account - FEBRUARY 2026.xlsx
bank_7223534417_26,bank,front_office,2026-02-10,2026-02-10,-16553.61,,,-16553.61,IDIBN52026021029198150,BANK_TRANSFER,,,,,meet-recording/data_sheets_historical/mangal all data sheet/INDIAN BANK/Statement Of Account - FEBRUARY 2026.xlsx
bank_7223534417_27,bank,front_office,2026-02-10,2026-02-10,-76474.0,,,-76474.0,,,,,,,meet-recording/data_sheets_historical/mangal all data sheet/INDIAN BANK/Statement Of Account - FEBRUARY 2026.xlsx
bank_7223534417_28,bank,front_office,2026-02-10,2026-02-10,15362.0,,,15362.0,HDFCN52026021077175710,BANK_TRANSFER,,,,,meet-recording/data_sheets_historical/mangal all data sheet/INDIAN BANK/Statement Of Account - FEBRUARY 2026.xlsx
bank_7223534417_29,bank,front_office,2026-02-11,2026-02-11,62646.96,,,62646.96,HSBCN52026021118618780,BANK_TRANSFER,,,,,meet-recording/data_sheets_historical/mangal all data sheet/INDIAN BANK/Statement Of Account - FEBRUARY 2026.xlsx
bank_7223534417_30,bank,front_office,2026-02-11,2026-02-11,1115771.58,,,1115771.58,HSBCN52026021118624588,BANK_TRANSFER,,,,,meet-recording/data_sheets_historical/mangal all data sheet/INDIAN BANK/Statement Of Account - FEBRUARY 2026.xlsx
bank_7223534417_31,bank,front_office,2026-02-11,2026-02-11,21870.98,,,21870.98,YESBN12026021105079803,BANK_TRANSFER,,,,,meet-recording/data_sheets_historical/mangal all data sheet/INDIAN BANK/Statement Of Account - FEBRUARY 2026.xlsx
bank_7223534417_32,bank,front_office,2026-02-11,2026-02-11,-200017.41,,,-200017.41,IDIBN52026021129360334,BANK_TRANSFER,,,,,meet-recording/data_sheets_historical/mangal all data sheet/INDIAN BANK/Statement Of Account - FEBRUARY 2026.xlsx
bank_7223534417_33,bank,front_office,2026-02-11,2026-02-11,-153184.41,,,-153184.41,IDIBN52026021129365164,BANK_TRANSFER,,,,,meet-recording/data_sheets_historical/mangal all data sheet/INDIAN BANK/Statement Of Account - FEBRUARY 2026.xlsx
bank_7223534417_34,bank,front_office,2026-02-11,2026-02-11,-295.0,,,-295.0,,,,,,,meet-recording/data_sheets_historical/mangal all data sheet/INDIAN BANK/Statement Of Account - FEBRUARY 2026.xlsx
bank_7223534417_35,bank,front_office,2026-02-11,2026-02-11,-295.0,,,-295.0,,,,,,,meet-recording/data_sheets_historical/mangal all data sheet/INDIAN BANK/Statement Of Account - FEBRUARY 2026.xlsx
bank_7223534417_36,bank,front_office,2026-02-11,2026-02-11,-29700.0,,,-29700.0,,,,,,,meet-recording/data_sheets_historical/mangal all data sheet/INDIAN BANK/Statement Of Account - FEBRUARY 2026.xlsx
bank_7223534417_37,bank,front_office,2026-02-12,2026-02-12,-500000.0,,,-500000.0,,,,,,,meet-recording/data_sheets_historical/mangal all data sheet/INDIAN BANK/Statement Of Account - FEBRUARY 2026.xlsx
bank_7223534417_38,bank,front_office,2026-02-12,2026-02-12,-6389.66,,,-6389.66,IDIBN52026021229488144,BANK_TRANSFER,,,,,meet-recording/data_sheets_historical/mangal all data sheet/INDIAN BANK/Statement Of Account - FEBRUARY 2026.xlsx
bank_7223534417_39,bank,front_office,2026-02-13,2026-02-13,5346.97,,,5346.97,YESBN12026021305011340,BANK_TRANSFER,,,,,meet-recording/data_sheets_historical/mangal all data sheet/INDIAN BANK/Statement Of Account - FEBRUARY 2026.xlsx
bank_7223534417_40,bank,front_office,2026-02-13,2026-02-13,-21682.0,,,-21682.0,,,,,,,meet-recording/data_sheets_historical/mangal all data sheet/INDIAN BANK/Statement Of Account - FEBRUARY 2026.xlsx
bank_7223534417_41,bank,front_office,2026-02-15,2026-02-15,136402.87,,,136402.87,YESBN12026021505305416,BANK_TRANSFER,,,,,meet-recording/data_sheets_historical/mangal all data sheet/INDIAN BANK/Statement Of Account - FEBRUARY 2026.xlsx
bank_7223534417_42,bank,front_office,2026-02-15,2026-02-15,-5566.66,,,-5566.66,IDIBN52026021529853583,BANK_TRANSFER,,,,,meet-recording/data_sheets_historical/mangal all data sheet/INDIAN BANK/Statement Of Account - FEBRUARY 2026.xlsx
bank_7223534417_43,bank,front_office,2026-02-17,2026-02-17,16170.54,,,16170.54,YESBN12026021704989262,BANK_TRANSFER,,,,,meet-recording/data_sheets_historical/mangal all data sheet/INDIAN BANK/Statement Of Account - FEBRUARY 2026.xlsx
bank_7223534417_44,bank,front_office,2026-02-17,2026-02-17,-8827.0,,,-8827.0,,,,,,,meet-recording/data_sheets_historical/mangal all data sheet/INDIAN BANK/Statement Of Account - FEBRUARY 2026.xlsx
bank_7223534417_45,bank,front_office,2026-02-17,2026-02-17,-24000.0,,,-24000.0,,,,,,,meet-recording/data_sheets_historical/mangal all data sheet/INDIAN BANK/Statement Of Account - FEBRUARY 2026.xlsx
bank_7223534417_46,bank,front_office,2026-02-17,2026-02-17,8881.6,,,8881.6,HDFCN52026021790724096,BANK_TRANSFER,,,,,meet-recording/data_sheets_historical/mangal all data sheet/INDIAN BANK/Statement Of Account - FEBRUARY 2026.xlsx
bank_7223534417_47,bank,front_office,2026-02-18,2026-02-18,-8043.0,,,-8043.0,,,,,,,meet-recording/data_sheets_historical/mangal all data sheet/INDIAN BANK/Statement Of Account - FEBRUARY 2026.xlsx
bank_7223534417_48,bank,front_office,2026-02-18,2026-02-18,-8287.0,,,-8287.0,,,,,,,meet-recording/data_sheets_historical/mangal all data sheet/INDIAN BANK/Statement Of Account - FEBRUARY 2026.xlsx
bank_7223534417_49,bank,front_office,2026-02-18,2026-02-18,7090.0,,,7090.0,HDFCN52026021892629265,BANK_TRANSFER,,,,,meet-recording/data_sheets_historical/mangal all data sheet/INDIAN BANK/Statement Of Account - FEBRUARY 2026.xlsx
bank_7223534417_50,bank,front_office,2026-02-19,2026-02-19,33798.86,,,33798.86,YESBN12026021901716326,BANK_TRANSFER,,,,,meet-recording/data_sheets_historical/mangal all data sheet/INDIAN BANK/Statement Of Account - FEBRUARY 2026.xlsx
bank_7223534417_51,bank,front_office,2026-02-19,2026-02-19,57660.72,,,57660.72,HSBCN52026021920550016,BANK_TRANSFER,,,,,meet-recording/data_sheets_historical/mangal all data sheet/INDIAN BANK/Statement Of Account - FEBRUARY 2026.xlsx
bank_7223534417_52,bank,front_office,2026-02-19,2026-02-19,630617.67,,,630617.67,HSBCN52026021920561351,BANK_TRANSFER,,,,,meet-recording/data_sheets_historical/mangal all data sheet/INDIAN BANK/Statement Of Account - FEBRUARY 2026.xlsx
bank_7223534417_53,bank,front_office,2026-02-19,2026-02-19,27023.87,,,27023.87,YESBN12026021904797571,BANK_TRANSFER,,,,,meet-recording/data_sheets_historical/mangal all data sheet/INDIAN BANK/Statement Of Account - FEBRUARY 2026.xlsx
bank_7223534417_54,bank,front_office,2026-02-19,2026-02-19,-2800.0,,,-2800.0,,,,,,,meet-recording/data_sheets_historical/mangal all data sheet/INDIAN BANK/Statement Of Account - FEBRUARY 2026.xlsx
bank_7223534417_55,bank,front_office,2026-02-19,2026-02-19,2800.0,,,2800.0,,,,,,,meet-recording/data_sheets_historical/mangal all data sheet/INDIAN BANK/Statement Of Account - FEBRUARY 2026.xlsx
bank_7223534417_56,bank,front_office,2026-02-20,2026-02-20,59440.72,,,59440.72,YESBN12026022002805842,BANK_TRANSFER,,,,,meet-recording/data_sheets_historical/mangal all data sheet/INDIAN BANK/Statement Of Account - FEBRUARY 2026.xlsx
bank_7223534417_57,bank,front_office,2026-02-20,2026-02-20,-500000.0,,,-500000.0,,,,,,,meet-recording/data_sheets_historical/mangal all data sheet/INDIAN BANK/Statement Of Account - FEBRUARY 2026.xlsx
bank_7223534417_58,bank,front_office,2026-02-20,2026-02-20,982.0,,,982.0,YESBN12026022005006760,BANK_TRANSFER,,,,,meet-recording/data_sheets_historical/mangal all data sheet/INDIAN BANK/Statement Of Account - FEBRUARY 2026.xlsx
bank_7223534417_59,bank,front_office,2026-02-21,2026-02-21,11323.0,,,11323.0,YESBN12026022105015517,BANK_TRANSFER,,,,,meet-recording/data_sheets_historical/mangal all data sheet/INDIAN BANK/Statement Of Account - FEBRUARY 2026.xlsx
bank_7223534417_60,bank,front_office,2026-02-22,2026-02-22,4377.28,,,4377.28,YESBN12026022202579166,BANK_TRANSFER,,,,,meet-recording/data_sheets_historical/mangal all data sheet/INDIAN BANK/Statement Of Account - FEBRUARY 2026.xlsx
bank_7223534417_61,bank,front_office,2026-02-22,2026-02-22,5901.1,,,5901.1,YESBN12026022204982764,BANK_TRANSFER,,,,,meet-recording/data_sheets_historical/mangal all data sheet/INDIAN BANK/Statement Of Account - FEBRUARY 2026.xlsx
bank_7223534417_62,bank,front_office,2026-02-23,2026-02-23,491.55,,,491.55,UTIBN62026022363049060,BANK_TRANSFER,,,,,meet-recording/data_sheets_historical/mangal all data sheet/INDIAN BANK/Statement Of Account - FEBRUARY 2026.xlsx
bank_7223534417_63,bank,front_office,2026-02-24,2026-02-24,3750.0,,,3750.0,YESBN12026022405100745,BANK_TRANSFER,,,,,meet-recording/data_sheets_historical/mangal all data sheet/INDIAN BANK/Statement Of Account - FEBRUARY 2026.xlsx
bank_7223534417_64,bank,front_office,2026-02-24,2026-02-24,-254029.0,,,-254029.0,IDIBR52026022400616426,BANK_TRANSFER,,,,,meet-recording/data_sheets_historical/mangal all data sheet/INDIAN BANK/Statement Of Account - FEBRUARY 2026.xlsx
bank_7223534417_65,bank,front_office,2026-02-25,2026-02-25,5754.0,,,5754.0,HDFCN52026022503696261,BANK_TRANSFER,,,,,meet-recording/data_sheets_historical/mangal all data sheet/INDIAN BANK/Statement Of Account - FEBRUARY 2026.xlsx
bank_7223534417_66,bank,front_office,2026-02-26,2026-02-26,3500.0,,,3500.0,YESBN12026022603224242,BANK_TRANSFER,,,,,meet-recording/data_sheets_historical/mangal all data sheet/INDIAN BANK/Statement Of Account - FEBRUARY 2026.xlsx
bank_7223534417_67,bank,front_office,2026-02-26,2026-02-26,41730.25,,,41730.25,YESBN12026022605490764,BANK_TRANSFER,,,,,meet-recording/data_sheets_historical/mangal all data sheet/INDIAN BANK/Statement Of Account - FEBRUARY 2026.xlsx
bank_7223534417_68,bank,front_office,2026-02-26,2026-02-26,95764.0,,,95764.0,RBISN62026022683088360,BANK_TRANSFER,,,,,meet-recording/data_sheets_historical/mangal all data sheet/INDIAN BANK/Statement Of Account - FEBRUARY 2026.xlsx
bank_7223534417_69,bank,front_office,2026-02-26,2026-02-26,-100000.0,,,-100000.0,,,,,,,meet-recording/data_sheets_historical/mangal all data sheet/INDIAN BANK/Statement Of Account - FEBRUARY 2026.xlsx
bank_7223534417_70,bank,front_office,2026-02-26,2026-02-26,8319.0,,,8319.0,HDFCN52026022605828300,BANK_TRANSFER,,,,,meet-recording/data_sheets_historical/mangal all data sheet/INDIAN BANK/Statement Of Account - FEBRUARY 2026.xlsx
bank_7223534417_71,bank,front_office,2026-02-27,2026-02-27,1000.0,,,1000.0,YESBN12026022702534129,BANK_TRANSFER,,,,,meet-recording/data_sheets_historical/mangal all data sheet/INDIAN BANK/Statement Of Account - FEBRUARY 2026.xlsx
bank_7223534417_72,bank,front_office,2026-02-27,2026-02-27,3214.0,,,3214.0,HDFCN52026022710041021,BANK_TRANSFER,,,,,meet-recording/data_sheets_historical/mangal all data sheet/INDIAN BANK/Statement Of Account - FEBRUARY 2026.xlsx
bank_7223534417_73,bank,front_office,2026-02-28,2026-02-28,3968.14,,,3968.14,YESBN12026022802831583,BANK_TRANSFER,,,,,meet-recording/data_sheets_historical/mangal all data sheet/INDIAN BANK/Statement Of Account - FEBRUARY 2026.xlsx
bank_7223534417_74,bank,front_office,2026-02-28,2026-02-28,21409.56,,,21409.56,YESBN12026022805084510,BANK_TRANSFER,,,,,meet-recording/data_sheets_historical/mangal all data sheet/INDIAN BANK/Statement Of Account - FEBRUARY 2026.xlsx
bank_7223534417_1,bank,front_office,2026-01-01,2026-01-01,7500.0,,,7500.0,YESBN12026010104978249,BANK_TRANSFER,,,,,meet-recording/data_sheets_historical/mangal all data sheet/INDIAN BANK/Statement Of Account - JANUARY 2026.xlsx
bank_7223534417_2,bank,front_office,2026-01-01,2026-01-01,-9226.0,,,-9226.0,,,,,,,meet-recording/data_sheets_historical/mangal all data sheet/INDIAN BANK/Statement Of Account - JANUARY 2026.xlsx
bank_7223534417_3,bank,front_office,2026-01-02,2026-01-02,17234.5,,,17234.5,YESBN12026010204935383,BANK_TRANSFER,,,,,meet-recording/data_sheets_historical/mangal all data sheet/INDIAN BANK/Statement Of Account - JANUARY 2026.xlsx
bank_7223534417_4,bank,front_office,2026-01-03,2026-01-03,33156.64,,,33156.64,YESBN12026010307685961,BANK_TRANSFER,,,,,meet-recording/data_sheets_historical/mangal all data sheet/INDIAN BANK/Statement Of Account - JANUARY 2026.xlsx
bank_7223534417_5,bank,front_office,2026-01-03,2026-01-03,-29870.0,,,-29870.0,,,,,,,meet-recording/data_sheets_historical/mangal all data sheet/INDIAN BANK/Statement Of Account - JANUARY 2026.xlsx
bank_7223534417_6,bank,front_office,2026-01-04,2026-01-04,-250000.0,,,-250000.0,,,,,,,meet-recording/data_sheets_historical/mangal all data sheet/INDIAN BANK/Statement Of Account - JANUARY 2026.xlsx
bank_7223534417_7,bank,front_office,2026-01-05,2026-01-05,19012.93,,,19012.93,YESBN12026010505179873,BANK_TRANSFER,,,,,meet-recording/data_sheets_historical/mangal all data sheet/INDIAN BANK/Statement Of Account - JANUARY 2026.xlsx
bank_7223534417_8,bank,front_office,2026-01-05,2026-01-05,6831.0,,,6831.0,HDFCN52026010500107145,BANK_TRANSFER,,,,,meet-recording/data_sheets_historical/mangal all data sheet/INDIAN BANK/Statement Of Account - JANUARY 2026.xlsx
bank_7223534417_9,bank,front_office,2026-01-06,2026-01-06,-1575.0,,,-1575.0,,,,,,,meet-recording/data_sheets_historical/mangal all data sheet/INDIAN BANK/Statement Of Account - JANUARY 2026.xlsx
bank_7223534417_10,bank,front_office,2026-01-06,2026-01-06,25801.49,,,25801.49,YESBN12026010605070931,BANK_TRANSFER,,,,,meet-recording/data_sheets_historical/mangal all data sheet/INDIAN BANK/Statement Of Account - JANUARY 2026.xlsx
bank_7223534417_11,bank,front_office,2026-01-06,2026-01-06,8508.0,,,8508.0,HDFCN52026010603003175,BANK_TRANSFER,,,,,meet-recording/data_sheets_historical/mangal all data sheet/INDIAN BANK/Statement Of Account - JANUARY 2026.xlsx
bank_7223534417_12,bank,front_office,2026-01-07,2026-01-07,2765804.11,,,2765804.11,HSBCN52026010708097367,BANK_TRANSFER,,,,,meet-recording/data_sheets_historical/mangal all data sheet/INDIAN BANK/Statement Of Account - JANUARY 2026.xlsx
bank_7223534417_13,bank,front_office,2026-01-07,2026-01-07,43781.09,,,43781.09,YESBN12026010705362526,BANK_TRANSFER,,,,,meet-recording/data_sheets_historical/mangal all data sheet/INDIAN BANK/Statement Of Account - JANUARY 2026.xlsx
bank_7223534417_14,bank,front_office,2026-01-07,2026-01-07,306730.01,,,306730.01,HSBCN52026010708157858,BANK_TRANSFER,,,,,meet-recording/data_sheets_historical/mangal all data sheet/INDIAN BANK/Statement Of Account - JANUARY 2026.xlsx
bank_7223534417_15,bank,front_office,2026-01-08,2026-01-08,-1000000.0,,,-1000000.0,,,,,,,meet-recording/data_sheets_historical/mangal all data sheet/INDIAN BANK/Statement Of Account - JANUARY 2026.xlsx
bank_7223534417_16,bank,front_office,2026-01-08,2026-01-08,17742.07,,,17742.07,YESBN12026010805138419,BANK_TRANSFER,,,,,meet-recording/data_sheets_historical/mangal all data sheet/INDIAN BANK/Statement Of Account - JANUARY 2026.xlsx
bank_7223534417_17,bank,front_office,2026-01-08,2026-01-08,-500000.0,,,-500000.0,,,,,,,meet-recording/data_sheets_historical/mangal all data sheet/INDIAN BANK/Statement Of Account - JANUARY 2026.xlsx
bank_7223534417_18,bank,front_office,2026-01-08,2026-01-08,10399.0,,,10399.0,HDFCN52026010810585724,BANK_TRANSFER,,,,,meet-recording/data_sheets_historical/mangal all data sheet/INDIAN BANK/Statement Of Account - JANUARY 2026.xlsx
bank_7223534417_19,bank,front_office,2026-01-09,2026-01-09,-700000.0,,,-700000.0,,,,,,,meet-recording/data_sheets_historical/mangal all data sheet/INDIAN BANK/Statement Of Account - JANUARY 2026.xlsx
bank_7223534417_20,bank,front_office,2026-01-09,2026-01-09,800.0,,,800.0,YESBN12026010905199739,BANK_TRANSFER,,,,,meet-recording/data_sheets_historical/mangal all data sheet/INDIAN BANK/Statement Of Account - JANUARY 2026.xlsx
bank_7223534417_21,bank,front_office,2026-01-09,2026-01-09,6283.26,,,6283.26,HDFCN52026010913012329,BANK_TRANSFER,,,,,meet-recording/data_sheets_historical/mangal all data sheet/INDIAN BANK/Statement Of Account - JANUARY 2026.xlsx
bank_7223534417_22,bank,front_office,2026-01-10,2026-01-10,-70000.0,,,-70000.0,,,,,,,meet-recording/data_sheets_historical/mangal all data sheet/INDIAN BANK/Statement Of Account - JANUARY 2026.xlsx
bank_7223534417_23,bank,front_office,2026-01-10,2026-01-10,-24000.0,,,-24000.0,,,,,,,meet-recording/data_sheets_historical/mangal all data sheet/INDIAN BANK/Statement Of Account - JANUARY 2026.xlsx
bank_7223534417_24,bank,front_office,2026-01-10,2026-01-10,-15000.0,,,-15000.0,,,,,,,meet-recording/data_sheets_historical/mangal all data sheet/INDIAN BANK/Statement Of Account - JANUARY 2026.xlsx
bank_7223534417_25,bank,front_office,2026-01-10,2026-01-10,-13000.0,,,-13000.0,,,,,,,meet-recording/data_sheets_historical/mangal all data sheet/INDIAN BANK/Statement Of Account - JANUARY 2026.xlsx
bank_7223534417_26,bank,front_office,2026-01-10,2026-01-10,-14032.0,,,-14032.0,,,,,,,meet-recording/data_sheets_historical/mangal all data sheet/INDIAN BANK/Statement Of Account - JANUARY 2026.xlsx
bank_7223534417_27,bank,front_office,2026-01-10,2026-01-10,-11226.0,,,-11226.0,,,,,,,meet-recording/data_sheets_historical/mangal all data sheet/INDIAN BANK/Statement Of Account - JANUARY 2026.xlsx
bank_7223534417_28,bank,front_office,2026-01-10,2026-01-10,-12387.0,,,-12387.0,,,,,,,meet-recording/data_sheets_historical/mangal all data sheet/INDIAN BANK/Statement Of Account - JANUARY 2026.xlsx
bank_7223534417_29,bank,front_office,2026-01-10,2026-01-10,-8823.0,,,-8823.0,,,,,,,meet-recording/data_sheets_historical/mangal all data sheet/INDIAN BANK/Statement Of Account - JANUARY 2026.xlsx
bank_7223534417_30,bank,front_office,2026-01-10,2026-01-10,-11000.0,,,-11000.0,,,,,,,meet-recording/data_sheets_historical/mangal all data sheet/INDIAN BANK/Statement Of Account - JANUARY 2026.xlsx
bank_7223534417_31,bank,front_office,2026-01-10,2026-01-10,-12000.0,,,-12000.0,,,,,,,meet-recording/data_sheets_historical/mangal all data sheet/INDIAN BANK/Statement Of Account - JANUARY 2026.xlsx
bank_7223534417_32,bank,front_office,2026-01-10,2026-01-10,-4645.0,,,-4645.0,,,,,,,meet-recording/data_sheets_historical/mangal all data sheet/INDIAN BANK/Statement Of Account - JANUARY 2026.xlsx
bank_7223534417_33,bank,front_office,2026-01-10,2026-01-10,-12387.0,,,-12387.0,,,,,,,meet-recording/data_sheets_historical/mangal all data sheet/INDIAN BANK/Statement Of Account - JANUARY 2026.xlsx
bank_7223534417_34,bank,front_office,2026-01-10,2026-01-10,-12387.0,,,-12387.0,,,,,,,meet-recording/data_sheets_historical/mangal all data sheet/INDIAN BANK/Statement Of Account - JANUARY 2026.xlsx
bank_7223534417_35,bank,front_office,2026-01-10,2026-01-10,-20005.61,,,-20005.61,IDIBN52026011024975251,BANK_TRANSFER,,,,,meet-recording/data_sheets_historical/mangal all data sheet/INDIAN BANK/Statement Of Account - JANUARY 2026.xlsx
bank_7223534417_36,bank,front_office,2026-01-10,2026-01-10,-250029.21,,,-250029.21,IDIBN52026011024992812,BANK_TRANSFER,,,,,meet-recording/data_sheets_historical/mangal all data sheet/INDIAN BANK/Statement Of Account - JANUARY 2026.xlsx
bank_7223534417_37,bank,front_office,2026-01-11,2026-01-11,2500.0,,,2500.0,YESBN12026011105054011,BANK_TRANSFER,,,,,meet-recording/data_sheets_historical/mangal all data sheet/INDIAN BANK/Statement Of Account - JANUARY 2026.xlsx
bank_7223534417_38,bank,front_office,2026-01-12,2026-01-12,1460.17,,,1460.17,YESBN12026011201626184,BANK_TRANSFER,,,,,meet-recording/data_sheets_historical/mangal all data sheet/INDIAN BANK/Statement Of Account - JANUARY 2026.xlsx
bank_7223534417_39,bank,front_office,2026-01-12,2026-01-12,-139185.41,,,-139185.41,IDIBN52026011225260122,BANK_TRANSFER,,,,,meet-recording/data_sheets_historical/mangal all data sheet/INDIAN BANK/Statement Of Account - JANUARY 2026.xlsx
bank_7223534417_40,bank,front_office,2026-01-13,2026-01-13,12469.89,,,12469.89,YESBN12026011301773373,BANK_TRANSFER,,,,,meet-recording/data_sheets_historical/mangal all data sheet/INDIAN BANK/Statement Of Account - JANUARY 2026.xlsx
bank_7223534417_41,bank,front_office,2026-01-13,2026-01-13,15268.26,,,15268.26,YESBN12026011305156053,BANK_TRANSFER,,,,,meet-recording/data_sheets_historical/mangal all data sheet/INDIAN BANK/Statement Of Account - JANUARY 2026.xlsx
bank_7223534417_42,bank,front_office,2026-01-13,2026-01-13,-8785.0,,,-8785.0,,,,,,,meet-recording/data_sheets_historical/mangal all data sheet/INDIAN BANK/Statement Of Account - JANUARY 2026.xlsx
bank_7223534417_43,bank,front_office,2026-01-13,2026-01-13,-27005.61,,,-27005.61,IDIBN52026011325492182,BANK_TRANSFER,,,,,meet-recording/data_sheets_historical/mangal all data sheet/INDIAN BANK/Statement Of Account - JANUARY 2026.xlsx
bank_7223534417_44,bank,front_office,2026-01-14,2026-01-14,9676.15,,,9676.15,YESBN12026011405236235,BANK_TRANSFER,,,,,meet-recording/data_sheets_historical/mangal all data sheet/INDIAN BANK/Statement Of Account - JANUARY 2026.xlsx
bank_7223534417_45,bank,front_office,2026-01-14,2026-01-14,-5425.0,,,-5425.0,,,,,,,meet-recording/data_sheets_historical/mangal all data sheet/INDIAN BANK/Statement Of Account - JANUARY 2026.xlsx
bank_7223534417_46,bank,front_office,2026-01-15,2026-01-15,1470.15,,,1470.15,YESBN12026011505048234,BANK_TRANSFER,,,,,meet-recording/data_sheets_historical/mangal all data sheet/INDIAN BANK/Statement Of Account - JANUARY 2026.xlsx
bank_7223534417_47,bank,front_office,2026-01-15,2026-01-15,-30195.0,,,-30195.0,,,,,,,meet-recording/data_sheets_historical/mangal all data sheet/INDIAN BANK/Statement Of Account - JANUARY 2026.xlsx
bank_7223534417_48,bank,front_office,2026-01-15,2026-01-15,-5153.0,,,-5153.0,,,,,,,meet-recording/data_sheets_historical/mangal all data sheet/INDIAN BANK/Statement Of Account - JANUARY 2026.xlsx
bank_7223534417_49,bank,front_office,2026-01-15,2026-01-15,-3.0,,,-3.0,,,,,,,meet-recording/data_sheets_historical/mangal all data sheet/INDIAN BANK/Statement Of Account - JANUARY 2026.xlsx
bank_7223534417_50,bank,front_office,2026-01-15,2026-01-15,37910.0,,,37910.0,HDFCN52026011524568794,BANK_TRANSFER,,,,,meet-recording/data_sheets_historical/mangal all data sheet/INDIAN BANK/Statement Of Account - JANUARY 2026.xlsx
bank_7223534417_51,bank,front_office,2026-01-16,2026-01-16,-74742.0,,,-74742.0,,,,,,,meet-recording/data_sheets_historical/mangal all data sheet/INDIAN BANK/Statement Of Account - JANUARY 2026.xlsx
bank_7223534417_52,bank,front_office,2026-01-16,2026-01-16,7500.0,,,7500.0,YESBN12026011604954560,BANK_TRANSFER,,,,,meet-recording/data_sheets_historical/mangal all data sheet/INDIAN BANK/Statement Of Account - JANUARY 2026.xlsx
bank_7223534417_53,bank,front_office,2026-01-16,2026-01-16,-21431.0,,,-21431.0,,,,,,,meet-recording/data_sheets_historical/mangal all data sheet/INDIAN BANK/Statement Of Account - JANUARY 2026.xlsx
bank_7223534417_54,bank,front_office,2026-01-16,2026-01-16,-25950.0,,,-25950.0,,,,,,,meet-recording/data_sheets_historical/mangal all data sheet/INDIAN BANK/Statement Of Account - JANUARY 2026.xlsx
bank_7223534417_55,bank,front_office,2026-01-16,2026-01-16,-13449.0,,,-13449.0,,,,,,,meet-recording/data_sheets_historical/mangal all data sheet/INDIAN BANK/Statement Of Account - JANUARY 2026.xlsx
bank_7223534417_56,bank,front_office,2026-01-16,2026-01-16,-35883.0,,,-35883.0,,,,,,,meet-recording/data_sheets_historical/mangal all data sheet/INDIAN BANK/Statement Of Account - JANUARY 2026.xlsx
bank_7223534417_57,bank,front_office,2026-01-16,2026-01-16,-56185.61,,,-56185.61,IDIBN52026011625867585,BANK_TRANSFER,,,,,meet-recording/data_sheets_historical/mangal all data sheet/INDIAN BANK/Statement Of Account - JANUARY 2026.xlsx
bank_7223534417_58,bank,front_office,2026-01-16,2026-01-16,-76219.33,,,-76219.33,IDIBN52026011625897682,BANK_TRANSFER,,,,,meet-recording/data_sheets_historical/mangal all data sheet/INDIAN BANK/Statement Of Account - JANUARY 2026.xlsx
bank_7223534417_59,bank,front_office,2026-01-17,2026-01-17,15508.91,,,15508.91,YESBN12026011705192932,BANK_TRANSFER,,,,,meet-recording/data_sheets_historical/mangal all data sheet/INDIAN BANK/Statement Of Account - JANUARY 2026.xlsx
bank_7223534417_60,bank,front_office,2026-01-17,2026-01-17,-49950.0,,,-49950.0,,,,,,,meet-recording/data_sheets_historical/mangal all data sheet/INDIAN BANK/Statement Of Account - JANUARY 2026.xlsx
bank_7223534417_61,bank,front_office,2026-01-17,2026-01-17,-12570.0,,,-12570.0,,,,,,,meet-recording/data_sheets_historical/mangal all data sheet/INDIAN BANK/Statement Of Account - JANUARY 2026.xlsx
bank_7223534417_62,bank,front_office,2026-01-18,2026-01-18,14894.94,,,14894.94,YESBN12026011805079739,BANK_TRANSFER,,,,,meet-recording/data_sheets_historical/mangal all data sheet/INDIAN BANK/Statement Of Account - JANUARY 2026.xlsx
bank_7223534417_63,bank,front_office,2026-01-19,2026-01-19,11804.55,,,11804.55,YESBN12026011904929412,BANK_TRANSFER,,,,,meet-recording/data_sheets_historical/mangal all data sheet/INDIAN BANK/Statement Of Account - JANUARY 2026.xlsx
bank_7223534417_64,bank,front_office,2026-01-19,2026-01-19,-3204.0,,,-3204.0,,,,,,,meet-recording/data_sheets_historical/mangal all data sheet/INDIAN BANK/Statement Of Account - JANUARY 2026.xlsx
bank_7223534417_65,bank,front_office,2026-01-19,2026-01-19,5891.0,,,5891.0,HDFCN52026011929827088,BANK_TRANSFER,,,,,meet-recording/data_sheets_historical/mangal all data sheet/INDIAN BANK/Statement Of Account - JANUARY 2026.xlsx
bank_7223534417_66,bank,front_office,2026-01-20,2026-01-20,12000.0,,,12000.0,YESBN12026012004988810,BANK_TRANSFER,,,,,meet-recording/data_sheets_historical/mangal all data sheet/INDIAN BANK/Statement Of Account - JANUARY 2026.xlsx
bank_7223534417_67,bank,front_office,2026-01-21,2026-01-21,26305.37,,,26305.37,YESBN12026012104844673,BANK_TRANSFER,,,,,meet-recording/data_sheets_historical/mangal all data sheet/INDIAN BANK/Statement Of Account - JANUARY 2026.xlsx
bank_7223534417_68,bank,front_office,2026-01-21,2026-01-21,-6580.0,,,-6580.0,,,,,,,meet-recording/data_sheets_historical/mangal all data sheet/INDIAN BANK/Statement Of Account - JANUARY 2026.xlsx
bank_7223534417_69,bank,front_office,2026-01-22,2026-01-22,4840.7,,,4840.7,YESBN12026012201976176,BANK_TRANSFER,,,,,meet-recording/data_sheets_historical/mangal all data sheet/INDIAN BANK/Statement Of Account - JANUARY 2026.xlsx
bank_7223534417_70,bank,front_office,2026-01-22,2026-01-22,1275588.33,,,1275588.33,HSBCN52026012212046296,BANK_TRANSFER,,,,,meet-recording/data_sheets_historical/mangal all data sheet/INDIAN BANK/Statement Of Account - JANUARY 2026.xlsx
bank_7223534417_71,bank,front_office,2026-01-22,2026-01-22,178234.99,,,178234.99,HSBCN52026012212057986,BANK_TRANSFER,,,,,meet-recording/data_sheets_historical/mangal all data sheet/INDIAN BANK/Statement Of Account - JANUARY 2026.xlsx
bank_7223534417_72,bank,front_office,2026-01-22,2026-01-22,11500.0,,,11500.0,YESBN12026012205108877,BANK_TRANSFER,,,,,meet-recording/data_sheets_historical/mangal all data sheet/INDIAN BANK/Statement Of Account - JANUARY 2026.xlsx
bank_7223534417_73,bank,front_office,2026-01-22,2026-01-22,-9558.0,,,-9558.0,,,,,,,meet-recording/data_sheets_historical/mangal all data sheet/INDIAN BANK/Statement Of Account - JANUARY 2026.xlsx
bank_7223534417_74,bank,front_office,2026-01-22,2026-01-22,9500.0,,,9500.0,HDFCN52026012235814494,BANK_TRANSFER,,,,,meet-recording/data_sheets_historical/mangal all data sheet/INDIAN BANK/Statement Of Account - JANUARY 2026.xlsx
bank_7223534417_75,bank,front_office,2026-01-23,2026-01-23,1300.0,,,1300.0,YESBN12026012302016767,BANK_TRANSFER,,,,,meet-recording/data_sheets_historical/mangal all data sheet/INDIAN BANK/Statement Of Account - JANUARY 2026.xlsx
bank_7223534417_76,bank,front_office,2026-01-23,2026-01-23,16669.63,,,16669.63,YESBN12026012305154096,BANK_TRANSFER,,,,,meet-recording/data_sheets_historical/mangal all data sheet/INDIAN BANK/Statement Of Account - JANUARY 2026.xlsx
bank_7223534417_77,bank,front_office,2026-01-23,2026-01-23,-432272.0,,,-432272.0,IDIBR52026012349967612,BANK_TRANSFER,,,,,meet-recording/data_sheets_historical/mangal all data sheet/INDIAN BANK/Statement Of Account - JANUARY 2026.xlsx
bank_7223534417_78,bank,front_office,2026-01-23,2026-01-23,-9782.0,,,-9782.0,,,,,,,meet-recording/data_sheets_historical/mangal all data sheet/INDIAN BANK/Statement Of Account - JANUARY 2026.xlsx
bank_7223534417_79,bank,front_office,2026-01-23,2026-01-23,-36704.86,,,-36704.86,IDIBN52026012326689950,BANK_TRANSFER,,,,,meet-recording/data_sheets_historical/mangal all data sheet/INDIAN BANK/Statement Of Account - JANUARY 2026.xlsx
bank_7223534417_80,bank,front_office,2026-01-24,2026-01-24,10320.52,,,10320.52,YESBN12026012403436779,BANK_TRANSFER,,,,,meet-recording/data_sheets_historical/mangal all data sheet/INDIAN BANK/Statement Of Account - JANUARY 2026.xlsx
bank_7223534417_81,bank,front_office,2026-01-25,2026-01-25,1966.2,,,1966.2,YESBN12026012503067465,BANK_TRANSFER,,,,,meet-recording/data_sheets_historical/mangal all data sheet/INDIAN BANK/Statement Of Account - JANUARY 2026.xlsx
bank_7223534417_82,bank,front_office,2026-01-25,2026-01-25,21640.75,,,21640.75,YESBN12026012505045891,BANK_TRANSFER,,,,,meet-recording/data_sheets_historical/mangal all data sheet/INDIAN BANK/Statement Of Account - JANUARY 2026.xlsx
bank_7223534417_83,bank,front_office,2026-01-26,2026-01-26,11500.0,,,11500.0,YESBN12026012604920362,BANK_TRANSFER,,,,,meet-recording/data_sheets_historical/mangal all data sheet/INDIAN BANK/Statement Of Account - JANUARY 2026.xlsx
bank_7223534417_84,bank,front_office,2026-01-26,2026-01-26,-2500.0,,,-2500.0,,,,,,,meet-recording/data_sheets_historical/mangal all data sheet/INDIAN BANK/Statement Of Account - JANUARY 2026.xlsx
bank_7223534417_85,bank,front_office,2026-01-27,2026-01-27,16915.04,,,16915.04,YESBN12026012704905627,BANK_TRANSFER,,,,,meet-recording/data_sheets_historical/mangal all data sheet/INDIAN BANK/Statement Of Account - JANUARY 2026.xlsx
bank_7223534417_86,bank,front_office,2026-01-28,2026-01-28,6616.95,,,6616.95,YESBN12026012804889254,BANK_TRANSFER,,,,,meet-recording/data_sheets_historical/mangal all data sheet/INDIAN BANK/Statement Of Account - JANUARY 2026.xlsx
bank_7223534417_87,bank,front_office,2026-01-28,2026-01-28,16158.0,,,16158.0,HDFCN52026012843066744,BANK_TRANSFER,,,,,meet-recording/data_sheets_historical/mangal all data sheet/INDIAN BANK/Statement Of Account - JANUARY 2026.xlsx
bank_7223534417_88,bank,front_office,2026-01-29,2026-01-29,8480.75,,,8480.75,YESBN12026012905024519,BANK_TRANSFER,,,,,meet-recording/data_sheets_historical/mangal all data sheet/INDIAN BANK/Statement Of Account - JANUARY 2026.xlsx
bank_7223534417_89,bank,front_office,2026-01-29,2026-01-29,-75048.0,,,-75048.0,,,,,,,meet-recording/data_sheets_historical/mangal all data sheet/INDIAN BANK/Statement Of Account - JANUARY 2026.xlsx
bank_7223534417_90,bank,front_office,2026-01-29,2026-01-29,10375.0,,,10375.0,HDFCN52026012946351843,BANK_TRANSFER,,,,,meet-recording/data_sheets_historical/mangal all data sheet/INDIAN BANK/Statement Of Account - JANUARY 2026.xlsx
bank_7223534417_91,bank,front_office,2026-01-30,2026-01-30,15798.55,,,15798.55,YESBN12026013003033127,BANK_TRANSFER,,,,,meet-recording/data_sheets_historical/mangal all data sheet/INDIAN BANK/Statement Of Account - JANUARY 2026.xlsx
bank_7223534417_92,bank,front_office,2026-01-30,2026-01-30,38890.34,,,38890.34,YESBN12026013004977290,BANK_TRANSFER,,,,,meet-recording/data_sheets_historical/mangal all data sheet/INDIAN BANK/Statement Of Account - JANUARY 2026.xlsx
bank_7223534417_93,bank,front_office,2026-01-31,2026-01-31,13926.09,,,13926.09,YESBN12026013105114710,BANK_TRANSFER,,,,,meet-recording/data_sheets_historical/mangal all data sheet/INDIAN BANK/Statement Of Account - JANUARY 2026.xlsx
bank_7223534417_1,bank,front_office,2025-07-01,2025-07-01,35997.98,,,35997.98,YESBN12025070105404991,BANK_TRANSFER,,,,,meet-recording/data_sheets_historical/mangal all data sheet/INDIAN BANK/Statement Of Account - JULY 2025.xlsx
bank_7223534417_2,bank,front_office,2025-07-01,2025-07-01,984.11,,,984.11,YESBN12025070105754066,BANK_TRANSFER,,,,,meet-recording/data_sheets_historical/mangal all data sheet/INDIAN BANK/Statement Of Account - JULY 2025.xlsx
bank_7223534417_3,bank,front_office,2025-07-02,2025-07-02,19948.36,,,19948.36,YESBN12025070205238205,BANK_TRANSFER,,,,,meet-recording/data_sheets_historical/mangal all data sheet/INDIAN BANK/Statement Of Account - JULY 2025.xlsx
bank_7223534417_4,bank,front_office,2025-07-02,2025-07-02,1089.21,,,1089.21,CITIN52025070288929203,BANK_TRANSFER,,,,,meet-recording/data_sheets_historical/mangal all data sheet/INDIAN BANK/Statement Of Account - JULY 2025.xlsx
bank_7223534417_5,bank,front_office,2025-07-02,2025-07-02,1843.0,,,1843.0,HDFCN52025070227523293,BANK_TRANSFER,,,,,meet-recording/data_sheets_historical/mangal all data sheet/INDIAN BANK/Statement Of Account - JULY 2025.xlsx
bank_7223534417_6,bank,front_office,2025-07-03,2025-07-03,20156.41,,,20156.41,YESBN12025070305147261,BANK_TRANSFER,,,,,meet-recording/data_sheets_historical/mangal all data sheet/INDIAN BANK/Statement Of Account - JULY 2025.xlsx
bank_7223534417_7,bank,front_office,2025-07-04,2025-07-04,39731.99,,,39731.99,YESBN12025070405061641,BANK_TRANSFER,,,,,meet-recording/data_sheets_historical/mangal all data sheet/INDIAN BANK/Statement Of Account - JULY 2025.xlsx
bank_7223534417_8,bank,front_office,2025-07-04,2025-07-04,1848.0,,,1848.0,HDFCN52025070432024106,BANK_TRANSFER,,,,,meet-recording/data_sheets_historical/mangal all data sheet/INDIAN BANK/Statement Of Account - JULY 2025.xlsx
bank_7223534417_9,bank,front_office,2025-07-05,2025-07-05,31557.89,,,31557.89,YESBN12025070508061649,BANK_TRANSFER,,,,,meet-recording/data_sheets_historical/mangal all data sheet/INDIAN BANK/Statement Of Account - JULY 2025.xlsx
bank_7223534417_10,bank,front_office,2025-07-06,2025-07-06,43836.64,,,43836.64,YESBN12025070605120054,BANK_TRANSFER,,,,,meet-recording/data_sheets_historical/mangal all data sheet/INDIAN BANK/Statement Of Account - JULY 2025.xlsx
bank_7223534417_11,bank,front_office,2025-07-07,2025-07-07,26603.74,,,26603.74,YESBN12025070704947420,BANK_TRANSFER,,,,,meet-recording/data_sheets_historical/mangal all data sheet/INDIAN BANK/Statement Of Account - JULY 2025.xlsx
bank_7223534417_12,bank,front_office,2025-07-07,2025-07-07,-5508.0,,,-5508.0,,,,,,,meet-recording/data_sheets_historical/mangal all data sheet/INDIAN BANK/Statement Of Account - JULY 2025.xlsx
bank_7223534417_13,bank,front_office,2025-07-07,2025-07-07,1740.42,,,1740.42,CITIN52025070790526077,BANK_TRANSFER,,,,,meet-recording/data_sheets_historical/mangal all data sheet/INDIAN BANK/Statement Of Account - JULY 2025.xlsx
bank_7223534417_14,bank,front_office,2025-07-08,2025-07-08,26009.09,,,26009.09,YESBN12025070805077315,BANK_TRANSFER,,,,,meet-recording/data_sheets_historical/mangal all data sheet/INDIAN BANK/Statement Of Account - JULY 2025.xlsx
bank_7223534417_15,bank,front_office,2025-07-09,2025-07-09,62557.77,,,62557.77,YESBN12025070905134597,BANK_TRANSFER,,,,,meet-recording/data_sheets_historical/mangal all data sheet/INDIAN BANK/Statement Of Account - JULY 2025.xlsx
bank_7223534417_16,bank,front_office,2025-07-09,2025-07-09,1558.0,,,1558.0,CITIN52025070991862371,BANK_TRANSFER,,,,,meet-recording/data_sheets_historical/mangal all data sheet/INDIAN BANK/Statement Of Account - JULY 2025.xlsx
bank_7223534417_17,bank,front_office,2025-07-10,2025-07-10,-70005.61,,,-70005.61,SBIN,BANK_TRANSFER,,,,,meet-recording/data_sheets_historical/mangal all data sheet/INDIAN BANK/Statement Of Account - JULY 2025.xlsx
bank_7223534417_18,bank,front_office,2025-07-10,2025-07-10,-45005.61,,,-45005.61,KKBK,BANK_TRANSFER,,,,,meet-recording/data_sheets_historical/mangal all data sheet/INDIAN BANK/Statement Of Account - JULY 2025.xlsx
bank_7223534417_19,bank,front_office,2025-07-10,2025-07-10,-38005.61,,,-38005.61,UTIB,BANK_TRANSFER,,,,,meet-recording/data_sheets_historical/mangal all data sheet/INDIAN BANK/Statement Of Account - JULY 2025.xlsx
bank_7223534417_20,bank,front_office,2025-07-10,2025-07-10,-10472.61,,,-10472.61,UTIB,BANK_TRANSFER,,,,,meet-recording/data_sheets_historical/mangal all data sheet/INDIAN BANK/Statement Of Account - JULY 2025.xlsx
bank_7223534417_21,bank,front_office,2025-07-10,2025-07-10,-15872.61,,,-15872.61,RMGB,BANK_TRANSFER,,,,,meet-recording/data_sheets_historical/mangal all data sheet/INDIAN BANK/Statement Of Account - JULY 2025.xlsx
bank_7223534417_22,bank,front_office,2025-07-10,2025-07-10,-12505.61,,,-12505.61,SBIN,BANK_TRANSFER,,,,,meet-recording/data_sheets_historical/mangal all data sheet/INDIAN BANK/Statement Of Account - JULY 2025.xlsx
bank_7223534417_23,bank,front_office,2025-07-10,2025-07-10,-20005.61,,,-20005.61,ICIC,BANK_TRANSFER,,,,,meet-recording/data_sheets_historical/mangal all data sheet/INDIAN BANK/Statement Of Account - JULY 2025.xlsx
bank_7223534417_24,bank,front_office,2025-07-10,2025-07-10,-25005.61,,,-25005.61,ICIC,BANK_TRANSFER,,,,,meet-recording/data_sheets_historical/mangal all data sheet/INDIAN BANK/Statement Of Account - JULY 2025.xlsx
bank_7223534417_25,bank,front_office,2025-07-10,2025-07-10,-21455.61,,,-21455.61,BARB,BANK_TRANSFER,,,,,meet-recording/data_sheets_historical/mangal all data sheet/INDIAN BANK/Statement Of Account - JULY 2025.xlsx
bank_7223534417_26,bank,front_office,2025-07-10,2025-07-10,-20405.61,,,-20405.61,PUNB,BANK_TRANSFER,,,,,meet-recording/data_sheets_historical/mangal all data sheet/INDIAN BANK/Statement Of Account - JULY 2025.xlsx
bank_7223534417_27,bank,front_office,2025-07-10,2025-07-10,-7562.66,,,-7562.66,RMGB,BANK_TRANSFER,,,,,meet-recording/data_sheets_historical/mangal all data sheet/INDIAN BANK/Statement Of Account - JULY 2025.xlsx
bank_7223534417_28,bank,front_office,2025-07-10,2025-07-10,-20005.61,,,-20005.61,PUNB,BANK_TRANSFER,,,,,meet-recording/data_sheets_historical/mangal all data sheet/INDIAN BANK/Statement Of Account - JULY 2025.xlsx
bank_7223534417_29,bank,front_office,2025-07-10,2025-07-10,-18722.61,,,-18722.61,SBIN,BANK_TRANSFER,,,,,meet-recording/data_sheets_historical/mangal all data sheet/INDIAN BANK/Statement Of Account - JULY 2025.xlsx
bank_7223534417_30,bank,front_office,2025-07-10,2025-07-10,18524.0,,,18524.0,YESBN12025071005019539,BANK_TRANSFER,,,,,meet-recording/data_sheets_historical/mangal all data sheet/INDIAN BANK/Statement Of Account - JULY 2025.xlsx
bank_7223534417_31,bank,front_office,2025-07-10,2025-07-10,12740.0,,,12740.0,IDFBN52025071091850130,BANK_TRANSFER,,,,,meet-recording/data_sheets_historical/mangal all data sheet/INDIAN BANK/Statement Of Account - JULY 2025.xlsx
bank_7223534417_32,bank,front_office,2025-07-11,2025-07-11,11954.69,,,11954.69,YESBN12025071105037260,BANK_TRANSFER,,,,,meet-recording/data_sheets_historical/mangal all data sheet/INDIAN BANK/Statement Of Account - JULY 2025.xlsx
bank_7223534417_33,bank,front_office,2025-07-11,2025-07-11,573909.74,,,573909.74,HSBCN52025071158153455,BANK_TRANSFER,,,,,meet-recording/data_sheets_historical/mangal all data sheet/INDIAN BANK/Statement Of Account - JULY 2025.xlsx
bank_7223534417_34,bank,front_office,2025-07-11,2025-07-11,377.52,,,377.52,YESBN12025071105086261,BANK_TRANSFER,,,,,meet-recording/data_sheets_historical/mangal all data sheet/INDIAN BANK/Statement Of Account - JULY 2025.xlsx
bank_7223534417_35,bank,front_office,2025-07-11,2025-07-11,6813.15,,,6813.15,HSBCN52025071158190646,BANK_TRANSFER,,,,,meet-recording/data_sheets_historical/mangal all data sheet/INDIAN BANK/Statement Of Account - JULY 2025.xlsx
bank_7223534417_36,bank,front_office,2025-07-12,2025-07-12,12644.9,,,12644.9,YESBN12025071205251074,BANK_TRANSFER,,,,,meet-recording/data_sheets_historical/mangal all data sheet/INDIAN BANK/Statement Of Account - JULY 2025.xlsx
bank_7223534417_37,bank,front_office,2025-07-13,2025-07-13,63863.98,,,63863.98,YESBN12025071305182603,BANK_TRANSFER,,,,,meet-recording/data_sheets_historical/mangal all data sheet/INDIAN BANK/Statement Of Account - JULY 2025.xlsx
bank_7223534417_38,bank,front_office,2025-07-14,2025-07-14,48316.61,,,48316.61,YESBN12025071405099995,BANK_TRANSFER,,,,,meet-recording/data_sheets_historical/mangal all data sheet/INDIAN BANK/Statement Of Account - JULY 2025.xlsx
bank_7223534417_39,bank,front_office,2025-07-14,2025-07-14,-10840.0,,,-10840.0,,,,,,,meet-recording/data_sheets_historical/mangal all data sheet/INDIAN BANK/Statement Of Account - JULY 2025.xlsx
bank_7223534417_40,bank,front_office,2025-07-14,2025-07-14,-110024.41,,,-110024.41,IDFB,BANK_TRANSFER,,,,,meet-recording/data_sheets_historical/mangal all data sheet/INDIAN BANK/Statement Of Account - JULY 2025.xlsx
bank_7223534417_41,bank,front_office,2025-07-14,2025-07-14,782.84,,,782.84,CITIN52025071493433959,BANK_TRANSFER,,,,,meet-recording/data_sheets_historical/mangal all data sheet/INDIAN BANK/Statement Of Account - JULY 2025.xlsx
bank_7223534417_42,bank,front_office,2025-07-14,2025-07-14,6572.0,,,6572.0,HDFCN52025071454934827,BANK_TRANSFER,,,,,meet-recording/data_sheets_historical/mangal all data sheet/INDIAN BANK/Statement Of Account - JULY 2025.xlsx
bank_7223534417_43,bank,front_office,2025-07-15,2025-07-15,20311.12,,,20311.12,YESBN12025071505090295,BANK_TRANSFER,,,,,meet-recording/data_sheets_historical/mangal all data sheet/INDIAN BANK/Statement Of Account - JULY 2025.xlsx
bank_7223534417_44,bank,front_office,2025-07-15,2025-07-15,-27090.0,,,-27090.0,,,,,,,meet-recording/data_sheets_historical/mangal all data sheet/INDIAN BANK/Statement Of Account - JULY 2025.xlsx
bank_7223534417_45,bank,front_office,2025-07-15,2025-07-15,-37661.0,,,-37661.0,,,,,,,meet-recording/data_sheets_historical/mangal all data sheet/INDIAN BANK/Statement Of Account - JULY 2025.xlsx
bank_7223534417_46,bank,front_office,2025-07-15,2025-07-15,-29700.0,,,-29700.0,,,,,,,meet-recording/data_sheets_historical/mangal all data sheet/INDIAN BANK/Statement Of Account - JULY 2025.xlsx
bank_7223534417_47,bank,front_office,2025-07-15,2025-07-15,-83035.0,,,-83035.0,,,,,,,meet-recording/data_sheets_historical/mangal all data sheet/INDIAN BANK/Statement Of Account - JULY 2025.xlsx
bank_7223534417_48,bank,front_office,2025-07-15,2025-07-15,-2797.0,,,-2797.0,,,,,,,meet-recording/data_sheets_historical/mangal all data sheet/INDIAN BANK/Statement Of Account - JULY 2025.xlsx
bank_7223534417_49,bank,front_office,2025-07-15,2025-07-15,-12255.0,,,-12255.0,,,,,,,meet-recording/data_sheets_historical/mangal all data sheet/INDIAN BANK/Statement Of Account - JULY 2025.xlsx
bank_7223534417_50,bank,front_office,2025-07-15,2025-07-15,3365.25,,,3365.25,YESBN12025071505441313,BANK_TRANSFER,,,,,meet-recording/data_sheets_historical/mangal all data sheet/INDIAN BANK/Statement Of Account - JULY 2025.xlsx
bank_7223534417_51,bank,front_office,2025-07-15,2025-07-15,5545.0,,,5545.0,HDFCN52025071557271413,BANK_TRANSFER,,,,,meet-recording/data_sheets_historical/mangal all data sheet/INDIAN BANK/Statement Of Account - JULY 2025.xlsx
bank_7223534417_52,bank,front_office,2025-07-16,2025-07-16,40596.14,,,40596.14,YESBN12025071605346253,BANK_TRANSFER,,,,,meet-recording/data_sheets_historical/mangal all data sheet/INDIAN BANK/Statement Of Account - JULY 2025.xlsx
bank_7223534417_53,bank,front_office,2025-07-16,2025-07-16,-39629.0,,,-39629.0,,,,,,,meet-recording/data_sheets_historical/mangal all data sheet/INDIAN BANK/Statement Of Account - JULY 2025.xlsx
bank_7223534417_54,bank,front_office,2025-07-16,2025-07-16,-6656.0,,,-6656.0,,,,,,,meet-recording/data_sheets_historical/mangal all data sheet/INDIAN BANK/Statement Of Account - JULY 2025.xlsx
bank_7223534417_55,bank,front_office,2025-07-16,2025-07-16,-27300.0,,,-27300.0,,,,,,,meet-recording/data_sheets_historical/mangal all data sheet/INDIAN BANK/Statement Of Account - JULY 2025.xlsx
bank_7223534417_56,bank,front_office,2025-07-16,2025-07-16,-32685.0,,,-32685.0,,,,,,,meet-recording/data_sheets_historical/mangal all data sheet/INDIAN BANK/Statement Of Account - JULY 2025.xlsx
bank_7223534417_57,bank,front_office,2025-07-16,2025-07-16,-11545.48,,,-11545.48,SCBL,BANK_TRANSFER,,,,,meet-recording/data_sheets_historical/mangal all data sheet/INDIAN BANK/Statement Of Account - JULY 2025.xlsx
bank_7223534417_58,bank,front_office,2025-07-16,2025-07-16,-48.98,,,-48.98,SCBL,BANK_TRANSFER,,,,,meet-recording/data_sheets_historical/mangal all data sheet/INDIAN BANK/Statement Of Account - JULY 2025.xlsx
bank_7223534417_59,bank,front_office,2025-07-16,2025-07-16,2255.4,,,2255.4,CITIN52025071694595760,BANK_TRANSFER,,,,,meet-recording/data_sheets_historical/mangal all data sheet/INDIAN BANK/Statement Of Account - JULY 2025.xlsx
bank_7223534417_60,bank,front_office,2025-07-16,2025-07-16,2663.0,,,2663.0,HDFCN52025071659233908,BANK_TRANSFER,,,,,meet-recording/data_sheets_historical/mangal all data sheet/INDIAN BANK/Statement Of Account - JULY 2025.xlsx
bank_7223534417_61,bank,front_office,2025-07-16,2025-07-16,28.0,,,28.0,IDFBN52025071697093000,BANK_TRANSFER,,,,,meet-recording/data_sheets_historical/mangal all data sheet/INDIAN BANK/Statement Of Account - JULY 2025.xlsx
bank_7223534417_62,bank,front_office,2025-07-17,2025-07-17,30420.65,,,30420.65,YESBN12025071705264292,BANK_TRANSFER,,,,,meet-recording/data_sheets_historical/mangal all data sheet/INDIAN BANK/Statement Of Account - JULY 2025.xlsx
bank_7223534417_63,bank,front_office,2025-07-17,2025-07-17,-141874.0,,,-141874.0,,,,,,,meet-recording/data_sheets_historical/mangal all data sheet/INDIAN BANK/Statement Of Account - JULY 2025.xlsx
bank_7223534417_64,bank,front_office,2025-07-17,2025-07-17,-39857.0,,,-39857.0,,,,,,,meet-recording/data_sheets_historical/mangal all data sheet/INDIAN BANK/Statement Of Account - JULY 2025.xlsx
bank_7223534417_65,bank,front_office,2025-07-18,2025-07-18,13484.16,,,13484.16,YESBN12025071805153534,BANK_TRANSFER,,,,,meet-recording/data_sheets_historical/mangal all data sheet/INDIAN BANK/Statement Of Account - JULY 2025.xlsx
bank_7223534417_66,bank,front_office,2025-07-18,2025-07-18,5545.0,,,5545.0,HDFCN52025071862722755,BANK_TRANSFER,,,,,meet-recording/data_sheets_historical/mangal all data sheet/INDIAN BANK/Statement Of Account - JULY 2025.xlsx
bank_7223534417_67,bank,front_office,2025-07-19,2025-07-19,13215.48,,,13215.48,YESBN12025071905246552,BANK_TRANSFER,,,,,meet-recording/data_sheets_historical/mangal all data sheet/INDIAN BANK/Statement Of Account - JULY 2025.xlsx
bank_7223534417_68,bank,front_office,2025-07-19,2025-07-19,-150192.0,,,-150192.0,,,,,,,meet-recording/data_sheets_historical/mangal all data sheet/INDIAN BANK/Statement Of Account - JULY 2025.xlsx
bank_7223534417_69,bank,front_office,2025-07-19,2025-07-19,-7168.0,,,-7168.0,,,,,,,meet-recording/data_sheets_historical/mangal all data sheet/INDIAN BANK/Statement Of Account - JULY 2025.xlsx
bank_7223534417_70,bank,front_office,2025-07-20,2025-07-20,52936.75,,,52936.75,YESBN12025072001990617,BANK_TRANSFER,,,,,meet-recording/data_sheets_historical/mangal all data sheet/INDIAN BANK/Statement Of Account - JULY 2025.xlsx
bank_7223534417_71,bank,front_office,2025-07-21,2025-07-21,38012.55,,,38012.55,YESBN12025072105114371,BANK_TRANSFER,,,,,meet-recording/data_sheets_historical/mangal all data sheet/INDIAN BANK/Statement Of Account - JULY 2025.xlsx
bank_7223534417_72,bank,front_office,2025-07-22,2025-07-22,12438.93,,,12438.93,YESBN12025072205136546,BANK_TRANSFER,,,,,meet-recording/data_sheets_historical/mangal all data sheet/INDIAN BANK/Statement Of Account - JULY 2025.xlsx
bank_7223534417_73,bank,front_office,2025-07-22,2025-07-22,-415029.0,,,-415029.0,IDIBR52025072246579730,BANK_TRANSFER,,,,,meet-recording/data_sheets_historical/mangal all data sheet/INDIAN BANK/Statement Of Account - JULY 2025.xlsx
bank_7223534417_74,bank,front_office,2025-07-22,2025-07-22,-78927.61,,,-78927.61,RBIS,BANK_TRANSFER,,,,,meet-recording/data_sheets_historical/mangal all data sheet/INDIAN BANK/Statement Of Account - JULY 2025.xlsx
bank_7223534417_75,bank,front_office,2025-07-22,2025-07-22,-21852.0,,,-21852.0,,,,,,,meet-recording/data_sheets_historical/mangal all data sheet/INDIAN BANK/Statement Of Account - JULY 2025.xlsx
bank_7223534417_76,bank,front_office,2025-07-22,2025-07-22,1483.27,,,1483.27,YESBN12025072205479070,BANK_TRANSFER,,,,,meet-recording/data_sheets_historical/mangal all data sheet/INDIAN BANK/Statement Of Account - JULY 2025.xlsx
bank_7223534417_77,bank,front_office,2025-07-23,2025-07-23,6194.0,,,6194.0,YESBN12025072305292512,BANK_TRANSFER,,,,,meet-recording/data_sheets_historical/mangal all data sheet/INDIAN BANK/Statement Of Account - JULY 2025.xlsx
bank_7223534417_78,bank,front_office,2025-07-23,2025-07-23,6105.0,,,6105.0,HDFCN52025072369879906,BANK_TRANSFER,,,,,meet-recording/data_sheets_historical/mangal all data sheet/INDIAN BANK/Statement Of Account - JULY 2025.xlsx
bank_7223534417_79,bank,front_office,2025-07-24,2025-07-24,35963.54,,,35963.54,YESBN12025072405208730,BANK_TRANSFER,,,,,meet-recording/data_sheets_historical/mangal all data sheet/INDIAN BANK/Statement Of Account - JULY 2025.xlsx
bank_7223534417_80,bank,front_office,2025-07-24,2025-07-24,1.0,,,1.0,520515212676,,,,,,meet-recording/data_sheets_historical/mangal all data sheet/INDIAN BANK/Statement Of Account - JULY 2025.xlsx
bank_7223534417_81,bank,front_office,2025-07-24,2025-07-24,2126.0,,,2126.0,HDFCN52025072471829715,BANK_TRANSFER,,,,,meet-recording/data_sheets_historical/mangal all data sheet/INDIAN BANK/Statement Of Account - JULY 2025.xlsx
bank_7223534417_82,bank,front_office,2025-07-25,2025-07-25,8555.54,,,8555.54,YESBN12025072502224828,BANK_TRANSFER,,,,,meet-recording/data_sheets_historical/mangal all data sheet/INDIAN BANK/Statement Of Account - JULY 2025.xlsx
bank_7223534417_83,bank,front_office,2025-07-25,2025-07-25,6050.53,,,6050.53,YESBN12025072505183240,BANK_TRANSFER,,,,,meet-recording/data_sheets_historical/mangal all data sheet/INDIAN BANK/Statement Of Account - JULY 2025.xlsx
bank_7223534417_84,bank,front_office,2025-07-25,2025-07-25,771.64,,,771.64,YESBN12025072505219946,BANK_TRANSFER,,,,,meet-recording/data_sheets_historical/mangal all data sheet/INDIAN BANK/Statement Of Account - JULY 2025.xlsx
bank_7223534417_85,bank,front_office,2025-07-25,2025-07-25,-52006.61,,,-52006.61,CNRB,BANK_TRANSFER,,,,,meet-recording/data_sheets_historical/mangal all data sheet/INDIAN BANK/Statement Of Account - JULY 2025.xlsx
bank_7223534417_86,bank,front_office,2025-07-26,2025-07-26,10923.65,,,10923.65,YESBN12025072602091956,BANK_TRANSFER,,,,,meet-recording/data_sheets_historical/mangal all data sheet/INDIAN BANK/Statement Of Account - JULY 2025.xlsx
bank_7223534417_87,bank,front_office,2025-07-26,2025-07-26,19604.11,,,19604.11,YESBN12025072605149135,BANK_TRANSFER,,,,,meet-recording/data_sheets_historical/mangal all data sheet/INDIAN BANK/Statement Of Account - JULY 2025.xlsx
bank_7223534417_88,bank,front_office,2025-07-27,2025-07-27,13689.0,,,13689.0,YESBN12025072703400221,BANK_TRANSFER,,,,,meet-recording/data_sheets_historical/mangal all data sheet/INDIAN BANK/Statement Of Account - JULY 2025.xlsx
bank_7223534417_89,bank,front_office,2025-07-27,2025-07-27,32050.99,,,32050.99,YESBN12025072705090930,BANK_TRANSFER,,,,,meet-recording/data_sheets_historical/mangal all data sheet/INDIAN BANK/Statement Of Account - JULY 2025.xlsx
bank_7223534417_90,bank,front_office,2025-07-28,2025-07-28,16133.0,,,16133.0,YESBN12025072802134746,BANK_TRANSFER,,,,,meet-recording/data_sheets_historical/mangal all data sheet/INDIAN BANK/Statement Of Account - JULY 2025.xlsx
bank_7223534417_91,bank,front_office,2025-07-28,2025-07-28,18888.25,,,18888.25,YESBN12025072805136918,BANK_TRANSFER,,,,,meet-recording/data_sheets_historical/mangal all data sheet/INDIAN BANK/Statement Of Account - JULY 2025.xlsx
bank_7223534417_92,bank,front_office,2025-07-28,2025-07-28,5702.11,,,5702.11,CITIN52025072899372192,BANK_TRANSFER,,,,,meet-recording/data_sheets_historical/mangal all data sheet/INDIAN BANK/Statement Of Account - JULY 2025.xlsx
bank_7223534417_93,bank,front_office,2025-07-28,2025-07-28,4251.0,,,4251.0,HDFCN52025072876802781,BANK_TRANSFER,,,,,meet-recording/data_sheets_historical/mangal all data sheet/INDIAN BANK/Statement Of Account - JULY 2025.xlsx
bank_7223534417_94,bank,front_office,2025-07-29,2025-07-29,5673.29,,,5673.29,YESBN12025072902654328,BANK_TRANSFER,,,,,meet-recording/data_sheets_historical/mangal all data sheet/INDIAN BANK/Statement Of Account - JULY 2025.xlsx
bank_7223534417_95,bank,front_office,2025-07-29,2025-07-29,20779.35,,,20779.35,YESBN12025072905372445,BANK_TRANSFER,,,,,meet-recording/data_sheets_historical/mangal all data sheet/INDIAN BANK/Statement Of Account - JULY 2025.xlsx
bank_7223534417_96,bank,front_office,2025-07-29,2025-07-29,2714.17,,,2714.17,YESBN12025072905421095,BANK_TRANSFER,,,,,meet-recording/data_sheets_historical/mangal all data sheet/INDIAN BANK/Statement Of Account - JULY 2025.xlsx
bank_7223534417_97,bank,front_office,2025-07-30,2025-07-30,10191.0,,,10191.0,YESBN12025073003848425,BANK_TRANSFER,,,,,meet-recording/data_sheets_historical/mangal all data sheet/INDIAN BANK/Statement Of Account - JULY 2025.xlsx
bank_7223534417_98,bank,front_office,2025-07-30,2025-07-30,26208.72,,,26208.72,YESBN12025073005450758,BANK_TRANSFER,,,,,meet-recording/data_sheets_historical/mangal all data sheet/INDIAN BANK/Statement Of Account - JULY 2025.xlsx
bank_7223534417_99,bank,front_office,2025-07-31,2025-07-31,1186.0,,,1186.0,YESBN12025073102608330,BANK_TRANSFER,,,,,meet-recording/data_sheets_historical/mangal all data sheet/INDIAN BANK/Statement Of Account - JULY 2025.xlsx
bank_7223534417_100,bank,front_office,2025-07-31,2025-07-31,9831.0,,,9831.0,YESBN12025073105430490,BANK_TRANSFER,,,,,meet-recording/data_sheets_historical/mangal all data sheet/INDIAN BANK/Statement Of Account - JULY 2025.xlsx
bank_7223534417_1,bank,front_office,2026-03-01,2026-03-01,32048.71,,,32048.71,YESBN12026030105105170,BANK_TRANSFER,,,,,meet-recording/data_sheets_historical/mangal all data sheet/INDIAN BANK/Statement Of Account - MARCH 2026.xlsx
bank_7223534417_2,bank,front_office,2026-03-02,2026-03-02,16600.0,,,16600.0,YESBN12026030205031829,BANK_TRANSFER,,,,,meet-recording/data_sheets_historical/mangal all data sheet/INDIAN BANK/Statement Of Account - MARCH 2026.xlsx
bank_7223534417_3,bank,front_office,2026-03-02,2026-03-02,11102.0,,,11102.0,HDFCN52026030216180805,BANK_TRANSFER,,,,,meet-recording/data_sheets_historical/mangal all data sheet/INDIAN BANK/Statement Of Account - MARCH 2026.xlsx
bank_7223534417_4,bank,front_office,2026-03-03,2026-03-03,22000.0,,,22000.0,YESBN12026030305145283,BANK_TRANSFER,,,,,meet-recording/data_sheets_historical/mangal all data sheet/INDIAN BANK/Statement Of Account - MARCH 2026.xlsx
bank_7223534417_5,bank,front_office,2026-03-03,2026-03-03,2704.0,,,2704.0,HDFCN52026030318449876,BANK_TRANSFER,,,,,meet-recording/data_sheets_historical/mangal all data sheet/INDIAN BANK/Statement Of Account - MARCH 2026.xlsx
bank_7223534417_6,bank,front_office,2026-03-04,2026-03-04,29942.4,,,29942.4,YESBN12026030404768806,BANK_TRANSFER,,,,,meet-recording/data_sheets_historical/mangal all data sheet/INDIAN BANK/Statement Of Account - MARCH 2026.xlsx
bank_7223534417_7,bank,front_office,2026-03-05,2026-03-05,6500.0,,,6500.0,YESBN12026030504243826,BANK_TRANSFER,,,,,meet-recording/data_sheets_historical/mangal all data sheet/INDIAN BANK/Statement Of Account - MARCH 2026.xlsx
bank_7223534417_8,bank,front_office,2026-03-05,2026-03-05,2215.0,,,2215.0,HDFCN52026030523459432,BANK_TRANSFER,,,,,meet-recording/data_sheets_historical/mangal all data sheet/INDIAN BANK/Statement Of Account - MARCH 2026.xlsx
bank_7223534417_9,bank,front_office,2026-03-06,2026-03-06,9059.71,,,9059.71,YESBN12026030602970034,BANK_TRANSFER,,,,,meet-recording/data_sheets_historical/mangal all data sheet/INDIAN BANK/Statement Of Account - MARCH 2026.xlsx
bank_7223534417_10,bank,front_office,2026-03-06,2026-03-06,65443.57,,,65443.57,HSBCN52026030625808826,BANK_TRANSFER,,,,,meet-recording/data_sheets_historical/mangal all data sheet/INDIAN BANK/Statement Of Account - MARCH 2026.xlsx
bank_7223534417_11,bank,front_office,2026-03-06,2026-03-06,798339.41,,,798339.41,HSBCN52026030625821775,BANK_TRANSFER,,,,,meet-recording/data_sheets_historical/mangal all data sheet/INDIAN BANK/Statement Of Account - MARCH 2026.xlsx
bank_7223534417_12,bank,front_office,2026-03-06,2026-03-06,4446.13,,,4446.13,YESBN12026030604941362,BANK_TRANSFER,,,,,meet-recording/data_sheets_historical/mangal all data sheet/INDIAN BANK/Statement Of Account - MARCH 2026.xlsx
bank_7223534417_13,bank,front_office,2026-03-07,2026-03-07,-700000.0,,,-700000.0,,,,,,,meet-recording/data_sheets_historical/mangal all data sheet/INDIAN BANK/Statement Of Account - MARCH 2026.xlsx
bank_7223534417_14,bank,front_office,2026-03-07,2026-03-07,-119118.41,,,-119118.41,SBIN,BANK_TRANSFER,,,,,meet-recording/data_sheets_historical/mangal all data sheet/INDIAN BANK/Statement Of Account - MARCH 2026.xlsx
bank_7223534417_15,bank,front_office,2026-03-08,2026-03-08,4000.0,,,4000.0,YESBN12026030805173668,BANK_TRANSFER,,,,,meet-recording/data_sheets_historical/mangal all data sheet/INDIAN BANK/Statement Of Account - MARCH 2026.xlsx
bank_7223534417_16,bank,front_office,2026-03-08,2026-03-08,-50000.0,,,-50000.0,,,,,,,meet-recording/data_sheets_historical/mangal all data sheet/INDIAN BANK/Statement Of Account - MARCH 2026.xlsx
bank_7223534417_17,bank,front_office,2026-03-09,2026-03-09,1500.0,,,1500.0,YESBN12026030902497463,BANK_TRANSFER,,,,,meet-recording/data_sheets_historical/mangal all data sheet/INDIAN BANK/Statement Of Account - MARCH 2026.xlsx
bank_7223534417_18,bank,front_office,2026-03-09,2026-03-09,17001.0,,,17001.0,YESBN12026030904997104,BANK_TRANSFER,,,,,meet-recording/data_sheets_historical/mangal all data sheet/INDIAN BANK/Statement Of Account - MARCH 2026.xlsx
bank_7223534417_19,bank,front_office,2026-03-09,2026-03-09,-30300.0,,,-30300.0,,,,,,,meet-recording/data_sheets_historical/mangal all data sheet/INDIAN BANK/Statement Of Account - MARCH 2026.xlsx
bank_7223534417_20,bank,front_office,2026-03-09,2026-03-09,26625.0,,,26625.0,HDFCN52026030934594048,BANK_TRANSFER,,,,,meet-recording/data_sheets_historical/mangal all data sheet/INDIAN BANK/Statement Of Account - MARCH 2026.xlsx
bank_7223534417_21,bank,front_office,2026-03-10,2026-03-10,-19934.61,,,-19934.61,SBIN,BANK_TRANSFER,,,,,meet-recording/data_sheets_historical/mangal all data sheet/INDIAN BANK/Statement Of Account - MARCH 2026.xlsx
bank_7223534417_22,bank,front_office,2026-03-10,2026-03-10,-17362.61,,,-17362.61,BARB,BANK_TRANSFER,,,,,meet-recording/data_sheets_historical/mangal all data sheet/INDIAN BANK/Statement Of Account - MARCH 2026.xlsx
bank_7223534417_23,bank,front_office,2026-03-10,2026-03-10,-20005.61,,,-20005.61,PUNB,BANK_TRANSFER,,,,,meet-recording/data_sheets_historical/mangal all data sheet/INDIAN BANK/Statement Of Account - MARCH 2026.xlsx
bank_7223534417_24,bank,front_office,2026-03-10,2026-03-10,-70000.0,,,-70000.0,,,,,,,meet-recording/data_sheets_historical/mangal all data sheet/INDIAN BANK/Statement Of Account - MARCH 2026.xlsx
bank_7223534417_25,bank,front_office,2026-03-10,2026-03-10,-24000.0,,,-24000.0,,,,,,,meet-recording/data_sheets_historical/mangal all data sheet/INDIAN BANK/Statement Of Account - MARCH 2026.xlsx
bank_7223534417_26,bank,front_office,2026-03-10,2026-03-10,-13500.0,,,-13500.0,,,,,,,meet-recording/data_sheets_historical/mangal all data sheet/INDIAN BANK/Statement Of Account - MARCH 2026.xlsx
bank_7223534417_27,bank,front_office,2026-03-10,2026-03-10,-16054.0,,,-16054.0,,,,,,,meet-recording/data_sheets_historical/mangal all data sheet/INDIAN BANK/Statement Of Account - MARCH 2026.xlsx
bank_7223534417_28,bank,front_office,2026-03-10,2026-03-10,-9000.0,,,-9000.0,,,,,,,meet-recording/data_sheets_historical/mangal all data sheet/INDIAN BANK/Statement Of Account - MARCH 2026.xlsx
bank_7223534417_29,bank,front_office,2026-03-10,2026-03-10,-12000.0,,,-12000.0,,,,,,,meet-recording/data_sheets_historical/mangal all data sheet/INDIAN BANK/Statement Of Account - MARCH 2026.xlsx
bank_7223534417_30,bank,front_office,2026-03-10,2026-03-10,-12000.0,,,-12000.0,,,,,,,meet-recording/data_sheets_historical/mangal all data sheet/INDIAN BANK/Statement Of Account - MARCH 2026.xlsx
bank_7223534417_31,bank,front_office,2026-03-10,2026-03-10,-8411.0,,,-8411.0,,,,,,,meet-recording/data_sheets_historical/mangal all data sheet/INDIAN BANK/Statement Of Account - MARCH 2026.xlsx
bank_7223534417_32,bank,front_office,2026-03-10,2026-03-10,-9786.0,,,-9786.0,,,,,,,meet-recording/data_sheets_historical/mangal all data sheet/INDIAN BANK/Statement Of Account - MARCH 2026.xlsx
bank_7223534417_33,bank,front_office,2026-03-10,2026-03-10,-5286.0,,,-5286.0,,,,,,,meet-recording/data_sheets_historical/mangal all data sheet/INDIAN BANK/Statement Of Account - MARCH 2026.xlsx
bank_7223534417_34,bank,front_office,2026-03-10,2026-03-10,-12000.0,,,-12000.0,,,,,,,meet-recording/data_sheets_historical/mangal all data sheet/INDIAN BANK/Statement Of Account - MARCH 2026.xlsx
bank_7223534417_35,bank,front_office,2026-03-10,2026-03-10,6264.0,,,6264.0,HDFCN52026031037554889,BANK_TRANSFER,,,,,meet-recording/data_sheets_historical/mangal all data sheet/INDIAN BANK/Statement Of Account - MARCH 2026.xlsx
bank_7223534417_36,bank,front_office,2026-03-11,2026-03-11,3000.0,,,3000.0,YESBN12026031102031380,BANK_TRANSFER,,,,,meet-recording/data_sheets_historical/mangal all data sheet/INDIAN BANK/Statement Of Account - MARCH 2026.xlsx
bank_7223534417_37,bank,front_office,2026-03-11,2026-03-11,3000.0,,,3000.0,YESBN12026031105190855,BANK_TRANSFER,,,,,meet-recording/data_sheets_historical/mangal all data sheet/INDIAN BANK/Statement Of Account - MARCH 2026.xlsx
bank_7223534417_38,bank,front_office,2026-03-11,2026-03-11,-3540.0,,,-3540.0,,,,,,,meet-recording/data_sheets_historical/mangal all data sheet/INDIAN BANK/Statement Of Account - MARCH 2026.xlsx
bank_7223534417_39,bank,front_office,2026-03-11,2026-03-11,5989.0,,,5989.0,HDFCN52026031140260014,BANK_TRANSFER,,,,,meet-recording/data_sheets_historical/mangal all data sheet/INDIAN BANK/Statement Of Account - MARCH 2026.xlsx
bank_7223534417_40,bank,front_office,2026-03-12,2026-03-12,-66585.0,,,-66585.0,,,,,,,meet-recording/data_sheets_historical/mangal all data sheet/INDIAN BANK/Statement Of Account - MARCH 2026.xlsx
bank_7223534417_41,bank,front_office,2026-03-12,2026-03-12,16254.0,,,16254.0,YESBN12026031204983017,BANK_TRANSFER,,,,,meet-recording/data_sheets_historical/mangal all data sheet/INDIAN BANK/Statement Of Account - MARCH 2026.xlsx
bank_7223534417_42,bank,front_office,2026-03-12,2026-03-12,-19010.0,,,-19010.0,,,,,,,meet-recording/data_sheets_historical/mangal all data sheet/INDIAN BANK/Statement Of Account - MARCH 2026.xlsx
bank_7223534417_43,bank,front_office,2026-03-12,2026-03-12,-27972.0,,,-27972.0,,,,,,,meet-recording/data_sheets_historical/mangal all data sheet/INDIAN BANK/Statement Of Account - MARCH 2026.xlsx
bank_7223534417_44,bank,front_office,2026-03-12,2026-03-12,-4600.0,,,-4600.0,,,,,,,meet-recording/data_sheets_historical/mangal all data sheet/INDIAN BANK/Statement Of Account - MARCH 2026.xlsx
bank_7223534417_45,bank,front_office,2026-03-12,2026-03-12,-13000.0,,,-13000.0,,,,,,,meet-recording/data_sheets_historical/mangal all data sheet/INDIAN BANK/Statement Of Account - MARCH 2026.xlsx
bank_7223534417_46,bank,front_office,2026-03-12,2026-03-12,-29700.0,,,-29700.0,,,,,,,meet-recording/data_sheets_historical/mangal all data sheet/INDIAN BANK/Statement Of Account - MARCH 2026.xlsx
bank_7223534417_47,bank,front_office,2026-03-12,2026-03-12,3152.0,,,3152.0,HDFCN52026031242355770,BANK_TRANSFER,,,,,meet-recording/data_sheets_historical/mangal all data sheet/INDIAN BANK/Statement Of Account - MARCH 2026.xlsx
bank_7223534417_48,bank,front_office,2026-03-12,2026-03-12,-5833.0,,,-5833.0,607117718374,,,,,,meet-recording/data_sheets_historical/mangal all data sheet/INDIAN BANK/Statement Of Account - MARCH 2026.xlsx
bank_7223534417_49,bank,front_office,2026-03-12,2026-03-12,-3.0,,,-3.0,TRANSFER TO 88907058877,,,,,,meet-recording/data_sheets_historical/mangal all data sheet/INDIAN BANK/Statement Of Account - MARCH 2026.xlsx
bank_7223534417_50,bank,front_office,2026-03-13,2026-03-13,8000.0,,,8000.0,YESBN12026031305135898,BANK_TRANSFER,,,,,meet-recording/data_sheets_historical/mangal all data sheet/INDIAN BANK/Statement Of Account - MARCH 2026.xlsx
bank_7223534417_51,bank,front_office,2026-03-13,2026-03-13,-24241.0,,,-24241.0,,,,,,,meet-recording/data_sheets_historical/mangal all data sheet/INDIAN BANK/Statement Of Account - MARCH 2026.xlsx
bank_7223534417_52,bank,front_office,2026-03-13,2026-03-13,-5497.0,,,-5497.0,,,,,,,meet-recording/data_sheets_historical/mangal all data sheet/INDIAN BANK/Statement Of Account - MARCH 2026.xlsx
bank_7223534417_53,bank,front_office,2026-03-13,2026-03-13,2335.0,,,2335.0,HDFCN52026031345179210,BANK_TRANSFER,,,,,meet-recording/data_sheets_historical/mangal all data sheet/INDIAN BANK/Statement Of Account - MARCH 2026.xlsx
bank_7223534417_54,bank,front_office,2026-03-14,2026-03-14,28641.95,,,28641.95,YESBN12026031402610991,BANK_TRANSFER,,,,,meet-recording/data_sheets_historical/mangal all data sheet/INDIAN BANK/Statement Of Account - MARCH 2026.xlsx
bank_7223534417_55,bank,front_office,2026-03-15,2026-03-15,8390.31,,,8390.31,YESBN12026031502768014,BANK_TRANSFER,,,,,meet-recording/data_sheets_historical/mangal all data sheet/INDIAN BANK/Statement Of Account - MARCH 2026.xlsx
bank_7223534417_56,bank,front_office,2026-03-15,2026-03-15,5500.0,,,5500.0,YESBN12026031505173797,BANK_TRANSFER,,,,,meet-recording/data_sheets_historical/mangal all data sheet/INDIAN BANK/Statement Of Account - MARCH 2026.xlsx
bank_7223534417_57,bank,front_office,2026-03-15,2026-03-15,-106.2,,,-106.2,,,,,,,meet-recording/data_sheets_historical/mangal all data sheet/INDIAN BANK/Statement Of Account - MARCH 2026.xlsx
bank_7223534417_58,bank,front_office,2026-03-16,2026-03-16,1000.0,,,1000.0,YESBN12026031608703139,BANK_TRANSFER,,,,,meet-recording/data_sheets_historical/mangal all data sheet/INDIAN BANK/Statement Of Account - MARCH 2026.xlsx
bank_7223534417_59,bank,front_office,2026-03-16,2026-03-16,2000.0,,,2000.0,YESBN12026031610689357,BANK_TRANSFER,,,,,meet-recording/data_sheets_historical/mangal all data sheet/INDIAN BANK/Statement Of Account - MARCH 2026.xlsx
bank_7223534417_60,bank,front_office,2026-03-16,2026-03-16,-22950.0,,,-22950.0,,,,,,,meet-recording/data_sheets_historical/mangal all data sheet/INDIAN BANK/Statement Of Account - MARCH 2026.xlsx
bank_7223534417_61,bank,front_office,2026-03-16,2026-03-16,5884.0,,,5884.0,CITIN52026031636970966,BANK_TRANSFER,,,,,meet-recording/data_sheets_historical/mangal all data sheet/INDIAN BANK/Statement Of Account - MARCH 2026.xlsx
bank_7223534417_62,bank,front_office,2026-03-17,2026-03-17,9800.58,,,9800.58,YESBN12026031701636843,BANK_TRANSFER,,,,,meet-recording/data_sheets_historical/mangal all data sheet/INDIAN BANK/Statement Of Account - MARCH 2026.xlsx
bank_7223534417_63,bank,front_office,2026-03-17,2026-03-17,9000.0,,,9000.0,YESBN12026031705089227,BANK_TRANSFER,,,,,meet-recording/data_sheets_historical/mangal all data sheet/INDIAN BANK/Statement Of Account - MARCH 2026.xlsx
bank_7223534417_64,bank,front_office,2026-03-17,2026-03-17,21108.96,,,21108.96,HDFCN52026031750985860,BANK_TRANSFER,,,,,meet-recording/data_sheets_historical/mangal all data sheet/INDIAN BANK/Statement Of Account - MARCH 2026.xlsx
bank_7223534417_65,bank,front_office,2026-03-18,2026-03-18,22013.92,,,22013.92,YESBN12026031805103894,BANK_TRANSFER,,,,,meet-recording/data_sheets_historical/mangal all data sheet/INDIAN BANK/Statement Of Account - MARCH 2026.xlsx
bank_7223534417_66,bank,front_office,2026-03-18,2026-03-18,-9140.0,,,-9140.0,,,,,,,meet-recording/data_sheets_historical/mangal all data sheet/INDIAN BANK/Statement Of Account - MARCH 2026.xlsx
bank_7223534417_67,bank,front_office,2026-03-18,2026-03-18,18049.0,,,18049.0,HDFCN52026031853115125,BANK_TRANSFER,,,,,meet-recording/data_sheets_historical/mangal all data sheet/INDIAN BANK/Statement Of Account - MARCH 2026.xlsx
bank_7223534417_68,bank,front_office,2026-03-19,2026-03-19,5450.14,,,5450.14,YESBN12026031900459929,BANK_TRANSFER,,,,,meet-recording/data_sheets_historical/mangal all data sheet/INDIAN BANK/Statement Of Account - MARCH 2026.xlsx
bank_7223534417_69,bank,front_office,2026-03-19,2026-03-19,480.05,,,480.05,UTIBN62026031954435469,BANK_TRANSFER,,,,,meet-recording/data_sheets_historical/mangal all data sheet/INDIAN BANK/Statement Of Account - MARCH 2026.xlsx
bank_7223534417_70,bank,front_office,2026-03-19,2026-03-19,7034.0,,,7034.0,HDFCN52026031954591771,BANK_TRANSFER,,,,,meet-recording/data_sheets_historical/mangal all data sheet/INDIAN BANK/Statement Of Account - MARCH 2026.xlsx
bank_7223534417_71,bank,front_office,2026-03-20,2026-03-20,5940.17,,,5940.17,YESBN12026032002986098,BANK_TRANSFER,,,,,meet-recording/data_sheets_historical/mangal all data sheet/INDIAN BANK/Statement Of Account - MARCH 2026.xlsx
bank_7223534417_72,bank,front_office,2026-03-20,2026-03-20,36821.08,,,36821.08,YESBN12026032004982656,BANK_TRANSFER,,,,,meet-recording/data_sheets_historical/mangal all data sheet/INDIAN BANK/Statement Of Account - MARCH 2026.xlsx
bank_7223534417_73,bank,front_office,2026-03-20,2026-03-20,17535.0,,,17535.0,HDFCN52026032057002534,BANK_TRANSFER,,,,,meet-recording/data_sheets_historical/mangal all data sheet/INDIAN BANK/Statement Of Account - MARCH 2026.xlsx
bank_7223534417_74,bank,front_office,2026-03-22,2026-03-22,8820.52,,,8820.52,YESBN12026032202784255,BANK_TRANSFER,,,,,meet-recording/data_sheets_historical/mangal all data sheet/INDIAN BANK/Statement Of Account - MARCH 2026.xlsx
bank_7223534417_75,bank,front_office,2026-03-22,2026-03-22,500.0,,,500.0,UTIBN62026032287315165,BANK_TRANSFER,,,,,meet-recording/data_sheets_historical/mangal all data sheet/INDIAN BANK/Statement Of Account - MARCH 2026.xlsx
bank_7223534417_76,bank,front_office,2026-03-23,2026-03-23,500.0,,,500.0,UTIBN62026032392918005,BANK_TRANSFER,,,,,meet-recording/data_sheets_historical/mangal all data sheet/INDIAN BANK/Statement Of Account - MARCH 2026.xlsx
bank_7223534417_77,bank,front_office,2026-03-23,2026-03-23,759282.14,,,759282.14,HSBCN52026032330061310,BANK_TRANSFER,,,,,meet-recording/data_sheets_historical/mangal all data sheet/INDIAN BANK/Statement Of Account - MARCH 2026.xlsx
bank_7223534417_78,bank,front_office,2026-03-23,2026-03-23,34274.02,,,34274.02,HSBCN52026032330062171,BANK_TRANSFER,,,,,meet-recording/data_sheets_historical/mangal all data sheet/INDIAN BANK/Statement Of Account - MARCH 2026.xlsx
bank_7223534417_79,bank,front_office,2026-03-23,2026-03-23,1500.0,,,1500.0,YESBN12026032304855045,BANK_TRANSFER,,,,,meet-recording/data_sheets_historical/mangal all data sheet/INDIAN BANK/Statement Of Account - MARCH 2026.xlsx
bank_7223534417_80,bank,front_office,2026-03-23,2026-03-23,-176017.41,,,-176017.41,RBIS,BANK_TRANSFER,,,,,meet-recording/data_sheets_historical/mangal all data sheet/INDIAN BANK/Statement Of Account - MARCH 2026.xlsx
bank_7223534417_81,bank,front_office,2026-03-23,2026-03-23,-10658.0,,,-10658.0,,,,,,,meet-recording/data_sheets_historical/mangal all data sheet/INDIAN BANK/Statement Of Account - MARCH 2026.xlsx
bank_7223534417_82,bank,front_office,2026-03-23,2026-03-23,49953.0,,,49953.0,HDFCN52026032360456027,BANK_TRANSFER,,,,,meet-recording/data_sheets_historical/mangal all data sheet/INDIAN BANK/Statement Of Account - MARCH 2026.xlsx
bank_7223534417_83,bank,front_office,2026-03-24,2026-03-24,8650.0,,,8650.0,YESBN12026032405030492,BANK_TRANSFER,,,,,meet-recording/data_sheets_historical/mangal all data sheet/INDIAN BANK/Statement Of Account - MARCH 2026.xlsx
bank_7223534417_84,bank,front_office,2026-03-24,2026-03-24,330.0,,,330.0,SBINN52026032487791140,BANK_TRANSFER,,,,,meet-recording/data_sheets_historical/mangal all data sheet/INDIAN BANK/Statement Of Account - MARCH 2026.xlsx
bank_7223534417_85,bank,front_office,2026-03-24,2026-03-24,84830.0,,,84830.0,SBINN52026032487792386,BANK_TRANSFER,,,,,meet-recording/data_sheets_historical/mangal all data sheet/INDIAN BANK/Statement Of Account - MARCH 2026.xlsx
bank_7223534417_86,bank,front_office,2026-03-25,2026-03-25,59000.0,,,59000.0,YESBN12026032501959612,BANK_TRANSFER,,,,,meet-recording/data_sheets_historical/mangal all data sheet/INDIAN BANK/Statement Of Account - MARCH 2026.xlsx
bank_7223534417_87,bank,front_office,2026-03-25,2026-03-25,2000.0,,,2000.0,YESBN12026032504998278,BANK_TRANSFER,,,,,meet-recording/data_sheets_historical/mangal all data sheet/INDIAN BANK/Statement Of Account - MARCH 2026.xlsx
bank_7223534417_88,bank,front_office,2026-03-25,2026-03-25,-100005.61,,,-100005.61,IDFB,BANK_TRANSFER,,,,,meet-recording/data_sheets_historical/mangal all data sheet/INDIAN BANK/Statement Of Account - MARCH 2026.xlsx
bank_7223534417_89,bank,front_office,2026-03-25,2026-03-25,9210.0,,,9210.0,CITIN52026032540900438,BANK_TRANSFER,,,,,meet-recording/data_sheets_historical/mangal all data sheet/INDIAN BANK/Statement Of Account - MARCH 2026.xlsx
bank_7223534417_90,bank,front_office,2026-03-25,2026-03-25,14711.0,,,14711.0,HDFCN52026032564910344,BANK_TRANSFER,,,,,meet-recording/data_sheets_historical/mangal all data sheet/INDIAN BANK/Statement Of Account - MARCH 2026.xlsx
bank_7223534417_91,bank,front_office,2026-03-26,2026-03-26,9500.0,,,9500.0,YESBN12026032605099159,BANK_TRANSFER,,,,,meet-recording/data_sheets_historical/mangal all data sheet/INDIAN BANK/Statement Of Account - MARCH 2026.xlsx
bank_7223534417_92,bank,front_office,2026-03-26,2026-03-26,24131.0,,,24131.0,HDFCN52026032666600641,BANK_TRANSFER,,,,,meet-recording/data_sheets_historical/mangal all data sheet/INDIAN BANK/Statement Of Account - MARCH 2026.xlsx
bank_7223534417_93,bank,front_office,2026-03-27,2026-03-27,10000.0,,,10000.0,YESBN12026032702033481,BANK_TRANSFER,,,,,meet-recording/data_sheets_historical/mangal all data sheet/INDIAN BANK/Statement Of Account - MARCH 2026.xlsx
bank_7223534417_94,bank,front_office,2026-03-27,2026-03-27,19900.0,,,19900.0,YESBN12026032705026640,BANK_TRANSFER,,,,,meet-recording/data_sheets_historical/mangal all data sheet/INDIAN BANK/Statement Of Account - MARCH 2026.xlsx
bank_7223534417_95,bank,front_office,2026-03-27,2026-03-27,-20000.0,,,-20000.0,,,,,,,meet-recording/data_sheets_historical/mangal all data sheet/INDIAN BANK/Statement Of Account - MARCH 2026.xlsx
bank_7223534417_96,bank,front_office,2026-03-27,2026-03-27,23055.0,,,23055.0,HDFCN52026032769781411,BANK_TRANSFER,,,,,meet-recording/data_sheets_historical/mangal all data sheet/INDIAN BANK/Statement Of Account - MARCH 2026.xlsx
bank_7223534417_97,bank,front_office,2026-03-28,2026-03-28,13900.29,,,13900.29,YESBN12026032802845732,BANK_TRANSFER,,,,,meet-recording/data_sheets_historical/mangal all data sheet/INDIAN BANK/Statement Of Account - MARCH 2026.xlsx
bank_7223534417_98,bank,front_office,2026-03-28,2026-03-28,-60005.61,,,-60005.61,PUNB,BANK_TRANSFER,,,,,meet-recording/data_sheets_historical/mangal all data sheet/INDIAN BANK/Statement Of Account - MARCH 2026.xlsx
bank_7223534417_99,bank,front_office,2026-03-29,2026-03-29,1474.65,,,1474.65,YESBN12026032904179072,BANK_TRANSFER,,,,,meet-recording/data_sheets_historical/mangal all data sheet/INDIAN BANK/Statement Of Account - MARCH 2026.xlsx
bank_7223534417_100,bank,front_office,2026-03-29,2026-03-29,3500.0,,,3500.0,YESBN12026032905015518,BANK_TRANSFER,,,,,meet-recording/data_sheets_historical/mangal all data sheet/INDIAN BANK/Statement Of Account - MARCH 2026.xlsx
bank_7223534417_101,bank,front_office,2026-03-30,2026-03-30,6500.0,,,6500.0,YESBN12026033004996818,BANK_TRANSFER,,,,,meet-recording/data_sheets_historical/mangal all data sheet/INDIAN BANK/Statement Of Account - MARCH 2026.xlsx
bank_7223534417_102,bank,front_office,2026-03-30,2026-03-30,-300000.0,,,-300000.0,,,,,,,meet-recording/data_sheets_historical/mangal all data sheet/INDIAN BANK/Statement Of Account - MARCH 2026.xlsx
bank_7223534417_103,bank,front_office,2026-03-30,2026-03-30,57743.01,,,57743.01,HDFCN52026033075412346,BANK_TRANSFER,,,,,meet-recording/data_sheets_historical/mangal all data sheet/INDIAN BANK/Statement Of Account - MARCH 2026.xlsx
bank_7223534417_104,bank,front_office,2026-03-31,2026-03-31,965.0,,,965.0,YESBN12026033103221480,BANK_TRANSFER,,,,,meet-recording/data_sheets_historical/mangal all data sheet/INDIAN BANK/Statement Of Account - MARCH 2026.xlsx
bank_7223534417_105,bank,front_office,2026-03-31,2026-03-31,3200.0,,,3200.0,YESBN12026033105535325,BANK_TRANSFER,,,,,meet-recording/data_sheets_historical/mangal all data sheet/INDIAN BANK/Statement Of Account - MARCH 2026.xlsx
bank_7223534417_106,bank,front_office,2026-03-31,2026-03-31,9280.0,,,9280.0,HDFCN52026033178225456,BANK_TRANSFER,,,,,meet-recording/data_sheets_historical/mangal all data sheet/INDIAN BANK/Statement Of Account - MARCH 2026.xlsx
bank_7223534417_1,bank,front_office,2025-10-01,2025-10-01,3453.72,,,3453.72,YESBN12025100103337416,BANK_TRANSFER,,,,,meet-recording/data_sheets_historical/mangal all data sheet/INDIAN BANK/Statement Of Account - OCTOBER 2025.xlsx
bank_7223534417_2,bank,front_office,2025-10-01,2025-10-01,18534.03,,,18534.03,YESBN12025100105510774,BANK_TRANSFER,,,,,meet-recording/data_sheets_historical/mangal all data sheet/INDIAN BANK/Statement Of Account - OCTOBER 2025.xlsx
bank_7223534417_3,bank,front_office,2025-10-01,2025-10-01,-20005.61,,,-20005.61,UTIB,BANK_TRANSFER,,,,,meet-recording/data_sheets_historical/mangal all data sheet/INDIAN BANK/Statement Of Account - OCTOBER 2025.xlsx
bank_7223534417_4,bank,front_office,2025-10-01,2025-10-01,766.68,,,766.68,CITIN52025100134561893,BANK_TRANSFER,,,,,meet-recording/data_sheets_historical/mangal all data sheet/INDIAN BANK/Statement Of Account - OCTOBER 2025.xlsx
bank_7223534417_5,bank,front_office,2025-10-01,2025-10-01,65606.8,,,65606.8,HDFCN52025100105119955,BANK_TRANSFER,,,,,meet-recording/data_sheets_historical/mangal all data sheet/INDIAN BANK/Statement Of Account - OCTOBER 2025.xlsx
bank_7223534417_6,bank,front_office,2025-10-01,2025-10-01,3961.27,,,3961.27,YESBN12025100106546299,BANK_TRANSFER,,,,,meet-recording/data_sheets_historical/mangal all data sheet/INDIAN BANK/Statement Of Account - OCTOBER 2025.xlsx
bank_7223534417_7,bank,front_office,2025-10-02,2025-10-02,4730.9,,,4730.9,YESBN12025100204359202,BANK_TRANSFER,,,,,meet-recording/data_sheets_historical/mangal all data sheet/INDIAN BANK/Statement Of Account - OCTOBER 2025.xlsx
bank_7223534417_8,bank,front_office,2025-10-02,2025-10-02,4413.19,,,4413.19,YESBN12025100205329966,BANK_TRANSFER,,,,,meet-recording/data_sheets_historical/mangal all data sheet/INDIAN BANK/Statement Of Account - OCTOBER 2025.xlsx
bank_7223534417_9,bank,front_office,2025-10-03,2025-10-03,6794.28,,,6794.28,YESBN12025100302918735,BANK_TRANSFER,,,,,meet-recording/data_sheets_historical/mangal all data sheet/INDIAN BANK/Statement Of Account - OCTOBER 2025.xlsx
bank_7223534417_10,bank,front_office,2025-10-03,2025-10-03,19168.87,,,19168.87,YESBN12025100305084890,BANK_TRANSFER,,,,,meet-recording/data_sheets_historical/mangal all data sheet/INDIAN BANK/Statement Of Account - OCTOBER 2025.xlsx
bank_7223534417_11,bank,front_office,2025-10-03,2025-10-03,14588.0,,,14588.0,HDFCN52025100308648099,BANK_TRANSFER,,,,,meet-recording/data_sheets_historical/mangal all data sheet/INDIAN BANK/Statement Of Account - OCTOBER 2025.xlsx
bank_7223534417_12,bank,front_office,2025-10-04,2025-10-04,13727.37,,,13727.37,YESBN12025100402602758,BANK_TRANSFER,,,,,meet-recording/data_sheets_historical/mangal all data sheet/INDIAN BANK/Statement Of Account - OCTOBER 2025.xlsx
bank_7223534417_13,bank,front_office,2025-10-04,2025-10-04,32665.7,,,32665.7,YESBN12025100407718257,BANK_TRANSFER,,,,,meet-recording/data_sheets_historical/mangal all data sheet/INDIAN BANK/Statement Of Account - OCTOBER 2025.xlsx
bank_7223534417_14,bank,front_office,2025-10-05,2025-10-05,22130.01,,,22130.01,YESBN12025100504008995,BANK_TRANSFER,,,,,meet-recording/data_sheets_historical/mangal all data sheet/INDIAN BANK/Statement Of Account - OCTOBER 2025.xlsx
bank_7223534417_15,bank,front_office,2025-10-05,2025-10-05,5921.0,,,5921.0,YESBN12025100505370177,BANK_TRANSFER,,,,,meet-recording/data_sheets_historical/mangal all data sheet/INDIAN BANK/Statement Of Account - OCTOBER 2025.xlsx
bank_7223534417_16,bank,front_office,2025-10-06,2025-10-06,6281.79,,,6281.79,YESBN12025100603379306,BANK_TRANSFER,,,,,meet-recording/data_sheets_historical/mangal all data sheet/INDIAN BANK/Statement Of Account - OCTOBER 2025.xlsx
bank_7223534417_17,bank,front_office,2025-10-06,2025-10-06,15892.55,,,15892.55,YESBN12025100605407112,BANK_TRANSFER,,,,,meet-recording/data_sheets_historical/mangal all data sheet/INDIAN BANK/Statement Of Account - OCTOBER 2025.xlsx
bank_7223534417_18,bank,front_office,2025-10-06,2025-10-06,460.32,,,460.32,CITIN52025100636244174,BANK_TRANSFER,,,,,meet-recording/data_sheets_historical/mangal all data sheet/INDIAN BANK/Statement Of Account - OCTOBER 2025.xlsx
bank_7223534417_19,bank,front_office,2025-10-06,2025-10-06,7090.0,,,7090.0,HDFCN52025100615747252,BANK_TRANSFER,,,,,meet-recording/data_sheets_historical/mangal all data sheet/INDIAN BANK/Statement Of Account - OCTOBER 2025.xlsx
bank_7223534417_20,bank,front_office,2025-10-07,2025-10-07,4790.0,,,4790.0,YESBN12025100702788446,BANK_TRANSFER,,,,,meet-recording/data_sheets_historical/mangal all data sheet/INDIAN BANK/Statement Of Account - OCTOBER 2025.xlsx
bank_7223534417_21,bank,front_office,2025-10-07,2025-10-07,27009.53,,,27009.53,YESBN12025100705369751,BANK_TRANSFER,,,,,meet-recording/data_sheets_historical/mangal all data sheet/INDIAN BANK/Statement Of Account - OCTOBER 2025.xlsx
bank_7223534417_22,bank,front_office,2025-10-07,2025-10-07,10402.6,,,10402.6,YESBN12025100705715957,BANK_TRANSFER,,,,,meet-recording/data_sheets_historical/mangal all data sheet/INDIAN BANK/Statement Of Account - OCTOBER 2025.xlsx
bank_7223534417_23,bank,front_office,2025-10-07,2025-10-07,3361.0,,,3361.0,HDFCN52025100718747806,BANK_TRANSFER,,,,,meet-recording/data_sheets_historical/mangal all data sheet/INDIAN BANK/Statement Of Account - OCTOBER 2025.xlsx
bank_7223534417_24,bank,front_office,2025-10-08,2025-10-08,11583.43,,,11583.43,YESBN12025100802327835,BANK_TRANSFER,,,,,meet-recording/data_sheets_historical/mangal all data sheet/INDIAN BANK/Statement Of Account - OCTOBER 2025.xlsx
bank_7223534417_25,bank,front_office,2025-10-08,2025-10-08,802760.07,,,802760.07,HSBCN52025100882462200,BANK_TRANSFER,,,,,meet-recording/data_sheets_historical/mangal all data sheet/INDIAN BANK/Statement Of Account - OCTOBER 2025.xlsx
bank_7223534417_26,bank,front_office,2025-10-08,2025-10-08,-500000.0,,,-500000.0,,,,,,,meet-recording/data_sheets_historical/mangal all data sheet/INDIAN BANK/Statement Of Account - OCTOBER 2025.xlsx
bank_7223534417_27,bank,front_office,2025-10-08,2025-10-08,16450.78,,,16450.78,HSBCN52025100882468359,BANK_TRANSFER,,,,,meet-recording/data_sheets_historical/mangal all data sheet/INDIAN BANK/Statement Of Account - OCTOBER 2025.xlsx
bank_7223534417_28,bank,front_office,2025-10-08,2025-10-08,28842.16,,,28842.16,YESBN12025100805392495,BANK_TRANSFER,,,,,meet-recording/data_sheets_historical/mangal all data sheet/INDIAN BANK/Statement Of Account - OCTOBER 2025.xlsx
bank_7223534417_29,bank,front_office,2025-10-08,2025-10-08,-53251.0,,,-53251.0,,,,,,,meet-recording/data_sheets_historical/mangal all data sheet/INDIAN BANK/Statement Of Account - OCTOBER 2025.xlsx
bank_7223534417_30,bank,front_office,2025-10-08,2025-10-08,-902.0,,,-902.0,,,,,,,meet-recording/data_sheets_historical/mangal all data sheet/INDIAN BANK/Statement Of Account - OCTOBER 2025.xlsx
bank_7223534417_31,bank,front_office,2025-10-08,2025-10-08,-1412.0,,,-1412.0,,,,,,,meet-recording/data_sheets_historical/mangal all data sheet/INDIAN BANK/Statement Of Account - OCTOBER 2025.xlsx
bank_7223534417_32,bank,front_office,2025-10-08,2025-10-08,25964.0,,,25964.0,HDFCN52025100822652305,BANK_TRANSFER,,,,,meet-recording/data_sheets_historical/mangal all data sheet/INDIAN BANK/Statement Of Account - OCTOBER 2025.xlsx
bank_7223534417_33,bank,front_office,2025-10-09,2025-10-09,2978.07,,,2978.07,YESBN12025100902793599,BANK_TRANSFER,,,,,meet-recording/data_sheets_historical/mangal all data sheet/INDIAN BANK/Statement Of Account - OCTOBER 2025.xlsx
bank_7223534417_34,bank,front_office,2025-10-09,2025-10-09,14459.03,,,14459.03,YESBN12025100905887314,BANK_TRANSFER,,,,,meet-recording/data_sheets_historical/mangal all data sheet/INDIAN BANK/Statement Of Account - OCTOBER 2025.xlsx
bank_7223534417_35,bank,front_office,2025-10-09,2025-10-09,2080.0,,,2080.0,HDFCN52025100925366728,BANK_TRANSFER,,,,,meet-recording/data_sheets_historical/mangal all data sheet/INDIAN BANK/Statement Of Account - OCTOBER 2025.xlsx
bank_7223534417_36,bank,front_office,2025-10-10,2025-10-10,4862.0,,,4862.0,YESBN12025101001980064,BANK_TRANSFER,,,,,meet-recording/data_sheets_historical/mangal all data sheet/INDIAN BANK/Statement Of Account - OCTOBER 2025.xlsx
bank_7223534417_37,bank,front_office,2025-10-10,2025-10-10,17342.53,,,17342.53,YESBN12025101005597825,BANK_TRANSFER,,,,,meet-recording/data_sheets_historical/mangal all data sheet/INDIAN BANK/Statement Of Account - OCTOBER 2025.xlsx
bank_7223534417_38,bank,front_office,2025-10-10,2025-10-10,-60000.0,,,-60000.0,,,,,,,meet-recording/data_sheets_historical/mangal all data sheet/INDIAN BANK/Statement Of Account - OCTOBER 2025.xlsx
bank_7223534417_39,bank,front_office,2025-10-10,2025-10-10,-438850.0,,,-438850.0,,,,,,,meet-recording/data_sheets_historical/mangal all data sheet/INDIAN BANK/Statement Of Account - OCTOBER 2025.xlsx
bank_7223534417_40,bank,front_office,2025-10-10,2025-10-10,-22955.61,,,-22955.61,SBIN,BANK_TRANSFER,,,,,meet-recording/data_sheets_historical/mangal all data sheet/INDIAN BANK/Statement Of Account - OCTOBER 2025.xlsx
bank_7223534417_41,bank,front_office,2025-10-10,2025-10-10,-20005.61,,,-20005.61,PUNB,BANK_TRANSFER,,,,,meet-recording/data_sheets_historical/mangal all data sheet/INDIAN BANK/Statement Of Account - OCTOBER 2025.xlsx
bank_7223534417_42,bank,front_office,2025-10-10,2025-10-10,-10002.66,,,-10002.66,UTIB,BANK_TRANSFER,,,,,meet-recording/data_sheets_historical/mangal all data sheet/INDIAN BANK/Statement Of Account - OCTOBER 2025.xlsx
bank_7223534417_43,bank,front_office,2025-10-10,2025-10-10,7107.0,,,7107.0,HDFCN52025101027981074,BANK_TRANSFER,,,,,meet-recording/data_sheets_historical/mangal all data sheet/INDIAN BANK/Statement Of Account - OCTOBER 2025.xlsx
bank_7223534417_44,bank,front_office,2025-10-11,2025-10-11,10368.6,,,10368.6,YESBN12025101104955369,BANK_TRANSFER,,,,,meet-recording/data_sheets_historical/mangal all data sheet/INDIAN BANK/Statement Of Account - OCTOBER 2025.xlsx
bank_7223534417_45,bank,front_office,2025-10-11,2025-10-11,-138407.0,,,-138407.0,,,,,,,meet-recording/data_sheets_historical/mangal all data sheet/INDIAN BANK/Statement Of Account - OCTOBER 2025.xlsx
bank_7223534417_46,bank,front_office,2025-10-11,2025-10-11,-12230.0,,,-12230.0,,,,,,,meet-recording/data_sheets_historical/mangal all data sheet/INDIAN BANK/Statement Of Account - OCTOBER 2025.xlsx
bank_7223534417_47,bank,front_office,2025-10-12,2025-10-12,29553.5,,,29553.5,YESBN12025101206019691,BANK_TRANSFER,,,,,meet-recording/data_sheets_historical/mangal all data sheet/INDIAN BANK/Statement Of Account - OCTOBER 2025.xlsx
bank_7223534417_48,bank,front_office,2025-10-13,2025-10-13,16497.19,,,16497.19,YESBN12025101305391509,BANK_TRANSFER,,,,,meet-recording/data_sheets_historical/mangal all data sheet/INDIAN BANK/Statement Of Account - OCTOBER 2025.xlsx
bank_7223534417_49,bank,front_office,2025-10-13,2025-10-13,250000.0,,,250000.0,,,,,,,meet-recording/data_sheets_historical/mangal all data sheet/INDIAN BANK/Statement Of Account - OCTOBER 2025.xlsx
bank_7223534417_50,bank,front_office,2025-10-13,2025-10-13,316.96,,,316.96,CITIN52025101338846892,BANK_TRANSFER,,,,,meet-recording/data_sheets_historical/mangal all data sheet/INDIAN BANK/Statement Of Account - OCTOBER 2025.xlsx
bank_7223534417_51,bank,front_office,2025-10-13,2025-10-13,20891.0,,,20891.0,HDFCN52025101332936023,BANK_TRANSFER,,,,,meet-recording/data_sheets_historical/mangal all data sheet/INDIAN BANK/Statement Of Account - OCTOBER 2025.xlsx
bank_7223534417_52,bank,front_office,2025-10-14,2025-10-14,6500.0,,,6500.0,YESBN12025101405478600,BANK_TRANSFER,,,,,meet-recording/data_sheets_historical/mangal all data sheet/INDIAN BANK/Statement Of Account - OCTOBER 2025.xlsx
bank_7223534417_53,bank,front_office,2025-10-14,2025-10-14,5000.0,,,5000.0,,,,,,,meet-recording/data_sheets_historical/mangal all data sheet/INDIAN BANK/Statement Of Account - OCTOBER 2025.xlsx
bank_7223534417_54,bank,front_office,2025-10-14,2025-10-14,-6021.0,,,-6021.0,,,,,,,meet-recording/data_sheets_historical/mangal all data sheet/INDIAN BANK/Statement Of Account - OCTOBER 2025.xlsx
bank_7223534417_55,bank,front_office,2025-10-14,2025-10-14,-6060.0,,,-6060.0,,,,,,,meet-recording/data_sheets_historical/mangal all data sheet/INDIAN BANK/Statement Of Account - OCTOBER 2025.xlsx
bank_7223534417_56,bank,front_office,2025-10-14,2025-10-14,9454.0,,,9454.0,HDFCN52025101435549846,BANK_TRANSFER,,,,,meet-recording/data_sheets_historical/mangal all data sheet/INDIAN BANK/Statement Of Account - OCTOBER 2025.xlsx
bank_7223534417_57,bank,front_office,2025-10-15,2025-10-15,-26475.0,,,-26475.0,,,,,,,meet-recording/data_sheets_historical/mangal all data sheet/INDIAN BANK/Statement Of Account - OCTOBER 2025.xlsx
bank_7223534417_58,bank,front_office,2025-10-16,2025-10-16,7850.01,,,7850.01,YESBN12025101605175518,BANK_TRANSFER,,,,,meet-recording/data_sheets_historical/mangal all data sheet/INDIAN BANK/Statement Of Account - OCTOBER 2025.xlsx
bank_7223534417_59,bank,front_office,2025-10-16,2025-10-16,-60978.0,,,-60978.0,,,,,,,meet-recording/data_sheets_historical/mangal all data sheet/INDIAN BANK/Statement Of Account - OCTOBER 2025.xlsx
bank_7223534417_60,bank,front_office,2025-10-16,2025-10-16,-47695.0,,,-47695.0,,,,,,,meet-recording/data_sheets_historical/mangal all data sheet/INDIAN BANK/Statement Of Account - OCTOBER 2025.xlsx
bank_7223534417_61,bank,front_office,2025-10-16,2025-10-16,-29700.0,,,-29700.0,,,,,,,meet-recording/data_sheets_historical/mangal all data sheet/INDIAN BANK/Statement Of Account - OCTOBER 2025.xlsx
bank_7223534417_62,bank,front_office,2025-10-17,2025-10-17,-95399.0,,,-95399.0,,,,,,,meet-recording/data_sheets_historical/mangal all data sheet/INDIAN BANK/Statement Of Account - OCTOBER 2025.xlsx
bank_7223534417_63,bank,front_office,2025-10-17,2025-10-17,6936.12,,,6936.12,YESBN12025101705164567,BANK_TRANSFER,,,,,meet-recording/data_sheets_historical/mangal all data sheet/INDIAN BANK/Statement Of Account - OCTOBER 2025.xlsx
bank_7223534417_64,bank,front_office,2025-10-17,2025-10-17,-28165.0,,,-28165.0,,,,,,,meet-recording/data_sheets_historical/mangal all data sheet/INDIAN BANK/Statement Of Account - OCTOBER 2025.xlsx
bank_7223534417_65,bank,front_office,2025-10-17,2025-10-17,-23330.0,,,-23330.0,,,,,,,meet-recording/data_sheets_historical/mangal all data sheet/INDIAN BANK/Statement Of Account - OCTOBER 2025.xlsx
bank_7223534417_66,bank,front_office,2025-10-17,2025-10-17,11147.0,,,11147.0,HDFCN52025101744191712,BANK_TRANSFER,,,,,meet-recording/data_sheets_historical/mangal all data sheet/INDIAN BANK/Statement Of Account - OCTOBER 2025.xlsx
bank_7223534417_67,bank,front_office,2025-10-18,2025-10-18,-23934.0,,,-23934.0,,,,,,,meet-recording/data_sheets_historical/mangal all data sheet/INDIAN BANK/Statement Of Account - OCTOBER 2025.xlsx
bank_7223534417_68,bank,front_office,2025-10-18,2025-10-18,8038.8,,,8038.8,YESBN12025101805300485,BANK_TRANSFER,,,,,meet-recording/data_sheets_historical/mangal all data sheet/INDIAN BANK/Statement Of Account - OCTOBER 2025.xlsx
bank_7223534417_69,bank,front_office,2025-10-19,2025-10-19,-25635.0,,,-25635.0,,,,,,,meet-recording/data_sheets_historical/mangal all data sheet/INDIAN BANK/Statement Of Account - OCTOBER 2025.xlsx
bank_7223534417_70,bank,front_office,2025-10-19,2025-10-19,25232.19,,,25232.19,YESBN12025101905235954,BANK_TRANSFER,,,,,meet-recording/data_sheets_historical/mangal all data sheet/INDIAN BANK/Statement Of Account - OCTOBER 2025.xlsx
bank_7223534417_71,bank,front_office,2025-10-20,2025-10-20,34511.5,,,34511.5,YESBN12025102005316534,BANK_TRANSFER,,,,,meet-recording/data_sheets_historical/mangal all data sheet/INDIAN BANK/Statement Of Account - OCTOBER 2025.xlsx
bank_7223534417_72,bank,front_office,2025-10-20,2025-10-20,-8614.0,,,-8614.0,,,,,,,meet-recording/data_sheets_historical/mangal all data sheet/INDIAN BANK/Statement Of Account - OCTOBER 2025.xlsx
bank_7223534417_73,bank,front_office,2025-10-21,2025-10-21,77272.0,,,77272.0,YESBN12025102105188293,BANK_TRANSFER,,,,,meet-recording/data_sheets_historical/mangal all data sheet/INDIAN BANK/Statement Of Account - OCTOBER 2025.xlsx
bank_7223534417_74,bank,front_office,2025-10-21,2025-10-21,18821.0,,,18821.0,HDFCN52025102150755881,BANK_TRANSFER,,,,,meet-recording/data_sheets_historical/mangal all data sheet/INDIAN BANK/Statement Of Account - OCTOBER 2025.xlsx
bank_7223534417_75,bank,front_office,2025-10-22,2025-10-22,47710.9,,,47710.9,YESBN12025102204533144,BANK_TRANSFER,,,,,meet-recording/data_sheets_historical/mangal all data sheet/INDIAN BANK/Statement Of Account - OCTOBER 2025.xlsx
bank_7223534417_76,bank,front_office,2025-10-23,2025-10-23,40142.5,,,40142.5,YESBN12025102304687146,BANK_TRANSFER,,,,,meet-recording/data_sheets_historical/mangal all data sheet/INDIAN BANK/Statement Of Account - OCTOBER 2025.xlsx
bank_7223534417_77,bank,front_office,2025-10-23,2025-10-23,-1013.0,,,-1013.0,,,,,,,meet-recording/data_sheets_historical/mangal all data sheet/INDIAN BANK/Statement Of Account - OCTOBER 2025.xlsx
bank_7223534417_78,bank,front_office,2025-10-24,2025-10-24,-100000.0,,,-100000.0,,,,,,,meet-recording/data_sheets_historical/mangal all data sheet/INDIAN BANK/Statement Of Account - OCTOBER 2025.xlsx
bank_7223534417_79,bank,front_office,2025-10-24,2025-10-24,47351.32,,,47351.32,YESBN12025102404758871,BANK_TRANSFER,,,,,meet-recording/data_sheets_historical/mangal all data sheet/INDIAN BANK/Statement Of Account - OCTOBER 2025.xlsx
bank_7223534417_80,bank,front_office,2025-10-24,2025-10-24,-16803.0,,,-16803.0,,,,,,,meet-recording/data_sheets_historical/mangal all data sheet/INDIAN BANK/Statement Of Account - OCTOBER 2025.xlsx
bank_7223534417_81,bank,front_office,2025-10-24,2025-10-24,-235029.0,,,-235029.0,IDIBR52025102448245405,BANK_TRANSFER,,,,,meet-recording/data_sheets_historical/mangal all data sheet/INDIAN BANK/Statement Of Account - OCTOBER 2025.xlsx
bank_7223534417_82,bank,front_office,2025-10-24,2025-10-24,-2891.0,,,-2891.0,,,,,,,meet-recording/data_sheets_historical/mangal all data sheet/INDIAN BANK/Statement Of Account - OCTOBER 2025.xlsx
bank_7223534417_83,bank,front_office,2025-10-24,2025-10-24,-6969.0,,,-6969.0,,,,,,,meet-recording/data_sheets_historical/mangal all data sheet/INDIAN BANK/Statement Of Account - OCTOBER 2025.xlsx
bank_7223534417_84,bank,front_office,2025-10-24,2025-10-24,3013.0,,,3013.0,HDFCN52025102454921072,BANK_TRANSFER,,,,,meet-recording/data_sheets_historical/mangal all data sheet/INDIAN BANK/Statement Of Account - OCTOBER 2025.xlsx
bank_7223534417_85,bank,front_office,2025-10-25,2025-10-25,10500.0,,,10500.0,,,,,,,meet-recording/data_sheets_historical/mangal all data sheet/INDIAN BANK/Statement Of Account - OCTOBER 2025.xlsx
bank_7223534417_86,bank,front_office,2025-10-25,2025-10-25,117124.71,,,117124.71,YESBN12025102504898005,BANK_TRANSFER,,,,,meet-recording/data_sheets_historical/mangal all data sheet/INDIAN BANK/Statement Of Account - OCTOBER 2025.xlsx
bank_7223534417_87,bank,front_office,2025-10-26,2025-10-26,91575.2,,,91575.2,YESBN12025102604777569,BANK_TRANSFER,,,,,meet-recording/data_sheets_historical/mangal all data sheet/INDIAN BANK/Statement Of Account - OCTOBER 2025.xlsx
bank_7223534417_88,bank,front_office,2025-10-27,2025-10-27,34436.28,,,34436.28,YESBN12025102704767364,BANK_TRANSFER,,,,,meet-recording/data_sheets_historical/mangal all data sheet/INDIAN BANK/Statement Of Account - OCTOBER 2025.xlsx
bank_7223534417_89,bank,front_office,2025-10-27,2025-10-27,-72965.0,,,-72965.0,,,,,,,meet-recording/data_sheets_historical/mangal all data sheet/INDIAN BANK/Statement Of Account - OCTOBER 2025.xlsx
bank_7223534417_90,bank,front_office,2025-10-27,2025-10-27,-3183.0,,,-3183.0,,,,,,,meet-recording/data_sheets_historical/mangal all data sheet/INDIAN BANK/Statement Of Account - OCTOBER 2025.xlsx
bank_7223534417_91,bank,front_office,2025-10-27,2025-10-27,24035.0,,,24035.0,HDFCN52025102758064498,BANK_TRANSFER,,,,,meet-recording/data_sheets_historical/mangal all data sheet/INDIAN BANK/Statement Of Account - OCTOBER 2025.xlsx
bank_7223534417_92,bank,front_office,2025-10-28,2025-10-28,1.0,,,1.0,,,,,,,meet-recording/data_sheets_historical/mangal all data sheet/INDIAN BANK/Statement Of Account - OCTOBER 2025.xlsx
bank_7223534417_93,bank,front_office,2025-10-28,2025-10-28,51336.53,,,51336.53,YESBN12025102804701890,BANK_TRANSFER,,,,,meet-recording/data_sheets_historical/mangal all data sheet/INDIAN BANK/Statement Of Account - OCTOBER 2025.xlsx
bank_7223534417_94,bank,front_office,2025-10-28,2025-10-28,26215.0,,,26215.0,HDFCN52025102859704037,BANK_TRANSFER,,,,,meet-recording/data_sheets_historical/mangal all data sheet/INDIAN BANK/Statement Of Account - OCTOBER 2025.xlsx
bank_7223534417_95,bank,front_office,2025-10-29,2025-10-29,2.0,,,2.0,,,,,,,meet-recording/data_sheets_historical/mangal all data sheet/INDIAN BANK/Statement Of Account - OCTOBER 2025.xlsx
bank_7223534417_96,bank,front_office,2025-10-29,2025-10-29,13234.05,,,13234.05,YESBN12025102904691627,BANK_TRANSFER,,,,,meet-recording/data_sheets_historical/mangal all data sheet/INDIAN BANK/Statement Of Account - OCTOBER 2025.xlsx
bank_7223534417_97,bank,front_office,2025-10-29,2025-10-29,-10309.0,,,-10309.0,,,,,,,meet-recording/data_sheets_historical/mangal all data sheet/INDIAN BANK/Statement Of Account - OCTOBER 2025.xlsx
bank_7223534417_98,bank,front_office,2025-10-29,2025-10-29,8944.0,,,8944.0,HDFCN52025102961957132,BANK_TRANSFER,,,,,meet-recording/data_sheets_historical/mangal all data sheet/INDIAN BANK/Statement Of Account - OCTOBER 2025.xlsx
bank_7223534417_99,bank,front_office,2025-10-30,2025-10-30,-100000.0,,,-100000.0,,,,,,,meet-recording/data_sheets_historical/mangal all data sheet/INDIAN BANK/Statement Of Account - OCTOBER 2025.xlsx
bank_7223534417_100,bank,front_office,2025-10-30,2025-10-30,11674.72,,,11674.72,YESBN12025103004803882,BANK_TRANSFER,,,,,meet-recording/data_sheets_historical/mangal all data sheet/INDIAN BANK/Statement Of Account - OCTOBER 2025.xlsx
bank_7223534417_101,bank,front_office,2025-10-30,2025-10-30,48593.0,,,48593.0,HDFCN52025103063867217,BANK_TRANSFER,,,,,meet-recording/data_sheets_historical/mangal all data sheet/INDIAN BANK/Statement Of Account - OCTOBER 2025.xlsx
bank_7223534417_102,bank,front_office,2025-10-31,2025-10-31,13000.0,,,13000.0,,,,,,,meet-recording/data_sheets_historical/mangal all data sheet/INDIAN BANK/Statement Of Account - OCTOBER 2025.xlsx
bank_7223534417_103,bank,front_office,2025-10-31,2025-10-31,-750.0,,,-750.0,,,,,,,meet-recording/data_sheets_historical/mangal all data sheet/INDIAN BANK/Statement Of Account - OCTOBER 2025.xlsx
bank_7223534417_104,bank,front_office,2025-10-31,2025-10-31,5212.49,,,5212.49,YESBN12025103104818333,BANK_TRANSFER,,,,,meet-recording/data_sheets_historical/mangal all data sheet/INDIAN BANK/Statement Of Account - OCTOBER 2025.xlsx
bank_7223534417_105,bank,front_office,2025-10-31,2025-10-31,-50000.0,,,-50000.0,,,,,,,meet-recording/data_sheets_historical/mangal all data sheet/INDIAN BANK/Statement Of Account - OCTOBER 2025.xlsx
bank_7223534417_106,bank,front_office,2025-10-31,2025-10-31,2600.0,,,2600.0,HDFCN52025103167116291,BANK_TRANSFER,,,,,meet-recording/data_sheets_historical/mangal all data sheet/INDIAN BANK/Statement Of Account - OCTOBER 2025.xlsx
bank_7223534417_1,bank,front_office,2025-09-01,2025-09-01,5391.6,,,5391.6,YESBN12025090102239225,BANK_TRANSFER,,,,,meet-recording/data_sheets_historical/mangal all data sheet/INDIAN BANK/Statement Of Account - SEPTEMBER 2025.xlsx
bank_7223534417_2,bank,front_office,2025-09-01,2025-09-01,737.0,,,737.0,YESBN12025090105062630,BANK_TRANSFER,,,,,meet-recording/data_sheets_historical/mangal all data sheet/INDIAN BANK/Statement Of Account - SEPTEMBER 2025.xlsx
bank_7223534417_3,bank,front_office,2025-09-01,2025-09-01,1381.72,,,1381.72,CITIN52025090119387647,BANK_TRANSFER,,,,,meet-recording/data_sheets_historical/mangal all data sheet/INDIAN BANK/Statement Of Account - SEPTEMBER 2025.xlsx
bank_7223534417_4,bank,front_office,2025-09-01,2025-09-01,29768.0,,,29768.0,HDFCN52025090144033761,BANK_TRANSFER,,,,,meet-recording/data_sheets_historical/mangal all data sheet/INDIAN BANK/Statement Of Account - SEPTEMBER 2025.xlsx
bank_7223534417_5,bank,front_office,2025-09-02,2025-09-02,3651.0,,,3651.0,YESBN12025090203433650,BANK_TRANSFER,,,,,meet-recording/data_sheets_historical/mangal all data sheet/INDIAN BANK/Statement Of Account - SEPTEMBER 2025.xlsx
bank_7223534417_6,bank,front_office,2025-09-02,2025-09-02,469.0,,,469.0,YESBN12025090205076127,BANK_TRANSFER,,,,,meet-recording/data_sheets_historical/mangal all data sheet/INDIAN BANK/Statement Of Account - SEPTEMBER 2025.xlsx
bank_7223534417_7,bank,front_office,2025-09-02,2025-09-02,-500000.0,,,-500000.0,,,,,,,meet-recording/data_sheets_historical/mangal all data sheet/INDIAN BANK/Statement Of Account - SEPTEMBER 2025.xlsx
bank_7223534417_8,bank,front_office,2025-09-02,2025-09-02,15833.0,,,15833.0,HDFCN52025090246453728,BANK_TRANSFER,,,,,meet-recording/data_sheets_historical/mangal all data sheet/INDIAN BANK/Statement Of Account - SEPTEMBER 2025.xlsx
bank_7223534417_9,bank,front_office,2025-09-03,2025-09-03,3362.31,,,3362.31,YESBN12025090304383543,BANK_TRANSFER,,,,,meet-recording/data_sheets_historical/mangal all data sheet/INDIAN BANK/Statement Of Account - SEPTEMBER 2025.xlsx
bank_7223534417_10,bank,front_office,2025-09-03,2025-09-03,10887.03,,,10887.03,YESBN12025090305370776,BANK_TRANSFER,,,,,meet-recording/data_sheets_historical/mangal all data sheet/INDIAN BANK/Statement Of Account - SEPTEMBER 2025.xlsx
bank_7223534417_11,bank,front_office,2025-09-03,2025-09-03,2149.94,,,2149.94,CITIN52025090320243933,BANK_TRANSFER,,,,,meet-recording/data_sheets_historical/mangal all data sheet/INDIAN BANK/Statement Of Account - SEPTEMBER 2025.xlsx
bank_7223534417_12,bank,front_office,2025-09-03,2025-09-03,2750.0,,,2750.0,HDFCN52025090349097000,BANK_TRANSFER,,,,,meet-recording/data_sheets_historical/mangal all data sheet/INDIAN BANK/Statement Of Account - SEPTEMBER 2025.xlsx
bank_7223534417_13,bank,front_office,2025-09-04,2025-09-04,5924.0,,,5924.0,YESBN12025090404076040,BANK_TRANSFER,,,,,meet-recording/data_sheets_historical/mangal all data sheet/INDIAN BANK/Statement Of Account - SEPTEMBER 2025.xlsx
bank_7223534417_14,bank,front_office,2025-09-04,2025-09-04,12253.68,,,12253.68,YESBN12025090405359552,BANK_TRANSFER,,,,,meet-recording/data_sheets_historical/mangal all data sheet/INDIAN BANK/Statement Of Account - SEPTEMBER 2025.xlsx
bank_7223534417_15,bank,front_office,2025-09-04,2025-09-04,8166.0,,,8166.0,HDFCN52025090451970983,BANK_TRANSFER,,,,,meet-recording/data_sheets_historical/mangal all data sheet/INDIAN BANK/Statement Of Account - SEPTEMBER 2025.xlsx
bank_7223534417_16,bank,front_office,2025-09-05,2025-09-05,5329.0,,,5329.0,YESBN12025090503793538,BANK_TRANSFER,,,,,meet-recording/data_sheets_historical/mangal all data sheet/INDIAN BANK/Statement Of Account - SEPTEMBER 2025.xlsx
bank_7223534417_17,bank,front_office,2025-09-05,2025-09-05,5201.1,,,5201.1,YESBN12025090505336358,BANK_TRANSFER,,,,,meet-recording/data_sheets_historical/mangal all data sheet/INDIAN BANK/Statement Of Account - SEPTEMBER 2025.xlsx
bank_7223534417_18,bank,front_office,2025-09-05,2025-09-05,-106.2,,,-106.2,,,,,,,meet-recording/data_sheets_historical/mangal all data sheet/INDIAN BANK/Statement Of Account - SEPTEMBER 2025.xlsx
bank_7223534417_19,bank,front_office,2025-09-05,2025-09-05,3065.0,,,3065.0,HDFCN52025090553733992,BANK_TRANSFER,,,,,meet-recording/data_sheets_historical/mangal all data sheet/INDIAN BANK/Statement Of Account - SEPTEMBER 2025.xlsx
bank_7223534417_20,bank,front_office,2025-09-06,2025-09-06,6996.4,,,6996.4,YESBN12025090604023228,BANK_TRANSFER,,,,,meet-recording/data_sheets_historical/mangal all data sheet/INDIAN BANK/Statement Of Account - SEPTEMBER 2025.xlsx
bank_7223534417_21,bank,front_office,2025-09-06,2025-09-06,7151.89,,,7151.89,YESBN12025090605262894,BANK_TRANSFER,,,,,meet-recording/data_sheets_historical/mangal all data sheet/INDIAN BANK/Statement Of Account - SEPTEMBER 2025.xlsx
bank_7223534417_22,bank,front_office,2025-09-06,2025-09-06,-6329.0,,,-6329.0,,,,,,,meet-recording/data_sheets_historical/mangal all data sheet/INDIAN BANK/Statement Of Account - SEPTEMBER 2025.xlsx
bank_7223534417_23,bank,front_office,2025-09-06,2025-09-06,-1406.0,,,-1406.0,,,,,,,meet-recording/data_sheets_historical/mangal all data sheet/INDIAN BANK/Statement Of Account - SEPTEMBER 2025.xlsx
bank_7223534417_24,bank,front_office,2025-09-07,2025-09-07,15011.0,,,15011.0,YESBN12025090702931136,BANK_TRANSFER,,,,,meet-recording/data_sheets_historical/mangal all data sheet/INDIAN BANK/Statement Of Account - SEPTEMBER 2025.xlsx
bank_7223534417_25,bank,front_office,2025-09-07,2025-09-07,31418.0,,,31418.0,YESBN12025090705438509,BANK_TRANSFER,,,,,meet-recording/data_sheets_historical/mangal all data sheet/INDIAN BANK/Statement Of Account - SEPTEMBER 2025.xlsx
bank_7223534417_26,bank,front_office,2025-09-08,2025-09-08,17146.12,,,17146.12,YESBN12025090802560887,BANK_TRANSFER,,,,,meet-recording/data_sheets_historical/mangal all data sheet/INDIAN BANK/Statement Of Account - SEPTEMBER 2025.xlsx
bank_7223534417_27,bank,front_office,2025-09-08,2025-09-08,1876144.81,,,1876144.81,HSBCN52025090873849546,BANK_TRANSFER,,,,,meet-recording/data_sheets_historical/mangal all data sheet/INDIAN BANK/Statement Of Account - SEPTEMBER 2025.xlsx
bank_7223534417_28,bank,front_office,2025-09-08,2025-09-08,66570.86,,,66570.86,HSBCN52025090873851978,BANK_TRANSFER,,,,,meet-recording/data_sheets_historical/mangal all data sheet/INDIAN BANK/Statement Of Account - SEPTEMBER 2025.xlsx
bank_7223534417_29,bank,front_office,2025-09-08,2025-09-08,16200.0,,,16200.0,YESBN12025090805281365,BANK_TRANSFER,,,,,meet-recording/data_sheets_historical/mangal all data sheet/INDIAN BANK/Statement Of Account - SEPTEMBER 2025.xlsx
bank_7223534417_30,bank,front_office,2025-09-08,2025-09-08,-295.0,,,-295.0,,,,,,,meet-recording/data_sheets_historical/mangal all data sheet/INDIAN BANK/Statement Of Account - SEPTEMBER 2025.xlsx
bank_7223534417_31,bank,front_office,2025-09-08,2025-09-08,-295.0,,,-295.0,,,,,,,meet-recording/data_sheets_historical/mangal all data sheet/INDIAN BANK/Statement Of Account - SEPTEMBER 2025.xlsx
bank_7223534417_32,bank,front_office,2025-09-08,2025-09-08,13692.0,,,13692.0,HDFCN52025090860055917,BANK_TRANSFER,,,,,meet-recording/data_sheets_historical/mangal all data sheet/INDIAN BANK/Statement Of Account - SEPTEMBER 2025.xlsx
bank_7223534417_33,bank,front_office,2025-09-09,2025-09-09,9485.0,,,9485.0,YESBN12025090902993878,BANK_TRANSFER,,,,,meet-recording/data_sheets_historical/mangal all data sheet/INDIAN BANK/Statement Of Account - SEPTEMBER 2025.xlsx
bank_7223534417_34,bank,front_office,2025-09-09,2025-09-09,24138.0,,,24138.0,YESBN12025090905585944,BANK_TRANSFER,,,,,meet-recording/data_sheets_historical/mangal all data sheet/INDIAN BANK/Statement Of Account - SEPTEMBER 2025.xlsx
bank_7223534417_35,bank,front_office,2025-09-09,2025-09-09,-150768.41,,,-150768.41,SBIN,BANK_TRANSFER,,,,,meet-recording/data_sheets_historical/mangal all data sheet/INDIAN BANK/Statement Of Account - SEPTEMBER 2025.xlsx
bank_7223534417_36,bank,front_office,2025-09-09,2025-09-09,-449952.0,,,-449952.0,,,,,,,meet-recording/data_sheets_historical/mangal all data sheet/INDIAN BANK/Statement Of Account - SEPTEMBER 2025.xlsx
bank_7223534417_37,bank,front_office,2025-09-09,2025-09-09,-800000.0,,,-800000.0,,,,,,,meet-recording/data_sheets_historical/mangal all data sheet/INDIAN BANK/Statement Of Account - SEPTEMBER 2025.xlsx
bank_7223534417_38,bank,front_office,2025-09-09,2025-09-09,-204762.21,,,-204762.21,IDFB,BANK_TRANSFER,,,,,meet-recording/data_sheets_historical/mangal all data sheet/INDIAN BANK/Statement Of Account - SEPTEMBER 2025.xlsx
bank_7223534417_39,bank,front_office,2025-09-09,2025-09-09,2144.53,,,2144.53,YESBN12025090906115030,BANK_TRANSFER,,,,,meet-recording/data_sheets_historical/mangal all data sheet/INDIAN BANK/Statement Of Account - SEPTEMBER 2025.xlsx
bank_7223534417_40,bank,front_office,2025-09-09,2025-09-09,1965.0,,,1965.0,HDFCN52025090963020870,BANK_TRANSFER,,,,,meet-recording/data_sheets_historical/mangal all data sheet/INDIAN BANK/Statement Of Account - SEPTEMBER 2025.xlsx
bank_7223534417_41,bank,front_office,2025-09-10,2025-09-10,7479.0,,,7479.0,YESBN12025091003256511,BANK_TRANSFER,,,,,meet-recording/data_sheets_historical/mangal all data sheet/INDIAN BANK/Statement Of Account - SEPTEMBER 2025.xlsx
bank_7223534417_42,bank,front_office,2025-09-10,2025-09-10,6816.28,,,6816.28,YESBN12025091005560926,BANK_TRANSFER,,,,,meet-recording/data_sheets_historical/mangal all data sheet/INDIAN BANK/Statement Of Account - SEPTEMBER 2025.xlsx
bank_7223534417_43,bank,front_office,2025-09-10,2025-09-10,-20005.61,,,-20005.61,PUNB,BANK_TRANSFER,,,,,meet-recording/data_sheets_historical/mangal all data sheet/INDIAN BANK/Statement Of Account - SEPTEMBER 2025.xlsx
bank_7223534417_44,bank,front_office,2025-09-10,2025-09-10,-23720.61,,,-23720.61,SBIN,BANK_TRANSFER,,,,,meet-recording/data_sheets_historical/mangal all data sheet/INDIAN BANK/Statement Of Account - SEPTEMBER 2025.xlsx
bank_7223534417_45,bank,front_office,2025-09-10,2025-09-10,2431.68,,,2431.68,CITIN52025091023037413,BANK_TRANSFER,,,,,meet-recording/data_sheets_historical/mangal all data sheet/INDIAN BANK/Statement Of Account - SEPTEMBER 2025.xlsx
bank_7223534417_46,bank,front_office,2025-09-10,2025-09-10,5560.0,,,5560.0,HDFCN52025091066081649,BANK_TRANSFER,,,,,meet-recording/data_sheets_historical/mangal all data sheet/INDIAN BANK/Statement Of Account - SEPTEMBER 2025.xlsx
bank_7223534417_47,bank,front_office,2025-09-11,2025-09-11,8099.0,,,8099.0,YESBN12025091105562548,BANK_TRANSFER,,,,,meet-recording/data_sheets_historical/mangal all data sheet/INDIAN BANK/Statement Of Account - SEPTEMBER 2025.xlsx
bank_7223534417_48,bank,front_office,2025-09-11,2025-09-11,-26129.0,,,-26129.0,,,,,,,meet-recording/data_sheets_historical/mangal all data sheet/INDIAN BANK/Statement Of Account - SEPTEMBER 2025.xlsx
bank_7223534417_49,bank,front_office,2025-09-11,2025-09-11,-58316.0,,,-58316.0,,,,,,,meet-recording/data_sheets_historical/mangal all data sheet/INDIAN BANK/Statement Of Account - SEPTEMBER 2025.xlsx
bank_7223534417_50,bank,front_office,2025-09-11,2025-09-11,-11980.0,,,-11980.0,,,,,,,meet-recording/data_sheets_historical/mangal all data sheet/INDIAN BANK/Statement Of Account - SEPTEMBER 2025.xlsx
bank_7223534417_51,bank,front_office,2025-09-11,2025-09-11,2614.0,,,2614.0,YESBN12025091103833439,BANK_TRANSFER,,,,,meet-recording/data_sheets_historical/mangal all data sheet/INDIAN BANK/Statement Of Account - SEPTEMBER 2025.xlsx
bank_7223534417_52,bank,front_office,2025-09-12,2025-09-12,15370.53,,,15370.53,YESBN12025091204482863,BANK_TRANSFER,,,,,meet-recording/data_sheets_historical/mangal all data sheet/INDIAN BANK/Statement Of Account - SEPTEMBER 2025.xlsx
bank_7223534417_53,bank,front_office,2025-09-12,2025-09-12,20000.0,,,20000.0,525510191260,,,,,,meet-recording/data_sheets_historical/mangal all data sheet/INDIAN BANK/Statement Of Account - SEPTEMBER 2025.xlsx
bank_7223534417_54,bank,front_office,2025-09-12,2025-09-12,24068.33,,,24068.33,YESBN12025091205475562,BANK_TRANSFER,,,,,meet-recording/data_sheets_historical/mangal all data sheet/INDIAN BANK/Statement Of Account - SEPTEMBER 2025.xlsx
bank_7223534417_55,bank,front_office,2025-09-12,2025-09-12,-29700.0,,,-29700.0,,,,,,,meet-recording/data_sheets_historical/mangal all data sheet/INDIAN BANK/Statement Of Account - SEPTEMBER 2025.xlsx
bank_7223534417_56,bank,front_office,2025-09-12,2025-09-12,-35799.0,,,-35799.0,,,,,,,meet-recording/data_sheets_historical/mangal all data sheet/INDIAN BANK/Statement Of Account - SEPTEMBER 2025.xlsx
bank_7223534417_57,bank,front_office,2025-09-12,2025-09-12,-16118.0,,,-16118.0,,,,,,,meet-recording/data_sheets_historical/mangal all data sheet/INDIAN BANK/Statement Of Account - SEPTEMBER 2025.xlsx
bank_7223534417_58,bank,front_office,2025-09-12,2025-09-12,-300000.0,,,-300000.0,,,,,,,meet-recording/data_sheets_historical/mangal all data sheet/INDIAN BANK/Statement Of Account - SEPTEMBER 2025.xlsx
bank_7223534417_59,bank,front_office,2025-09-12,2025-09-12,-24206.0,,,-24206.0,,,,,,,meet-recording/data_sheets_historical/mangal all data sheet/INDIAN BANK/Statement Of Account - SEPTEMBER 2025.xlsx
bank_7223534417_60,bank,front_office,2025-09-12,2025-09-12,50000.0,,,50000.0,,,,,,,meet-recording/data_sheets_historical/mangal all data sheet/INDIAN BANK/Statement Of Account - SEPTEMBER 2025.xlsx
bank_7223534417_61,bank,front_office,2025-09-13,2025-09-13,12671.79,,,12671.79,YESBN12025091302007376,BANK_TRANSFER,,,,,meet-recording/data_sheets_historical/mangal all data sheet/INDIAN BANK/Statement Of Account - SEPTEMBER 2025.xlsx
bank_7223534417_62,bank,front_office,2025-09-13,2025-09-13,2013.0,,,2013.0,UTIBN62025091372781907,BANK_TRANSFER,,,,,meet-recording/data_sheets_historical/mangal all data sheet/INDIAN BANK/Statement Of Account - SEPTEMBER 2025.xlsx
bank_7223534417_63,bank,front_office,2025-09-14,2025-09-14,19633.16,,,19633.16,YESBN12025091402883123,BANK_TRANSFER,,,,,meet-recording/data_sheets_historical/mangal all data sheet/INDIAN BANK/Statement Of Account - SEPTEMBER 2025.xlsx
bank_7223534417_64,bank,front_office,2025-09-14,2025-09-14,11616.99,,,11616.99,YESBN12025091405426826,BANK_TRANSFER,,,,,meet-recording/data_sheets_historical/mangal all data sheet/INDIAN BANK/Statement Of Account - SEPTEMBER 2025.xlsx
bank_7223534417_65,bank,front_office,2025-09-15,2025-09-15,11057.91,,,11057.91,YESBN12025091502731574,BANK_TRANSFER,,,,,meet-recording/data_sheets_historical/mangal all data sheet/INDIAN BANK/Statement Of Account - SEPTEMBER 2025.xlsx
bank_7223534417_66,bank,front_office,2025-09-15,2025-09-15,5439.38,,,5439.38,YESBN12025091505322326,BANK_TRANSFER,,,,,meet-recording/data_sheets_historical/mangal all data sheet/INDIAN BANK/Statement Of Account - SEPTEMBER 2025.xlsx
bank_7223534417_67,bank,front_office,2025-09-15,2025-09-15,-14212.0,,,-14212.0,,,,,,,meet-recording/data_sheets_historical/mangal all data sheet/INDIAN BANK/Statement Of Account - SEPTEMBER 2025.xlsx
bank_7223534417_68,bank,front_office,2025-09-15,2025-09-15,-19470.0,,,-19470.0,,,,,,,meet-recording/data_sheets_historical/mangal all data sheet/INDIAN BANK/Statement Of Account - SEPTEMBER 2025.xlsx
bank_7223534417_69,bank,front_office,2025-09-15,2025-09-15,-12950.0,,,-12950.0,,,,,,,meet-recording/data_sheets_historical/mangal all data sheet/INDIAN BANK/Statement Of Account - SEPTEMBER 2025.xlsx
bank_7223534417_70,bank,front_office,2025-09-15,2025-09-15,-5108.0,,,-5108.0,,,,,,,meet-recording/data_sheets_historical/mangal all data sheet/INDIAN BANK/Statement Of Account - SEPTEMBER 2025.xlsx
bank_7223534417_71,bank,front_office,2025-09-15,2025-09-15,-63057.72,,,-63057.72,SCBL,BANK_TRANSFER,,,,,meet-recording/data_sheets_historical/mangal all data sheet/INDIAN BANK/Statement Of Account - SEPTEMBER 2025.xlsx
bank_7223534417_72,bank,front_office,2025-09-15,2025-09-15,-261.98,,,-261.98,SCBL,BANK_TRANSFER,,,,,meet-recording/data_sheets_historical/mangal all data sheet/INDIAN BANK/Statement Of Account - SEPTEMBER 2025.xlsx
bank_7223534417_73,bank,front_office,2025-09-15,2025-09-15,12792.0,,,12792.0,HDFCN52025091575335094,BANK_TRANSFER,,,,,meet-recording/data_sheets_historical/mangal all data sheet/INDIAN BANK/Statement Of Account - SEPTEMBER 2025.xlsx
bank_7223534417_74,bank,front_office,2025-09-16,2025-09-16,7404.76,,,7404.76,YESBN12025091601787909,BANK_TRANSFER,,,,,meet-recording/data_sheets_historical/mangal all data sheet/INDIAN BANK/Statement Of Account - SEPTEMBER 2025.xlsx
bank_7223534417_75,bank,front_office,2025-09-16,2025-09-16,2791.0,,,2791.0,YESBN12025091605279840,BANK_TRANSFER,,,,,meet-recording/data_sheets_historical/mangal all data sheet/INDIAN BANK/Statement Of Account - SEPTEMBER 2025.xlsx
bank_7223534417_76,bank,front_office,2025-09-16,2025-09-16,-21193.0,,,-21193.0,,,,,,,meet-recording/data_sheets_historical/mangal all data sheet/INDIAN BANK/Statement Of Account - SEPTEMBER 2025.xlsx
bank_7223534417_77,bank,front_office,2025-09-16,2025-09-16,645.28,,,645.28,YESBN12025091605702111,BANK_TRANSFER,,,,,meet-recording/data_sheets_historical/mangal all data sheet/INDIAN BANK/Statement Of Account - SEPTEMBER 2025.xlsx
bank_7223534417_78,bank,front_office,2025-09-16,2025-09-16,8923.0,,,8923.0,HDFCN52025091677397376,BANK_TRANSFER,,,,,meet-recording/data_sheets_historical/mangal all data sheet/INDIAN BANK/Statement Of Account - SEPTEMBER 2025.xlsx
bank_7223534417_79,bank,front_office,2025-09-17,2025-09-17,9117.0,,,9117.0,YESBN12025091702766087,BANK_TRANSFER,,,,,meet-recording/data_sheets_historical/mangal all data sheet/INDIAN BANK/Statement Of Account - SEPTEMBER 2025.xlsx
bank_7223534417_80,bank,front_office,2025-09-17,2025-09-17,33599.64,,,33599.64,YESBN12025091705554059,BANK_TRANSFER,,,,,meet-recording/data_sheets_historical/mangal all data sheet/INDIAN BANK/Statement Of Account - SEPTEMBER 2025.xlsx
bank_7223534417_81,bank,front_office,2025-09-17,2025-09-17,-5000.0,,,-5000.0,,,,,,,meet-recording/data_sheets_historical/mangal all data sheet/INDIAN BANK/Statement Of Account - SEPTEMBER 2025.xlsx
bank_7223534417_82,bank,front_office,2025-09-17,2025-09-17,2370.86,,,2370.86,CITIN52025091725843450,BANK_TRANSFER,,,,,meet-recording/data_sheets_historical/mangal all data sheet/INDIAN BANK/Statement Of Account - SEPTEMBER 2025.xlsx
bank_7223534417_83,bank,front_office,2025-09-17,2025-09-17,4799.0,,,4799.0,HDFCN52025091779196105,BANK_TRANSFER,,,,,meet-recording/data_sheets_historical/mangal all data sheet/INDIAN BANK/Statement Of Account - SEPTEMBER 2025.xlsx
bank_7223534417_84,bank,front_office,2025-09-18,2025-09-18,3138.11,,,3138.11,YESBN12025091803088914,BANK_TRANSFER,,,,,meet-recording/data_sheets_historical/mangal all data sheet/INDIAN BANK/Statement Of Account - SEPTEMBER 2025.xlsx
bank_7223534417_85,bank,front_office,2025-09-18,2025-09-18,9684.16,,,9684.16,YESBN12025091805489784,BANK_TRANSFER,,,,,meet-recording/data_sheets_historical/mangal all data sheet/INDIAN BANK/Statement Of Account - SEPTEMBER 2025.xlsx
bank_7223534417_86,bank,front_office,2025-09-18,2025-09-18,3339.0,,,3339.0,HDFCN52025091880845864,BANK_TRANSFER,,,,,meet-recording/data_sheets_historical/mangal all data sheet/INDIAN BANK/Statement Of Account - SEPTEMBER 2025.xlsx
bank_7223534417_87,bank,front_office,2025-09-19,2025-09-19,6472.75,,,6472.75,YESBN12025091902374099,BANK_TRANSFER,,,,,meet-recording/data_sheets_historical/mangal all data sheet/INDIAN BANK/Statement Of Account - SEPTEMBER 2025.xlsx
bank_7223534417_88,bank,front_office,2025-09-19,2025-09-19,15350.61,,,15350.61,YESBN12025091905439144,BANK_TRANSFER,,,,,meet-recording/data_sheets_historical/mangal all data sheet/INDIAN BANK/Statement Of Account - SEPTEMBER 2025.xlsx
bank_7223534417_89,bank,front_office,2025-09-19,2025-09-19,-31310.0,,,-31310.0,,,,,,,meet-recording/data_sheets_historical/mangal all data sheet/INDIAN BANK/Statement Of Account - SEPTEMBER 2025.xlsx
bank_7223534417_90,bank,front_office,2025-09-20,2025-09-20,11493.0,,,11493.0,YESBN12025092002647625,BANK_TRANSFER,,,,,meet-recording/data_sheets_historical/mangal all data sheet/INDIAN BANK/Statement Of Account - SEPTEMBER 2025.xlsx
bank_7223534417_91,bank,front_office,2025-09-20,2025-09-20,15395.15,,,15395.15,YESBN12025092005471951,BANK_TRANSFER,,,,,meet-recording/data_sheets_historical/mangal all data sheet/INDIAN BANK/Statement Of Account - SEPTEMBER 2025.xlsx
bank_7223534417_92,bank,front_office,2025-09-20,2025-09-20,-29870.0,,,-29870.0,,,,,,,meet-recording/data_sheets_historical/mangal all data sheet/INDIAN BANK/Statement Of Account - SEPTEMBER 2025.xlsx
bank_7223534417_93,bank,front_office,2025-09-21,2025-09-21,16023.25,,,16023.25,YESBN12025092104539817,BANK_TRANSFER,,,,,meet-recording/data_sheets_historical/mangal all data sheet/INDIAN BANK/Statement Of Account - SEPTEMBER 2025.xlsx
bank_7223534417_94,bank,front_office,2025-09-21,2025-09-21,947.0,,,947.0,YESBN12025092105550677,BANK_TRANSFER,,,,,meet-recording/data_sheets_historical/mangal all data sheet/INDIAN BANK/Statement Of Account - SEPTEMBER 2025.xlsx
bank_7223534417_95,bank,front_office,2025-09-22,2025-09-22,14404.82,,,14404.82,YESBN12025092202353005,BANK_TRANSFER,,,,,meet-recording/data_sheets_historical/mangal all data sheet/INDIAN BANK/Statement Of Account - SEPTEMBER 2025.xlsx
bank_7223534417_96,bank,front_office,2025-09-22,2025-09-22,10990.83,,,10990.83,YESBN12025092205447914,BANK_TRANSFER,,,,,meet-recording/data_sheets_historical/mangal all data sheet/INDIAN BANK/Statement Of Account - SEPTEMBER 2025.xlsx
bank_7223534417_97,bank,front_office,2025-09-22,2025-09-22,30443.0,,,30443.0,HDFCN52025092286259732,BANK_TRANSFER,,,,,meet-recording/data_sheets_historical/mangal all data sheet/INDIAN BANK/Statement Of Account - SEPTEMBER 2025.xlsx
bank_7223534417_98,bank,front_office,2025-09-23,2025-09-23,12411.37,,,12411.37,YESBN12025092304829272,BANK_TRANSFER,,,,,meet-recording/data_sheets_historical/mangal all data sheet/INDIAN BANK/Statement Of Account - SEPTEMBER 2025.xlsx
bank_7223534417_99,bank,front_office,2025-09-23,2025-09-23,20371.16,,,20371.16,YESBN12025092305377829,BANK_TRANSFER,,,,,meet-recording/data_sheets_historical/mangal all data sheet/INDIAN BANK/Statement Of Account - SEPTEMBER 2025.xlsx
bank_7223534417_100,bank,front_office,2025-09-23,2025-09-23,50000.0,,,50000.0,,,,,,,meet-recording/data_sheets_historical/mangal all data sheet/INDIAN BANK/Statement Of Account - SEPTEMBER 2025.xlsx
bank_7223534417_101,bank,front_office,2025-09-23,2025-09-23,200000.0,,,200000.0,,,,,,,meet-recording/data_sheets_historical/mangal all data sheet/INDIAN BANK/Statement Of Account - SEPTEMBER 2025.xlsx
bank_7223534417_102,bank,front_office,2025-09-23,2025-09-23,-438203.0,,,-438203.0,IDIBR52025092347664609,BANK_TRANSFER,,,,,meet-recording/data_sheets_historical/mangal all data sheet/INDIAN BANK/Statement Of Account - SEPTEMBER 2025.xlsx
bank_7223534417_103,bank,front_office,2025-09-24,2025-09-24,3037.0,,,3037.0,YESBN12025092402803669,BANK_TRANSFER,,,,,meet-recording/data_sheets_historical/mangal all data sheet/INDIAN BANK/Statement Of Account - SEPTEMBER 2025.xlsx
bank_7223534417_104,bank,front_office,2025-09-24,2025-09-24,80280.25,,,80280.25,HSBCN52025092477385842,BANK_TRANSFER,,,,,meet-recording/data_sheets_historical/mangal all data sheet/INDIAN BANK/Statement Of Account - SEPTEMBER 2025.xlsx
bank_7223534417_105,bank,front_office,2025-09-24,2025-09-24,845285.71,,,845285.71,HSBCN52025092477384151,BANK_TRANSFER,,,,,meet-recording/data_sheets_historical/mangal all data sheet/INDIAN BANK/Statement Of Account - SEPTEMBER 2025.xlsx
bank_7223534417_106,bank,front_office,2025-09-24,2025-09-24,1400.0,,,1400.0,YESBN12025092405320821,BANK_TRANSFER,,,,,meet-recording/data_sheets_historical/mangal all data sheet/INDIAN BANK/Statement Of Account - SEPTEMBER 2025.xlsx
bank_7223534417_107,bank,front_office,2025-09-24,2025-09-24,-41111.0,,,-41111.0,,,,,,,meet-recording/data_sheets_historical/mangal all data sheet/INDIAN BANK/Statement Of Account - SEPTEMBER 2025.xlsx
bank_7223534417_108,bank,front_office,2025-09-24,2025-09-24,-105239.0,,,-105239.0,,,,,,,meet-recording/data_sheets_historical/mangal all data sheet/INDIAN BANK/Statement Of Account - SEPTEMBER 2025.xlsx
bank_7223534417_109,bank,front_office,2025-09-24,2025-09-24,989.14,,,989.14,CITIN52025092428491194,BANK_TRANSFER,,,,,meet-recording/data_sheets_historical/mangal all data sheet/INDIAN BANK/Statement Of Account - SEPTEMBER 2025.xlsx
bank_7223534417_110,bank,front_office,2025-09-25,2025-09-25,5625.37,,,5625.37,YESBN12025092502571483,BANK_TRANSFER,,,,,meet-recording/data_sheets_historical/mangal all data sheet/INDIAN BANK/Statement Of Account - SEPTEMBER 2025.xlsx
bank_7223534417_111,bank,front_office,2025-09-25,2025-09-25,18899.0,,,18899.0,YESBN12025092505444647,BANK_TRANSFER,,,,,meet-recording/data_sheets_historical/mangal all data sheet/INDIAN BANK/Statement Of Account - SEPTEMBER 2025.xlsx
bank_7223534417_112,bank,front_office,2025-09-25,2025-09-25,-200000.0,,,-200000.0,,,,,,,meet-recording/data_sheets_historical/mangal all data sheet/INDIAN BANK/Statement Of Account - SEPTEMBER 2025.xlsx
bank_7223534417_113,bank,front_office,2025-09-25,2025-09-25,-700000.0,,,-700000.0,,,,,,,meet-recording/data_sheets_historical/mangal all data sheet/INDIAN BANK/Statement Of Account - SEPTEMBER 2025.xlsx
bank_7223534417_114,bank,front_office,2025-09-26,2025-09-26,5011.69,,,5011.69,YESBN12025092603357188,BANK_TRANSFER,,,,,meet-recording/data_sheets_historical/mangal all data sheet/INDIAN BANK/Statement Of Account - SEPTEMBER 2025.xlsx
bank_7223534417_115,bank,front_office,2025-09-26,2025-09-26,6163.23,,,6163.23,YESBN12025092605379191,BANK_TRANSFER,,,,,meet-recording/data_sheets_historical/mangal all data sheet/INDIAN BANK/Statement Of Account - SEPTEMBER 2025.xlsx
bank_7223534417_116,bank,front_office,2025-09-26,2025-09-26,15508.0,,,15508.0,HDFCN52025092694458707,BANK_TRANSFER,,,,,meet-recording/data_sheets_historical/mangal all data sheet/INDIAN BANK/Statement Of Account - SEPTEMBER 2025.xlsx
bank_7223534417_117,bank,front_office,2025-09-27,2025-09-27,4372.69,,,4372.69,YESBN12025092703905398,BANK_TRANSFER,,,,,meet-recording/data_sheets_historical/mangal all data sheet/INDIAN BANK/Statement Of Account - SEPTEMBER 2025.xlsx
bank_7223534417_118,bank,front_office,2025-09-27,2025-09-27,4210.73,,,4210.73,YESBN12025092705385388,BANK_TRANSFER,,,,,meet-recording/data_sheets_historical/mangal all data sheet/INDIAN BANK/Statement Of Account - SEPTEMBER 2025.xlsx
bank_7223534417_119,bank,front_office,2025-09-28,2025-09-28,6084.0,,,6084.0,YESBN12025092804111187,BANK_TRANSFER,,,,,meet-recording/data_sheets_historical/mangal all data sheet/INDIAN BANK/Statement Of Account - SEPTEMBER 2025.xlsx
bank_7223534417_120,bank,front_office,2025-09-28,2025-09-28,9543.74,,,9543.74,YESBN12025092805349428,BANK_TRANSFER,,,,,meet-recording/data_sheets_historical/mangal all data sheet/INDIAN BANK/Statement Of Account - SEPTEMBER 2025.xlsx
bank_7223534417_121,bank,front_office,2025-09-29,2025-09-29,11527.67,,,11527.67,YESBN12025092902090123,BANK_TRANSFER,,,,,meet-recording/data_sheets_historical/mangal all data sheet/INDIAN BANK/Statement Of Account - SEPTEMBER 2025.xlsx
bank_7223534417_122,bank,front_office,2025-09-29,2025-09-29,19579.54,,,19579.54,YESBN12025092905299270,BANK_TRANSFER,,,,,meet-recording/data_sheets_historical/mangal all data sheet/INDIAN BANK/Statement Of Account - SEPTEMBER 2025.xlsx
bank_7223534417_123,bank,front_office,2025-09-29,2025-09-29,-10000.0,,,-10000.0,,,,,,,meet-recording/data_sheets_historical/mangal all data sheet/INDIAN BANK/Statement Of Account - SEPTEMBER 2025.xlsx
bank_7223534417_124,bank,front_office,2025-09-29,2025-09-29,1547.98,,,1547.98,CITIN52025092931257403,BANK_TRANSFER,,,,,meet-recording/data_sheets_historical/mangal all data sheet/INDIAN BANK/Statement Of Account - SEPTEMBER 2025.xlsx
bank_7223534417_125,bank,front_office,2025-09-29,2025-09-29,31973.0,,,31973.0,HDFCN52025092998636206,BANK_TRANSFER,,,,,meet-recording/data_sheets_historical/mangal all data sheet/INDIAN BANK/Statement Of Account - SEPTEMBER 2025.xlsx
bank_7223534417_126,bank,front_office,2025-09-30,2025-09-30,2569.61,,,2569.61,YESBN12025093003965751,BANK_TRANSFER,,,,,meet-recording/data_sheets_historical/mangal all data sheet/INDIAN BANK/Statement Of Account - SEPTEMBER 2025.xlsx
bank_7223534417_127,bank,front_office,2025-09-30,2025-09-30,2575.16,,,2575.16,YESBN12025093005306271,BANK_TRANSFER,,,,,meet-recording/data_sheets_historical/mangal all data sheet/INDIAN BANK/Statement Of Account - SEPTEMBER 2025.xlsx
bank_7223534417_128,bank,front_office,2025-09-30,2025-09-30,11000.0,,,11000.0,527313233604,,,,,,meet-recording/data_sheets_historical/mangal all data sheet/INDIAN BANK/Statement Of Account - SEPTEMBER 2025.xlsx
bank_8150353104_1,bank,rooftop,2025-10-08,2025-10-08,10000.0,,,10000.0,,,,,,,meet-recording/data_sheets_historical/mangal all data sheet/INDIAN BANK ROOFTOP/TMV - ROOFTOP  Statement Of Account - OCTOBER 2025.xlsx
bank_8150353104_2,bank,rooftop,2025-10-08,2025-10-08,1.0,,,1.0,,,,,,,meet-recording/data_sheets_historical/mangal all data sheet/INDIAN BANK ROOFTOP/TMV - ROOFTOP  Statement Of Account - OCTOBER 2025.xlsx
bank_8150353104_3,bank,rooftop,2025-10-08,2025-10-08,-148.0,,,-148.0,,,,,,,meet-recording/data_sheets_historical/mangal all data sheet/INDIAN BANK ROOFTOP/TMV - ROOFTOP  Statement Of Account - OCTOBER 2025.xlsx
bank_8150353104_4,bank,rooftop,2025-10-10,2025-10-10,169.0,,,169.0,,,,,,,meet-recording/data_sheets_historical/mangal all data sheet/INDIAN BANK ROOFTOP/TMV - ROOFTOP  Statement Of Account - OCTOBER 2025.xlsx
bank_8150353104_5,bank,rooftop,2025-10-10,2025-10-10,468.0,,,468.0,,,,,,,meet-recording/data_sheets_historical/mangal all data sheet/INDIAN BANK ROOFTOP/TMV - ROOFTOP  Statement Of Account - OCTOBER 2025.xlsx
bank_8150353104_6,bank,rooftop,2025-10-10,2025-10-10,60.0,,,60.0,,,,,,,meet-recording/data_sheets_historical/mangal all data sheet/INDIAN BANK ROOFTOP/TMV - ROOFTOP  Statement Of Account - OCTOBER 2025.xlsx
bank_8150353104_7,bank,rooftop,2025-10-10,2025-10-10,786.0,,,786.0,,,,,,,meet-recording/data_sheets_historical/mangal all data sheet/INDIAN BANK ROOFTOP/TMV - ROOFTOP  Statement Of Account - OCTOBER 2025.xlsx
bank_8150353104_8,bank,rooftop,2025-10-10,2025-10-10,1496.0,,,1496.0,,,,,,,meet-recording/data_sheets_historical/mangal all data sheet/INDIAN BANK ROOFTOP/TMV - ROOFTOP  Statement Of Account - OCTOBER 2025.xlsx
bank_8150353104_9,bank,rooftop,2025-10-10,2025-10-10,1993.0,,,1993.0,,,,,,,meet-recording/data_sheets_historical/mangal all data sheet/INDIAN BANK ROOFTOP/TMV - ROOFTOP  Statement Of Account - OCTOBER 2025.xlsx
bank_8150353104_10,bank,rooftop,2025-10-10,2025-10-10,568.0,,,568.0,,,,,,,meet-recording/data_sheets_historical/mangal all data sheet/INDIAN BANK ROOFTOP/TMV - ROOFTOP  Statement Of Account - OCTOBER 2025.xlsx
bank_8150353104_11,bank,rooftop,2025-10-10,2025-10-10,1017.0,,,1017.0,,,,,,,meet-recording/data_sheets_historical/mangal all data sheet/INDIAN BANK ROOFTOP/TMV - ROOFTOP  Statement Of Account - OCTOBER 2025.xlsx
bank_8150353104_12,bank,rooftop,2025-10-11,2025-10-11,528.0,,,528.0,,,,,,,meet-recording/data_sheets_historical/mangal all data sheet/INDIAN BANK ROOFTOP/TMV - ROOFTOP  Statement Of Account - OCTOBER 2025.xlsx
bank_8150353104_13,bank,rooftop,2025-10-11,2025-10-11,1506.0,,,1506.0,,,,,,,meet-recording/data_sheets_historical/mangal all data sheet/INDIAN BANK ROOFTOP/TMV - ROOFTOP  Statement Of Account - OCTOBER 2025.xlsx
bank_8150353104_14,bank,rooftop,2025-10-11,2025-10-11,568.0,,,568.0,,,,,,,meet-recording/data_sheets_historical/mangal all data sheet/INDIAN BANK ROOFTOP/TMV - ROOFTOP  Statement Of Account - OCTOBER 2025.xlsx
bank_8150353104_15,bank,rooftop,2025-10-11,2025-10-11,1023.0,,,1023.0,,,,,,,meet-recording/data_sheets_historical/mangal all data sheet/INDIAN BANK ROOFTOP/TMV - ROOFTOP  Statement Of Account - OCTOBER 2025.xlsx
bank_8150353104_16,bank,rooftop,2025-10-11,2025-10-11,2085.0,,,2085.0,,,,,,,meet-recording/data_sheets_historical/mangal all data sheet/INDIAN BANK ROOFTOP/TMV - ROOFTOP  Statement Of Account - OCTOBER 2025.xlsx
bank_8150353104_17,bank,rooftop,2025-10-11,2025-10-11,150.0,,,150.0,,,,,,,meet-recording/data_sheets_historical/mangal all data sheet/INDIAN BANK ROOFTOP/TMV - ROOFTOP  Statement Of Account - OCTOBER 2025.xlsx
bank_8150353104_18,bank,rooftop,2025-10-11,2025-10-11,349.0,,,349.0,,,,,,,meet-recording/data_sheets_historical/mangal all data sheet/INDIAN BANK ROOFTOP/TMV - ROOFTOP  Statement Of Account - OCTOBER 2025.xlsx
bank_8150353104_19,bank,rooftop,2025-10-11,2025-10-11,249.0,,,249.0,,,,,,,meet-recording/data_sheets_historical/mangal all data sheet/INDIAN BANK ROOFTOP/TMV - ROOFTOP  Statement Of Account - OCTOBER 2025.xlsx
bank_8150353104_20,bank,rooftop,2025-10-11,2025-10-11,709.0,,,709.0,,,,,,,meet-recording/data_sheets_historical/mangal all data sheet/INDIAN BANK ROOFTOP/TMV - ROOFTOP  Statement Of Account - OCTOBER 2025.xlsx
bank_8150353104_21,bank,rooftop,2025-10-11,2025-10-11,818.0,,,818.0,,,,,,,meet-recording/data_sheets_historical/mangal all data sheet/INDIAN BANK ROOFTOP/TMV - ROOFTOP  Statement Of Account - OCTOBER 2025.xlsx
bank_8150353104_22,bank,rooftop,2025-10-11,2025-10-11,60.0,,,60.0,,,,,,,meet-recording/data_sheets_historical/mangal all data sheet/INDIAN BANK ROOFTOP/TMV - ROOFTOP  Statement Of Account - OCTOBER 2025.xlsx
bank_8150353104_23,bank,rooftop,2025-10-11,2025-10-11,624.0,,,624.0,,,,,,,meet-recording/data_sheets_historical/mangal all data sheet/INDIAN BANK ROOFTOP/TMV - ROOFTOP  Statement Of Account - OCTOBER 2025.xlsx
bank_8150353104_24,bank,rooftop,2025-10-11,2025-10-11,70.0,,,70.0,,,,,,,meet-recording/data_sheets_historical/mangal all data sheet/INDIAN BANK ROOFTOP/TMV - ROOFTOP  Statement Of Account - OCTOBER 2025.xlsx
bank_8150353104_25,bank,rooftop,2025-10-11,2025-10-11,1233.0,,,1233.0,,,,,,,meet-recording/data_sheets_historical/mangal all data sheet/INDIAN BANK ROOFTOP/TMV - ROOFTOP  Statement Of Account - OCTOBER 2025.xlsx
bank_8150353104_26,bank,rooftop,2025-10-11,2025-10-11,778.0,,,778.0,,,,,,,meet-recording/data_sheets_historical/mangal all data sheet/INDIAN BANK ROOFTOP/TMV - ROOFTOP  Statement Of Account - OCTOBER 2025.xlsx
bank_8150353104_27,bank,rooftop,2025-10-11,2025-10-11,897.0,,,897.0,,,,,,,meet-recording/data_sheets_historical/mangal all data sheet/INDIAN BANK ROOFTOP/TMV - ROOFTOP  Statement Of Account - OCTOBER 2025.xlsx
bank_8150353104_28,bank,rooftop,2025-10-11,2025-10-11,410.0,,,410.0,,,,,,,meet-recording/data_sheets_historical/mangal all data sheet/INDIAN BANK ROOFTOP/TMV - ROOFTOP  Statement Of Account - OCTOBER 2025.xlsx
bank_8150353104_29,bank,rooftop,2025-10-11,2025-10-11,-10.16,,,-10.16,,,,,,,meet-recording/data_sheets_historical/mangal all data sheet/INDIAN BANK ROOFTOP/TMV - ROOFTOP  Statement Of Account - OCTOBER 2025.xlsx
bank_8150353104_30,bank,rooftop,2025-10-12,2025-10-12,648.0,,,648.0,,,,,,,meet-recording/data_sheets_historical/mangal all data sheet/INDIAN BANK ROOFTOP/TMV - ROOFTOP  Statement Of Account - OCTOBER 2025.xlsx
bank_8150353104_31,bank,rooftop,2025-10-12,2025-10-12,1603.0,,,1603.0,,,,,,,meet-recording/data_sheets_historical/mangal all data sheet/INDIAN BANK ROOFTOP/TMV - ROOFTOP  Statement Of Account - OCTOBER 2025.xlsx
bank_8150353104_32,bank,rooftop,2025-10-12,2025-10-12,558.0,,,558.0,,,,,,,meet-recording/data_sheets_historical/mangal all data sheet/INDIAN BANK ROOFTOP/TMV - ROOFTOP  Statement Of Account - OCTOBER 2025.xlsx
bank_8150353104_33,bank,rooftop,2025-10-12,2025-10-12,20.0,,,20.0,,,,,,,meet-recording/data_sheets_historical/mangal all data sheet/INDIAN BANK ROOFTOP/TMV - ROOFTOP  Statement Of Account - OCTOBER 2025.xlsx
bank_8150353104_34,bank,rooftop,2025-10-12,2025-10-12,450.0,,,450.0,,,,,,,meet-recording/data_sheets_historical/mangal all data sheet/INDIAN BANK ROOFTOP/TMV - ROOFTOP  Statement Of Account - OCTOBER 2025.xlsx
bank_8150353104_35,bank,rooftop,2025-10-12,2025-10-12,900.0,,,900.0,,,,,,,meet-recording/data_sheets_historical/mangal all data sheet/INDIAN BANK ROOFTOP/TMV - ROOFTOP  Statement Of Account - OCTOBER 2025.xlsx
bank_8150353104_36,bank,rooftop,2025-10-12,2025-10-12,1.0,,,1.0,528526050520,,,,,,meet-recording/data_sheets_historical/mangal all data sheet/INDIAN BANK ROOFTOP/TMV - ROOFTOP  Statement Of Account - OCTOBER 2025.xlsx
bank_8150353104_37,bank,rooftop,2025-10-12,2025-10-12,829.0,,,829.0,,,,,,,meet-recording/data_sheets_historical/mangal all data sheet/INDIAN BANK ROOFTOP/TMV - ROOFTOP  Statement Of Account - OCTOBER 2025.xlsx
bank_8150353104_38,bank,rooftop,2025-10-12,2025-10-12,249.0,,,249.0,,,,,,,meet-recording/data_sheets_historical/mangal all data sheet/INDIAN BANK ROOFTOP/TMV - ROOFTOP  Statement Of Account - OCTOBER 2025.xlsx
bank_8150353104_39,bank,rooftop,2025-10-12,2025-10-12,299.0,,,299.0,,,,,,,meet-recording/data_sheets_historical/mangal all data sheet/INDIAN BANK ROOFTOP/TMV - ROOFTOP  Statement Of Account - OCTOBER 2025.xlsx
bank_8150353104_40,bank,rooftop,2025-10-12,2025-10-12,504.0,,,504.0,,,,,,,meet-recording/data_sheets_historical/mangal all data sheet/INDIAN BANK ROOFTOP/TMV - ROOFTOP  Statement Of Account - OCTOBER 2025.xlsx
bank_8150353104_41,bank,rooftop,2025-10-12,2025-10-12,60.0,,,60.0,,,,,,,meet-recording/data_sheets_historical/mangal all data sheet/INDIAN BANK ROOFTOP/TMV - ROOFTOP  Statement Of Account - OCTOBER 2025.xlsx
bank_8150353104_42,bank,rooftop,2025-10-12,2025-10-12,548.0,,,548.0,,,,,,,meet-recording/data_sheets_historical/mangal all data sheet/INDIAN BANK ROOFTOP/TMV - ROOFTOP  Statement Of Account - OCTOBER 2025.xlsx
bank_8150353104_43,bank,rooftop,2025-10-12,2025-10-12,737.0,,,737.0,,,,,,,meet-recording/data_sheets_historical/mangal all data sheet/INDIAN BANK ROOFTOP/TMV - ROOFTOP  Statement Of Account - OCTOBER 2025.xlsx
bank_8150353104_44,bank,rooftop,2025-10-12,2025-10-12,60.0,,,60.0,,,,,,,meet-recording/data_sheets_historical/mangal all data sheet/INDIAN BANK ROOFTOP/TMV - ROOFTOP  Statement Of Account - OCTOBER 2025.xlsx
bank_8150353104_45,bank,rooftop,2025-10-12,2025-10-12,1037.0,,,1037.0,,,,,,,meet-recording/data_sheets_historical/mangal all data sheet/INDIAN BANK ROOFTOP/TMV - ROOFTOP  Statement Of Account - OCTOBER 2025.xlsx
bank_8150353104_46,bank,rooftop,2025-10-12,2025-10-12,-25.7,,,-25.7,,,,,,,meet-recording/data_sheets_historical/mangal all data sheet/INDIAN BANK ROOFTOP/TMV - ROOFTOP  Statement Of Account - OCTOBER 2025.xlsx
bank_8150353104_47,bank,rooftop,2025-10-12,2025-10-12,17000.0,,,17000.0,,,,,,,meet-recording/data_sheets_historical/mangal all data sheet/INDIAN BANK ROOFTOP/TMV - ROOFTOP  Statement Of Account - OCTOBER 2025.xlsx
bank_8150353104_48,bank,rooftop,2025-10-12,2025-10-12,120.0,,,120.0,,,,,,,meet-recording/data_sheets_historical/mangal all data sheet/INDIAN BANK ROOFTOP/TMV - ROOFTOP  Statement Of Account - OCTOBER 2025.xlsx
bank_8150353104_49,bank,rooftop,2025-10-12,2025-10-12,-2.97,,,-2.97,,,,,,,meet-recording/data_sheets_historical/mangal all data sheet/INDIAN BANK ROOFTOP/TMV - ROOFTOP  Statement Of Account - OCTOBER 2025.xlsx
bank_8150353104_50,bank,rooftop,2025-10-12,2025-10-12,500.0,,,500.0,,,,,,,meet-recording/data_sheets_historical/mangal all data sheet/INDIAN BANK ROOFTOP/TMV - ROOFTOP  Statement Of Account - OCTOBER 2025.xlsx
bank_8150353104_51,bank,rooftop,2025-10-12,2025-10-12,3182.0,,,3182.0,,,,,,,meet-recording/data_sheets_historical/mangal all data sheet/INDIAN BANK ROOFTOP/TMV - ROOFTOP  Statement Of Account - OCTOBER 2025.xlsx
bank_8150353104_52,bank,rooftop,2025-10-12,2025-10-12,-78.85,,,-78.85,,,,,,,meet-recording/data_sheets_historical/mangal all data sheet/INDIAN BANK ROOFTOP/TMV - ROOFTOP  Statement Of Account - OCTOBER 2025.xlsx
bank_8150353104_53,bank,rooftop,2025-10-12,2025-10-12,40.0,,,40.0,,,,,,,meet-recording/data_sheets_historical/mangal all data sheet/INDIAN BANK ROOFTOP/TMV - ROOFTOP  Statement Of Account - OCTOBER 2025.xlsx
bank_8150353104_54,bank,rooftop,2025-10-12,2025-10-12,2013.0,,,2013.0,,,,,,,meet-recording/data_sheets_historical/mangal all data sheet/INDIAN BANK ROOFTOP/TMV - ROOFTOP  Statement Of Account - OCTOBER 2025.xlsx
bank_8150353104_55,bank,rooftop,2025-10-12,2025-10-12,-49.88,,,-49.88,,,,,,,meet-recording/data_sheets_historical/mangal all data sheet/INDIAN BANK ROOFTOP/TMV - ROOFTOP  Statement Of Account - OCTOBER 2025.xlsx
bank_8150353104_56,bank,rooftop,2025-10-12,2025-10-12,1322.0,,,1322.0,,,,,,,meet-recording/data_sheets_historical/mangal all data sheet/INDIAN BANK ROOFTOP/TMV - ROOFTOP  Statement Of Account - OCTOBER 2025.xlsx
bank_8150353104_57,bank,rooftop,2025-10-12,2025-10-12,1526.0,,,1526.0,,,,,,,meet-recording/data_sheets_historical/mangal all data sheet/INDIAN BANK ROOFTOP/TMV - ROOFTOP  Statement Of Account - OCTOBER 2025.xlsx
bank_8150353104_58,bank,rooftop,2025-10-12,2025-10-12,10500.0,,,10500.0,,,,,,,meet-recording/data_sheets_historical/mangal all data sheet/INDIAN BANK ROOFTOP/TMV - ROOFTOP  Statement Of Account - OCTOBER 2025.xlsx
bank_8150353104_59,bank,rooftop,2025-10-12,2025-10-12,380.0,,,380.0,,,,,,,meet-recording/data_sheets_historical/mangal all data sheet/INDIAN BANK ROOFTOP/TMV - ROOFTOP  Statement Of Account - OCTOBER 2025.xlsx
bank_8150353104_60,bank,rooftop,2025-10-12,2025-10-12,-9.42,,,-9.42,,,,,,,meet-recording/data_sheets_historical/mangal all data sheet/INDIAN BANK ROOFTOP/TMV - ROOFTOP  Statement Of Account - OCTOBER 2025.xlsx
bank_8150353104_61,bank,rooftop,2025-10-13,2025-10-13,1605.0,,,1605.0,,,,,,,meet-recording/data_sheets_historical/mangal all data sheet/INDIAN BANK ROOFTOP/TMV - ROOFTOP  Statement Of Account - OCTOBER 2025.xlsx
bank_8150353104_62,bank,rooftop,2025-10-13,2025-10-13,140.0,,,140.0,,,,,,,meet-recording/data_sheets_historical/mangal all data sheet/INDIAN BANK ROOFTOP/TMV - ROOFTOP  Statement Of Account - OCTOBER 2025.xlsx
bank_8150353104_63,bank,rooftop,2025-10-13,2025-10-13,40.0,,,40.0,,,,,,,meet-recording/data_sheets_historical/mangal all data sheet/INDIAN BANK ROOFTOP/TMV - ROOFTOP  Statement Of Account - OCTOBER 2025.xlsx
bank_8150353104_64,bank,rooftop,2025-10-13,2025-10-13,-0.99,,,-0.99,,,,,,,meet-recording/data_sheets_historical/mangal all data sheet/INDIAN BANK ROOFTOP/TMV - ROOFTOP  Statement Of Account - OCTOBER 2025.xlsx
bank_8150353104_65,bank,rooftop,2025-10-13,2025-10-13,150.0,,,150.0,,,,,,,meet-recording/data_sheets_historical/mangal all data sheet/INDIAN BANK ROOFTOP/TMV - ROOFTOP  Statement Of Account - OCTOBER 2025.xlsx
bank_8150353104_66,bank,rooftop,2025-10-13,2025-10-13,-3.72,,,-3.72,,,,,,,meet-recording/data_sheets_historical/mangal all data sheet/INDIAN BANK ROOFTOP/TMV - ROOFTOP  Statement Of Account - OCTOBER 2025.xlsx
bank_8150353104_67,bank,rooftop,2025-10-13,2025-10-13,168.0,,,168.0,,,,,,,meet-recording/data_sheets_historical/mangal all data sheet/INDIAN BANK ROOFTOP/TMV - ROOFTOP  Statement Of Account - OCTOBER 2025.xlsx
bank_8150353104_68,bank,rooftop,2025-10-13,2025-10-13,120.0,,,120.0,,,,,,,meet-recording/data_sheets_historical/mangal all data sheet/INDIAN BANK ROOFTOP/TMV - ROOFTOP  Statement Of Account - OCTOBER 2025.xlsx
bank_8150353104_69,bank,rooftop,2025-10-13,2025-10-13,847.0,,,847.0,,,,,,,meet-recording/data_sheets_historical/mangal all data sheet/INDIAN BANK ROOFTOP/TMV - ROOFTOP  Statement Of Account - OCTOBER 2025.xlsx
bank_8150353104_70,bank,rooftop,2025-10-13,2025-10-13,648.0,,,648.0,,,,,,,meet-recording/data_sheets_historical/mangal all data sheet/INDIAN BANK ROOFTOP/TMV - ROOFTOP  Statement Of Account - OCTOBER 2025.xlsx
bank_8150353104_71,bank,rooftop,2025-10-13,2025-10-13,40.0,,,40.0,,,,,,,meet-recording/data_sheets_historical/mangal all data sheet/INDIAN BANK ROOFTOP/TMV - ROOFTOP  Statement Of Account - OCTOBER 2025.xlsx
bank_8150353104_72,bank,rooftop,2025-10-13,2025-10-13,84.0,,,84.0,,,,,,,meet-recording/data_sheets_historical/mangal all data sheet/INDIAN BANK ROOFTOP/TMV - ROOFTOP  Statement Of Account - OCTOBER 2025.xlsx
bank_8150353104_73,bank,rooftop,2025-10-13,2025-10-13,439.0,,,439.0,,,,,,,meet-recording/data_sheets_historical/mangal all data sheet/INDIAN BANK ROOFTOP/TMV - ROOFTOP  Statement Of Account - OCTOBER 2025.xlsx
bank_8150353104_74,bank,rooftop,2025-10-13,2025-10-13,897.0,,,897.0,,,,,,,meet-recording/data_sheets_historical/mangal all data sheet/INDIAN BANK ROOFTOP/TMV - ROOFTOP  Statement Of Account - OCTOBER 2025.xlsx
bank_8150353104_75,bank,rooftop,2025-10-13,2025-10-13,40.0,,,40.0,,,,,,,meet-recording/data_sheets_historical/mangal all data sheet/INDIAN BANK ROOFTOP/TMV - ROOFTOP  Statement Of Account - OCTOBER 2025.xlsx
bank_8150353104_76,bank,rooftop,2025-10-13,2025-10-13,1780.0,,,1780.0,,,,,,,meet-recording/data_sheets_historical/mangal all data sheet/INDIAN BANK ROOFTOP/TMV - ROOFTOP  Statement Of Account - OCTOBER 2025.xlsx
bank_8150353104_77,bank,rooftop,2025-10-13,2025-10-13,126.0,,,126.0,,,,,,,meet-recording/data_sheets_historical/mangal all data sheet/INDIAN BANK ROOFTOP/TMV - ROOFTOP  Statement Of Account - OCTOBER 2025.xlsx
bank_8150353104_78,bank,rooftop,2025-10-13,2025-10-13,1128.0,,,1128.0,,,,,,,meet-recording/data_sheets_historical/mangal all data sheet/INDIAN BANK ROOFTOP/TMV - ROOFTOP  Statement Of Account - OCTOBER 2025.xlsx
bank_8150353104_79,bank,rooftop,2025-10-13,2025-10-13,836.0,,,836.0,,,,,,,meet-recording/data_sheets_historical/mangal all data sheet/INDIAN BANK ROOFTOP/TMV - ROOFTOP  Statement Of Account - OCTOBER 2025.xlsx
bank_8150353104_80,bank,rooftop,2025-10-14,2025-10-14,600.0,,,600.0,,,,,,,meet-recording/data_sheets_historical/mangal all data sheet/INDIAN BANK ROOFTOP/TMV - ROOFTOP  Statement Of Account - OCTOBER 2025.xlsx
bank_8150353104_81,bank,rooftop,2025-10-14,2025-10-14,100.0,,,100.0,,,,,,,meet-recording/data_sheets_historical/mangal all data sheet/INDIAN BANK ROOFTOP/TMV - ROOFTOP  Statement Of Account - OCTOBER 2025.xlsx
bank_8150353104_82,bank,rooftop,2025-10-14,2025-10-14,269.0,,,269.0,,,,,,,meet-recording/data_sheets_historical/mangal all data sheet/INDIAN BANK ROOFTOP/TMV - ROOFTOP  Statement Of Account - OCTOBER 2025.xlsx
bank_8150353104_83,bank,rooftop,2025-10-14,2025-10-14,419.0,,,419.0,,,,,,,meet-recording/data_sheets_historical/mangal all data sheet/INDIAN BANK ROOFTOP/TMV - ROOFTOP  Statement Of Account - OCTOBER 2025.xlsx
bank_8150353104_84,bank,rooftop,2025-10-14,2025-10-14,539.0,,,539.0,,,,,,,meet-recording/data_sheets_historical/mangal all data sheet/INDIAN BANK ROOFTOP/TMV - ROOFTOP  Statement Of Account - OCTOBER 2025.xlsx
bank_8150353104_85,bank,rooftop,2025-10-14,2025-10-14,180.0,,,180.0,,,,,,,meet-recording/data_sheets_historical/mangal all data sheet/INDIAN BANK ROOFTOP/TMV - ROOFTOP  Statement Of Account - OCTOBER 2025.xlsx
bank_8150353104_86,bank,rooftop,2025-10-14,2025-10-14,70.0,,,70.0,,,,,,,meet-recording/data_sheets_historical/mangal all data sheet/INDIAN BANK ROOFTOP/TMV - ROOFTOP  Statement Of Account - OCTOBER 2025.xlsx
bank_8150353104_87,bank,rooftop,2025-10-14,2025-10-14,509.0,,,509.0,,,,,,,meet-recording/data_sheets_historical/mangal all data sheet/INDIAN BANK ROOFTOP/TMV - ROOFTOP  Statement Of Account - OCTOBER 2025.xlsx
bank_8150353104_88,bank,rooftop,2025-10-14,2025-10-14,1.0,,,1.0,528719988006,,,,,,meet-recording/data_sheets_historical/mangal all data sheet/INDIAN BANK ROOFTOP/TMV - ROOFTOP  Statement Of Account - OCTOBER 2025.xlsx
bank_8150353104_89,bank,rooftop,2025-10-14,2025-10-14,9411.37,,,9411.37,YESBN12025101406115061,BANK_TRANSFER,,,,,meet-recording/data_sheets_historical/mangal all data sheet/INDIAN BANK ROOFTOP/TMV - ROOFTOP  Statement Of Account - OCTOBER 2025.xlsx
bank_8150353104_90,bank,rooftop,2025-10-15,2025-10-15,6932.9,,,6932.9,YESBN12025101501110515,BANK_TRANSFER,,,,,meet-recording/data_sheets_historical/mangal all data sheet/INDIAN BANK ROOFTOP/TMV - ROOFTOP  Statement Of Account - OCTOBER 2025.xlsx
bank_8150353104_91,bank,rooftop,2025-10-16,2025-10-16,10631.0,,,10631.0,YESBN12025101600020501,BANK_TRANSFER,,,,,meet-recording/data_sheets_historical/mangal all data sheet/INDIAN BANK ROOFTOP/TMV - ROOFTOP  Statement Of Account - OCTOBER 2025.xlsx
bank_8150353104_92,bank,rooftop,2025-10-16,2025-10-16,1.0,,,1.0,,,,,,,meet-recording/data_sheets_historical/mangal all data sheet/INDIAN BANK ROOFTOP/TMV - ROOFTOP  Statement Of Account - OCTOBER 2025.xlsx
bank_8150353104_93,bank,rooftop,2025-10-17,2025-10-17,5213.0,,,5213.0,YESBN12025101700093850,BANK_TRANSFER,,,,,meet-recording/data_sheets_historical/mangal all data sheet/INDIAN BANK ROOFTOP/TMV - ROOFTOP  Statement Of Account - OCTOBER 2025.xlsx
bank_8150353104_94,bank,rooftop,2025-10-17,2025-10-17,472.32,,,472.32,YESBN12025101705400708,BANK_TRANSFER,,,,,meet-recording/data_sheets_historical/mangal all data sheet/INDIAN BANK ROOFTOP/TMV - ROOFTOP  Statement Of Account - OCTOBER 2025.xlsx
bank_8150353104_95,bank,rooftop,2025-10-18,2025-10-18,5248.09,,,5248.09,YESBN12025101802690919,BANK_TRANSFER,,,,,meet-recording/data_sheets_historical/mangal all data sheet/INDIAN BANK ROOFTOP/TMV - ROOFTOP  Statement Of Account - OCTOBER 2025.xlsx
bank_8150353104_96,bank,rooftop,2025-10-19,2025-10-19,9789.56,,,9789.56,YESBN12025101901479632,BANK_TRANSFER,,,,,meet-recording/data_sheets_historical/mangal all data sheet/INDIAN BANK ROOFTOP/TMV - ROOFTOP  Statement Of Account - OCTOBER 2025.xlsx
bank_8150353104_97,bank,rooftop,2025-10-20,2025-10-20,14184.03,,,14184.03,YESBN12025102001430384,BANK_TRANSFER,,,,,meet-recording/data_sheets_historical/mangal all data sheet/INDIAN BANK ROOFTOP/TMV - ROOFTOP  Statement Of Account - OCTOBER 2025.xlsx
bank_8150353104_98,bank,rooftop,2025-10-21,2025-10-21,18008.1,,,18008.1,YESBN12025102100069397,BANK_TRANSFER,,,,,meet-recording/data_sheets_historical/mangal all data sheet/INDIAN BANK ROOFTOP/TMV - ROOFTOP  Statement Of Account - OCTOBER 2025.xlsx
bank_8150353104_99,bank,rooftop,2025-10-21,2025-10-21,3024.64,,,3024.64,YESBN12025102105493452,BANK_TRANSFER,,,,,meet-recording/data_sheets_historical/mangal all data sheet/INDIAN BANK ROOFTOP/TMV - ROOFTOP  Statement Of Account - OCTOBER 2025.xlsx
bank_8150353104_100,bank,rooftop,2025-10-22,2025-10-22,32871.84,,,32871.84,YESBN12025102201797213,BANK_TRANSFER,,,,,meet-recording/data_sheets_historical/mangal all data sheet/INDIAN BANK ROOFTOP/TMV - ROOFTOP  Statement Of Account - OCTOBER 2025.xlsx
bank_8150353104_101,bank,rooftop,2025-10-23,2025-10-23,18787.81,,,18787.81,YESBN12025102301186160,BANK_TRANSFER,,,,,meet-recording/data_sheets_historical/mangal all data sheet/INDIAN BANK ROOFTOP/TMV - ROOFTOP  Statement Of Account - OCTOBER 2025.xlsx
bank_8150353104_102,bank,rooftop,2025-10-24,2025-10-24,22698.28,,,22698.28,YESBN12025102400961237,BANK_TRANSFER,,,,,meet-recording/data_sheets_historical/mangal all data sheet/INDIAN BANK ROOFTOP/TMV - ROOFTOP  Statement Of Account - OCTOBER 2025.xlsx
bank_8150353104_103,bank,rooftop,2025-10-24,2025-10-24,15370.14,,,15370.14,YESBN12025102404937972,BANK_TRANSFER,,,,,meet-recording/data_sheets_historical/mangal all data sheet/INDIAN BANK ROOFTOP/TMV - ROOFTOP  Statement Of Account - OCTOBER 2025.xlsx
bank_8150353104_104,bank,rooftop,2025-10-25,2025-10-25,23628.39,,,23628.39,YESBN12025102501204725,BANK_TRANSFER,,,,,meet-recording/data_sheets_historical/mangal all data sheet/INDIAN BANK ROOFTOP/TMV - ROOFTOP  Statement Of Account - OCTOBER 2025.xlsx
bank_8150353104_105,bank,rooftop,2025-10-26,2025-10-26,24876.09,,,24876.09,YESBN12025102600062367,BANK_TRANSFER,,,,,meet-recording/data_sheets_historical/mangal all data sheet/INDIAN BANK ROOFTOP/TMV - ROOFTOP  Statement Of Account - OCTOBER 2025.xlsx
bank_8150353104_106,bank,rooftop,2025-10-27,2025-10-27,18794.86,,,18794.86,YESBN12025102701167932,BANK_TRANSFER,,,,,meet-recording/data_sheets_historical/mangal all data sheet/INDIAN BANK ROOFTOP/TMV - ROOFTOP  Statement Of Account - OCTOBER 2025.xlsx
bank_8150353104_107,bank,rooftop,2025-10-28,2025-10-28,13929.56,,,13929.56,YESBN12025102801784257,BANK_TRANSFER,,,,,meet-recording/data_sheets_historical/mangal all data sheet/INDIAN BANK ROOFTOP/TMV - ROOFTOP  Statement Of Account - OCTOBER 2025.xlsx
bank_8150353104_108,bank,rooftop,2025-10-28,2025-10-28,100000.0,,,100000.0,,,,,,,meet-recording/data_sheets_historical/mangal all data sheet/INDIAN BANK ROOFTOP/TMV - ROOFTOP  Statement Of Account - OCTOBER 2025.xlsx
bank_8150353104_109,bank,rooftop,2025-10-28,2025-10-28,5729.11,,,5729.11,YESBN12025102805010427,BANK_TRANSFER,,,,,meet-recording/data_sheets_historical/mangal all data sheet/INDIAN BANK ROOFTOP/TMV - ROOFTOP  Statement Of Account - OCTOBER 2025.xlsx
bank_8150353104_110,bank,rooftop,2025-10-29,2025-10-29,13621.16,,,13621.16,YESBN12025102901413289,BANK_TRANSFER,,,,,meet-recording/data_sheets_historical/mangal all data sheet/INDIAN BANK ROOFTOP/TMV - ROOFTOP  Statement Of Account - OCTOBER 2025.xlsx
bank_8150353104_111,bank,rooftop,2025-10-30,2025-10-30,21657.88,,,21657.88,YESBN12025103000119393,BANK_TRANSFER,,,,,meet-recording/data_sheets_historical/mangal all data sheet/INDIAN BANK ROOFTOP/TMV - ROOFTOP  Statement Of Account - OCTOBER 2025.xlsx
bank_8150353104_112,bank,rooftop,2025-10-31,2025-10-31,22461.79,,,22461.79,YESBN12025103102086738,BANK_TRANSFER,,,,,meet-recording/data_sheets_historical/mangal all data sheet/INDIAN BANK ROOFTOP/TMV - ROOFTOP  Statement Of Account - OCTOBER 2025.xlsx
bank__0,bank,rooftop,2026-01-01,2026-01-01,,,,,YESBN12026010101327722,BANK_TRANSFER,,,,,meet-recording/data_sheets_historical/mangal all data sheet/INDIAN BANK ROOFTOP/TMV - STATEMENT Of Account - JANUARY 2026-imp.xlsx
bank__1,bank,rooftop,2026-01-01,2026-01-01,,,,,,,,,,,meet-recording/data_sheets_historical/mangal all data sheet/INDIAN BANK ROOFTOP/TMV - STATEMENT Of Account - JANUARY 2026-imp.xlsx
bank__2,bank,rooftop,2026-01-01,2026-01-01,,,,,YESBN12026010105634111,BANK_TRANSFER,,,,,meet-recording/data_sheets_historical/mangal all data sheet/INDIAN BANK ROOFTOP/TMV - STATEMENT Of Account - JANUARY 2026-imp.xlsx
bank__3,bank,rooftop,2026-01-02,2026-01-02,,,,,YESBN12026010201118166,BANK_TRANSFER,,,,,meet-recording/data_sheets_historical/mangal all data sheet/INDIAN BANK ROOFTOP/TMV - STATEMENT Of Account - JANUARY 2026-imp.xlsx
bank__9,bank,rooftop,2026-01-03,2026-01-03,,,,,YESBN12026010301483350,BANK_TRANSFER,,,,,meet-recording/data_sheets_historical/mangal all data sheet/INDIAN BANK ROOFTOP/TMV - STATEMENT Of Account - JANUARY 2026-imp.xlsx
bank__10,bank,rooftop,2026-01-04,2026-01-04,,,,,YESBN12026010400086007,BANK_TRANSFER,,,,,meet-recording/data_sheets_historical/mangal all data sheet/INDIAN BANK ROOFTOP/TMV - STATEMENT Of Account - JANUARY 2026-imp.xlsx
bank__11,bank,rooftop,2026-01-04,2026-01-04,,,,,IDIBN52026010423885848,BANK_TRANSFER,,,,,meet-recording/data_sheets_historical/mangal all data sheet/INDIAN BANK ROOFTOP/TMV - STATEMENT Of Account - JANUARY 2026-imp.xlsx
bank__12,bank,rooftop,2026-01-04,2026-01-04,,,,,,,,,,,meet-recording/data_sheets_historical/mangal all data sheet/INDIAN BANK ROOFTOP/TMV - STATEMENT Of Account - JANUARY 2026-imp.xlsx
bank__13,bank,rooftop,2026-01-05,2026-01-05,,,,,YESBN12026010500935686,BANK_TRANSFER,,,,,meet-recording/data_sheets_historical/mangal all data sheet/INDIAN BANK ROOFTOP/TMV - STATEMENT Of Account - JANUARY 2026-imp.xlsx
bank__14,bank,rooftop,2026-01-06,2026-01-06,,,,,YESBN12026010600050951,BANK_TRANSFER,,,,,meet-recording/data_sheets_historical/mangal all data sheet/INDIAN BANK ROOFTOP/TMV - STATEMENT Of Account - JANUARY 2026-imp.xlsx
bank__15,bank,rooftop,2026-01-06,2026-01-06,,,,,YESBN12026010605549568,BANK_TRANSFER,,,,,meet-recording/data_sheets_historical/mangal all data sheet/INDIAN BANK ROOFTOP/TMV - STATEMENT Of Account - JANUARY 2026-imp.xlsx
bank__21,bank,rooftop,2026-01-07,2026-01-07,,,,,YESBN12026010700129459,BANK_TRANSFER,,,,,meet-recording/data_sheets_historical/mangal all data sheet/INDIAN BANK ROOFTOP/TMV - STATEMENT Of Account - JANUARY 2026-imp.xlsx
bank__22,bank,rooftop,2026-01-08,2026-01-08,,,,,YESBN12026010801188256,BANK_TRANSFER,,,,,meet-recording/data_sheets_historical/mangal all data sheet/INDIAN BANK ROOFTOP/TMV - STATEMENT Of Account - JANUARY 2026-imp.xlsx
bank__23,bank,rooftop,2026-01-08,2026-01-08,,,,,,,,,,,meet-recording/data_sheets_historical/mangal all data sheet/INDIAN BANK ROOFTOP/TMV - STATEMENT Of Account - JANUARY 2026-imp.xlsx
bank__24,bank,rooftop,2026-01-08,2026-01-08,,,,,,,,,,,meet-recording/data_sheets_historical/mangal all data sheet/INDIAN BANK ROOFTOP/TMV - STATEMENT Of Account - JANUARY 2026-imp.xlsx
bank__25,bank,rooftop,2026-01-09,2026-01-09,,,,,YESBN12026010900322984,BANK_TRANSFER,,,,,meet-recording/data_sheets_historical/mangal all data sheet/INDIAN BANK ROOFTOP/TMV - STATEMENT Of Account - JANUARY 2026-imp.xlsx
bank__26,bank,rooftop,2026-01-09,2026-01-09,,,,,YESBN12026010905534011,BANK_TRANSFER,,,,,meet-recording/data_sheets_historical/mangal all data sheet/INDIAN BANK ROOFTOP/TMV - STATEMENT Of Account - JANUARY 2026-imp.xlsx
bank__27,bank,rooftop,2026-01-10,2026-01-10,,,,,UTIBN62026011035160220,BANK_TRANSFER,,,,,meet-recording/data_sheets_historical/mangal all data sheet/INDIAN BANK ROOFTOP/TMV - STATEMENT Of Account - JANUARY 2026-imp.xlsx
bank__28,bank,rooftop,2026-01-10,2026-01-10,,,,,,,,,,,meet-recording/data_sheets_historical/mangal all data sheet/INDIAN BANK ROOFTOP/TMV - STATEMENT Of Account - JANUARY 2026-imp.xlsx
bank__34,bank,rooftop,2026-01-10,2026-01-10,,,,,,,,,,,meet-recording/data_sheets_historical/mangal all data sheet/INDIAN BANK ROOFTOP/TMV - STATEMENT Of Account - JANUARY 2026-imp.xlsx
bank__35,bank,rooftop,2026-01-10,2026-01-10,,,,,,,,,,,meet-recording/data_sheets_historical/mangal all data sheet/INDIAN BANK ROOFTOP/TMV - STATEMENT Of Account - JANUARY 2026-imp.xlsx
bank__36,bank,rooftop,2026-01-10,2026-01-10,,,,,,,,,,,meet-recording/data_sheets_historical/mangal all data sheet/INDIAN BANK ROOFTOP/TMV - STATEMENT Of Account - JANUARY 2026-imp.xlsx
bank__37,bank,rooftop,2026-01-10,2026-01-10,,,,,,,,,,,meet-recording/data_sheets_historical/mangal all data sheet/INDIAN BANK ROOFTOP/TMV - STATEMENT Of Account - JANUARY 2026-imp.xlsx
bank__38,bank,rooftop,2026-01-10,2026-01-10,,,,,,,,,,,meet-recording/data_sheets_historical/mangal all data sheet/INDIAN BANK ROOFTOP/TMV - STATEMENT Of Account - JANUARY 2026-imp.xlsx
bank__39,bank,rooftop,2026-01-10,2026-01-10,,,,,,,,,,,meet-recording/data_sheets_historical/mangal all data sheet/INDIAN BANK ROOFTOP/TMV - STATEMENT Of Account - JANUARY 2026-imp.xlsx
bank__45,bank,rooftop,2026-01-10,2026-01-10,,,,,,,,,,,meet-recording/data_sheets_historical/mangal all data sheet/INDIAN BANK ROOFTOP/TMV - STATEMENT Of Account - JANUARY 2026-imp.xlsx
bank__46,bank,rooftop,2026-01-10,2026-01-10,,,,,,,,,,,meet-recording/data_sheets_historical/mangal all data sheet/INDIAN BANK ROOFTOP/TMV - STATEMENT Of Account - JANUARY 2026-imp.xlsx
bank__47,bank,rooftop,2026-01-10,2026-01-10,,,,,,,,,,,meet-recording/data_sheets_historical/mangal all data sheet/INDIAN BANK ROOFTOP/TMV - STATEMENT Of Account - JANUARY 2026-imp.xlsx
bank__48,bank,rooftop,2026-01-10,2026-01-10,,,,,,,,,,,meet-recording/data_sheets_historical/mangal all data sheet/INDIAN BANK ROOFTOP/TMV - STATEMENT Of Account - JANUARY 2026-imp.xlsx
bank__49,bank,rooftop,2026-01-10,2026-01-10,,,,,,,,,,,meet-recording/data_sheets_historical/mangal all data sheet/INDIAN BANK ROOFTOP/TMV - STATEMENT Of Account - JANUARY 2026-imp.xlsx
bank__50,bank,rooftop,2026-01-10,2026-01-10,,,,,,,,,,,meet-recording/data_sheets_historical/mangal all data sheet/INDIAN BANK ROOFTOP/TMV - STATEMENT Of Account - JANUARY 2026-imp.xlsx
bank__51,bank,rooftop,2026-01-10,2026-01-10,,,,,,,,,,,meet-recording/data_sheets_historical/mangal all data sheet/INDIAN BANK ROOFTOP/TMV - STATEMENT Of Account - JANUARY 2026-imp.xlsx
bank__57,bank,rooftop,2026-01-10,2026-01-10,,,,,,,,,,,meet-recording/data_sheets_historical/mangal all data sheet/INDIAN BANK ROOFTOP/TMV - STATEMENT Of Account - JANUARY 2026-imp.xlsx
bank__58,bank,rooftop,2026-01-10,2026-01-10,,,,,,,,,,,meet-recording/data_sheets_historical/mangal all data sheet/INDIAN BANK ROOFTOP/TMV - STATEMENT Of Account - JANUARY 2026-imp.xlsx
bank__59,bank,rooftop,2026-01-10,2026-01-10,,,,,IDIBN52026011024975423,BANK_TRANSFER,,,,,meet-recording/data_sheets_historical/mangal all data sheet/INDIAN BANK ROOFTOP/TMV - STATEMENT Of Account - JANUARY 2026-imp.xlsx
bank__60,bank,rooftop,2026-01-10,2026-01-10,,,,,,,,,,,meet-recording/data_sheets_historical/mangal all data sheet/INDIAN BANK ROOFTOP/TMV - STATEMENT Of Account - JANUARY 2026-imp.xlsx
bank__61,bank,rooftop,2026-01-11,2026-01-11,,,,,YESBN12026011100014588,BANK_TRANSFER,,,,,meet-recording/data_sheets_historical/mangal all data sheet/INDIAN BANK ROOFTOP/TMV - STATEMENT Of Account - JANUARY 2026-imp.xlsx
bank__62,bank,rooftop,2026-01-12,2026-01-12,,,,,YESBN12026011200034155,BANK_TRANSFER,,,,,meet-recording/data_sheets_historical/mangal all data sheet/INDIAN BANK ROOFTOP/TMV - STATEMENT Of Account - JANUARY 2026-imp.xlsx
bank__63,bank,rooftop,2026-01-12,2026-01-12,,,,,,,,,,,meet-recording/data_sheets_historical/mangal all data sheet/INDIAN BANK ROOFTOP/TMV - STATEMENT Of Account - JANUARY 2026-imp.xlsx
bank__69,bank,rooftop,2026-01-13,2026-01-13,,,,,YESBN12026011300060167,BANK_TRANSFER,,,,,meet-recording/data_sheets_historical/mangal all data sheet/INDIAN BANK ROOFTOP/TMV - STATEMENT Of Account - JANUARY 2026-imp.xlsx
bank__70,bank,rooftop,2026-01-13,2026-01-13,,,,,,,,,,,meet-recording/data_sheets_historical/mangal all data sheet/INDIAN BANK ROOFTOP/TMV - STATEMENT Of Account - JANUARY 2026-imp.xlsx
bank__71,bank,rooftop,2026-01-13,2026-01-13,,,,,YESBN12026011305773717,BANK_TRANSFER,,,,,meet-recording/data_sheets_historical/mangal all data sheet/INDIAN BANK ROOFTOP/TMV - STATEMENT Of Account - JANUARY 2026-imp.xlsx
bank__72,bank,rooftop,2026-01-14,2026-01-14,,,,,YESBN12026011401364010,BANK_TRANSFER,,,,,meet-recording/data_sheets_historical/mangal all data sheet/INDIAN BANK ROOFTOP/TMV - STATEMENT Of Account - JANUARY 2026-imp.xlsx
bank__73,bank,rooftop,2026-01-14,2026-01-14,,,,,,,,,,,meet-recording/data_sheets_historical/mangal all data sheet/INDIAN BANK ROOFTOP/TMV - STATEMENT Of Account - JANUARY 2026-imp.xlsx
bank__74,bank,rooftop,2026-01-15,2026-01-15,,,,,YESBN12026011500113136,BANK_TRANSFER,,,,,meet-recording/data_sheets_historical/mangal all data sheet/INDIAN BANK ROOFTOP/TMV - STATEMENT Of Account - JANUARY 2026-imp.xlsx
bank__75,bank,rooftop,2026-01-15,2026-01-15,,,,,,,,,,,meet-recording/data_sheets_historical/mangal all data sheet/INDIAN BANK ROOFTOP/TMV - STATEMENT Of Account - JANUARY 2026-imp.xlsx
bank__81,bank,rooftop,2026-01-15,2026-01-15,,,,,,,,,,,meet-recording/data_sheets_historical/mangal all data sheet/INDIAN BANK ROOFTOP/TMV - STATEMENT Of Account - JANUARY 2026-imp.xlsx
bank__82,bank,rooftop,2026-01-16,2026-01-16,,,,,YESBN12026011600014885,BANK_TRANSFER,,,,,meet-recording/data_sheets_historical/mangal all data sheet/INDIAN BANK ROOFTOP/TMV - STATEMENT Of Account - JANUARY 2026-imp.xlsx
bank__83,bank,rooftop,2026-01-16,2026-01-16,,,,,,,,,,,meet-recording/data_sheets_historical/mangal all data sheet/INDIAN BANK ROOFTOP/TMV - STATEMENT Of Account - JANUARY 2026-imp.xlsx
bank__84,bank,rooftop,2026-01-16,2026-01-16,,,,,,,,,,,meet-recording/data_sheets_historical/mangal all data sheet/INDIAN BANK ROOFTOP/TMV - STATEMENT Of Account - JANUARY 2026-imp.xlsx
bank__85,bank,rooftop,2026-01-16,2026-01-16,,,,,YESBN12026011605221627,BANK_TRANSFER,,,,,meet-recording/data_sheets_historical/mangal all data sheet/INDIAN BANK ROOFTOP/TMV - STATEMENT Of Account - JANUARY 2026-imp.xlsx
bank__86,bank,rooftop,2026-01-17,2026-01-17,,,,,YESBN12026011700055664,BANK_TRANSFER,,,,,meet-recording/data_sheets_historical/mangal all data sheet/INDIAN BANK ROOFTOP/TMV - STATEMENT Of Account - JANUARY 2026-imp.xlsx
bank__87,bank,rooftop,2026-01-17,2026-01-17,,,,,,,,,,,meet-recording/data_sheets_historical/mangal all data sheet/INDIAN BANK ROOFTOP/TMV - STATEMENT Of Account - JANUARY 2026-imp.xlsx
bank__93,bank,rooftop,2026-01-18,2026-01-18,,,,,YESBN12026011801244900,BANK_TRANSFER,,,,,meet-recording/data_sheets_historical/mangal all data sheet/INDIAN BANK ROOFTOP/TMV - STATEMENT Of Account - JANUARY 2026-imp.xlsx
bank__94,bank,rooftop,2026-01-19,2026-01-19,,,,,YESBN12026011900919974,BANK_TRANSFER,,,,,meet-recording/data_sheets_historical/mangal all data sheet/INDIAN BANK ROOFTOP/TMV - STATEMENT Of Account - JANUARY 2026-imp.xlsx
bank__95,bank,rooftop,2026-01-19,2026-01-19,,,,,,,,,,,meet-recording/data_sheets_historical/mangal all data sheet/INDIAN BANK ROOFTOP/TMV - STATEMENT Of Account - JANUARY 2026-imp.xlsx
bank__96,bank,rooftop,2026-01-20,2026-01-20,,,,,YESBN12026012000170702,BANK_TRANSFER,,,,,meet-recording/data_sheets_historical/mangal all data sheet/INDIAN BANK ROOFTOP/TMV - STATEMENT Of Account - JANUARY 2026-imp.xlsx
bank__97,bank,rooftop,2026-01-20,2026-01-20,,,,,YESBN12026012005209738,BANK_TRANSFER,,,,,meet-recording/data_sheets_historical/mangal all data sheet/INDIAN BANK ROOFTOP/TMV - STATEMENT Of Account - JANUARY 2026-imp.xlsx
bank__98,bank,rooftop,2026-01-21,2026-01-21,,,,,YESBN12026012100197600,BANK_TRANSFER,,,,,meet-recording/data_sheets_historical/mangal all data sheet/INDIAN BANK ROOFTOP/TMV - STATEMENT Of Account - JANUARY 2026-imp.xlsx
bank__99,bank,rooftop,2026-01-22,2026-01-22,,,,,YESBN12026012200742979,BANK_TRANSFER,,,,,meet-recording/data_sheets_historical/mangal all data sheet/INDIAN BANK ROOFTOP/TMV - STATEMENT Of Account - JANUARY 2026-imp.xlsx
bank__100,bank,rooftop,2026-01-23,2026-01-23,,,,,,,,,,,meet-recording/data_sheets_historical/mangal all data sheet/INDIAN BANK ROOFTOP/TMV - STATEMENT Of Account - JANUARY 2026-imp.xlsx
bank__106,bank,rooftop,2026-01-23,2026-01-23,,,,,,,,,,,meet-recording/data_sheets_historical/mangal all data sheet/INDIAN BANK ROOFTOP/TMV - STATEMENT Of Account - JANUARY 2026-imp.xlsx
bank__107,bank,rooftop,2026-01-23,2026-01-23,,,,,YESBN12026012305819328,BANK_TRANSFER,,,,,meet-recording/data_sheets_historical/mangal all data sheet/INDIAN BANK ROOFTOP/TMV - STATEMENT Of Account - JANUARY 2026-imp.xlsx
bank__108,bank,rooftop,2026-01-24,2026-01-24,,,,,YESBN12026012402144908,BANK_TRANSFER,,,,,meet-recording/data_sheets_historical/mangal all data sheet/INDIAN BANK ROOFTOP/TMV - STATEMENT Of Account - JANUARY 2026-imp.xlsx
bank__109,bank,rooftop,2026-01-25,2026-01-25,,,,,YESBN12026012501146014,BANK_TRANSFER,,,,,meet-recording/data_sheets_historical/mangal all data sheet/INDIAN BANK ROOFTOP/TMV - STATEMENT Of Account - JANUARY 2026-imp.xlsx
bank__110,bank,rooftop,2026-01-26,2026-01-26,,,,,YESBN12026012601261277,BANK_TRANSFER,,,,,meet-recording/data_sheets_historical/mangal all data sheet/INDIAN BANK ROOFTOP/TMV - STATEMENT Of Account - JANUARY 2026-imp.xlsx
bank__111,bank,rooftop,2026-01-27,2026-01-27,,,,,YESBN12026012700116021,BANK_TRANSFER,,,,,meet-recording/data_sheets_historical/mangal all data sheet/INDIAN BANK ROOFTOP/TMV - STATEMENT Of Account - JANUARY 2026-imp.xlsx
bank__112,bank,rooftop,2026-01-27,2026-01-27,,,,,,,,,,,meet-recording/data_sheets_historical/mangal all data sheet/INDIAN BANK ROOFTOP/TMV - STATEMENT Of Account - JANUARY 2026-imp.xlsx
bank__118,bank,rooftop,2026-01-27,2026-01-27,,,,,YESBN12026012705323241,BANK_TRANSFER,,,,,meet-recording/data_sheets_historical/mangal all data sheet/INDIAN BANK ROOFTOP/TMV - STATEMENT Of Account - JANUARY 2026-imp.xlsx
bank__119,bank,rooftop,2026-01-28,2026-01-28,,,,,YESBN12026012800262391,BANK_TRANSFER,,,,,meet-recording/data_sheets_historical/mangal all data sheet/INDIAN BANK ROOFTOP/TMV - STATEMENT Of Account - JANUARY 2026-imp.xlsx
bank__120,bank,rooftop,2026-01-29,2026-01-29,,,,,YESBN12026012901537025,BANK_TRANSFER,,,,,meet-recording/data_sheets_historical/mangal all data sheet/INDIAN BANK ROOFTOP/TMV - STATEMENT Of Account - JANUARY 2026-imp.xlsx
bank__121,bank,rooftop,2026-01-29,2026-01-29,,,,,,,,,,,meet-recording/data_sheets_historical/mangal all data sheet/INDIAN BANK ROOFTOP/TMV - STATEMENT Of Account - JANUARY 2026-imp.xlsx
bank__122,bank,rooftop,2026-01-29,2026-01-29,,,,,,,,,,,meet-recording/data_sheets_historical/mangal all data sheet/INDIAN BANK ROOFTOP/TMV - STATEMENT Of Account - JANUARY 2026-imp.xlsx
bank__123,bank,rooftop,2026-01-29,2026-01-29,,,,,,,,,,,meet-recording/data_sheets_historical/mangal all data sheet/INDIAN BANK ROOFTOP/TMV - STATEMENT Of Account - JANUARY 2026-imp.xlsx
bank__124,bank,rooftop,2026-01-30,2026-01-30,,,,,YESBN12026013003054206,BANK_TRANSFER,,,,,meet-recording/data_sheets_historical/mangal all data sheet/INDIAN BANK ROOFTOP/TMV - STATEMENT Of Account - JANUARY 2026-imp.xlsx
bank__130,bank,rooftop,2026-01-30,2026-01-30,,,,,YESBN12026013005328322,BANK_TRANSFER,,,,,meet-recording/data_sheets_historical/mangal all data sheet/INDIAN BANK ROOFTOP/TMV - STATEMENT Of Account - JANUARY 2026-imp.xlsx
bank__131,bank,rooftop,2026-01-31,2026-01-31,,,,,YESBN12026013102679348,BANK_TRANSFER,,,,,meet-recording/data_sheets_historical/mangal all data sheet/INDIAN BANK ROOFTOP/TMV - STATEMENT Of Account - JANUARY 2026-imp.xlsx
bank__0,bank,rooftop,2026-02-01,2026-02-01,,,,,YESBN12026020101124843,BANK_TRANSFER,,,,,meet-recording/data_sheets_historical/mangal all data sheet/INDIAN BANK ROOFTOP/TMV - Statement Of Account - February 2026-imp.xlsx
bank__1,bank,rooftop,2026-02-02,2026-02-02,,,,,YESBN12026020201672414,BANK_TRANSFER,,,,,meet-recording/data_sheets_historical/mangal all data sheet/INDIAN BANK ROOFTOP/TMV - Statement Of Account - February 2026-imp.xlsx
bank__2,bank,rooftop,2026-02-02,2026-02-02,,,,,YESBN12026020204963335,BANK_TRANSFER,,,,,meet-recording/data_sheets_historical/mangal all data sheet/INDIAN BANK ROOFTOP/TMV - Statement Of Account - February 2026-imp.xlsx
bank__3,bank,rooftop,2026-02-03,2026-02-03,,,,,YESBN12026020301416278,BANK_TRANSFER,,,,,meet-recording/data_sheets_historical/mangal all data sheet/INDIAN BANK ROOFTOP/TMV - Statement Of Account - February 2026-imp.xlsx
bank__9,bank,rooftop,2026-02-04,2026-02-04,,,,,YESBN12026020402406826,BANK_TRANSFER,,,,,meet-recording/data_sheets_historical/mangal all data sheet/INDIAN BANK ROOFTOP/TMV - Statement Of Account - February 2026-imp.xlsx
bank__10,bank,rooftop,2026-02-05,2026-02-05,,,,,YESBN12026020502388699,BANK_TRANSFER,,,,,meet-recording/data_sheets_historical/mangal all data sheet/INDIAN BANK ROOFTOP/TMV - Statement Of Account - February 2026-imp.xlsx
bank__11,bank,rooftop,2026-02-06,2026-02-06,,,,,YESBN12026020601399489,BANK_TRANSFER,,,,,meet-recording/data_sheets_historical/mangal all data sheet/INDIAN BANK ROOFTOP/TMV - Statement Of Account - February 2026-imp.xlsx
bank__12,bank,rooftop,2026-02-06,2026-02-06,,,,,YESBN12026020605167201,BANK_TRANSFER,,,,,meet-recording/data_sheets_historical/mangal all data sheet/INDIAN BANK ROOFTOP/TMV - Statement Of Account - February 2026-imp.xlsx
bank__13,bank,rooftop,2026-02-07,2026-02-07,,,,,YESBN12026020702741883,BANK_TRANSFER,,,,,meet-recording/data_sheets_historical/mangal all data sheet/INDIAN BANK ROOFTOP/TMV - Statement Of Account - February 2026-imp.xlsx
bank__14,bank,rooftop,2026-02-08,2026-02-08,,,,,YESBN12026020801639265,BANK_TRANSFER,,,,,meet-recording/data_sheets_historical/mangal all data sheet/INDIAN BANK ROOFTOP/TMV - Statement Of Account - February 2026-imp.xlsx
bank__15,bank,rooftop,2026-02-09,2026-02-09,,,,,YESBN12026020901813502,BANK_TRANSFER,,,,,meet-recording/data_sheets_historical/mangal all data sheet/INDIAN BANK ROOFTOP/TMV - Statement Of Account - February 2026-imp.xlsx
bank__21,bank,rooftop,2026-02-10,2026-02-10,,,,,YESBN12026021002124862,BANK_TRANSFER,,,,,meet-recording/data_sheets_historical/mangal all data sheet/INDIAN BANK ROOFTOP/TMV - Statement Of Account - February 2026-imp.xlsx
bank__22,bank,rooftop,2026-02-10,2026-02-10,,,,,,,,,,,meet-recording/data_sheets_historical/mangal all data sheet/INDIAN BANK ROOFTOP/TMV - Statement Of Account - February 2026-imp.xlsx
bank__23,bank,rooftop,2026-02-10,2026-02-10,,,,,,,,,,,meet-recording/data_sheets_historical/mangal all data sheet/INDIAN BANK ROOFTOP/TMV - Statement Of Account - February 2026-imp.xlsx
bank__24,bank,rooftop,2026-02-10,2026-02-10,,,,,,,,,,,meet-recording/data_sheets_historical/mangal all data sheet/INDIAN BANK ROOFTOP/TMV - Statement Of Account - February 2026-imp.xlsx
bank__25,bank,rooftop,2026-02-10,2026-02-10,,,,,,,,,,,meet-recording/data_sheets_historical/mangal all data sheet/INDIAN BANK ROOFTOP/TMV - Statement Of Account - February 2026-imp.xlsx
bank__26,bank,rooftop,2026-02-10,2026-02-10,,,,,,,,,,,meet-recording/data_sheets_historical/mangal all data sheet/INDIAN BANK ROOFTOP/TMV - Statement Of Account - February 2026-imp.xlsx
bank__27,bank,rooftop,2026-02-10,2026-02-10,,,,,,,,,,,meet-recording/data_sheets_historical/mangal all data sheet/INDIAN BANK ROOFTOP/TMV - Statement Of Account - February 2026-imp.xlsx
bank__33,bank,rooftop,2026-02-10,2026-02-10,,,,,,,,,,,meet-recording/data_sheets_historical/mangal all data sheet/INDIAN BANK ROOFTOP/TMV - Statement Of Account - February 2026-imp.xlsx
bank__34,bank,rooftop,2026-02-10,2026-02-10,,,,,,,,,,,meet-recording/data_sheets_historical/mangal all data sheet/INDIAN BANK ROOFTOP/TMV - Statement Of Account - February 2026-imp.xlsx
bank__35,bank,rooftop,2026-02-10,2026-02-10,,,,,,,,,,,meet-recording/data_sheets_historical/mangal all data sheet/INDIAN BANK ROOFTOP/TMV - Statement Of Account - February 2026-imp.xlsx
bank__36,bank,rooftop,2026-02-10,2026-02-10,,,,,,,,,,,meet-recording/data_sheets_historical/mangal all data sheet/INDIAN BANK ROOFTOP/TMV - Statement Of Account - February 2026-imp.xlsx
bank__37,bank,rooftop,2026-02-10,2026-02-10,,,,,,,,,,,meet-recording/data_sheets_historical/mangal all data sheet/INDIAN BANK ROOFTOP/TMV - Statement Of Account - February 2026-imp.xlsx
bank__38,bank,rooftop,2026-02-10,2026-02-10,,,,,,,,,,,meet-recording/data_sheets_historical/mangal all data sheet/INDIAN BANK ROOFTOP/TMV - Statement Of Account - February 2026-imp.xlsx
bank__39,bank,rooftop,2026-02-10,2026-02-10,,,,,,,,,,,meet-recording/data_sheets_historical/mangal all data sheet/INDIAN BANK ROOFTOP/TMV - Statement Of Account - February 2026-imp.xlsx
bank__45,bank,rooftop,2026-02-10,2026-02-10,,,,,,,,,,,meet-recording/data_sheets_historical/mangal all data sheet/INDIAN BANK ROOFTOP/TMV - Statement Of Account - February 2026-imp.xlsx
bank__46,bank,rooftop,2026-02-10,2026-02-10,,,,,,,,,,,meet-recording/data_sheets_historical/mangal all data sheet/INDIAN BANK ROOFTOP/TMV - Statement Of Account - February 2026-imp.xlsx
bank__47,bank,rooftop,2026-02-10,2026-02-10,,,,,,,,,,,meet-recording/data_sheets_historical/mangal all data sheet/INDIAN BANK ROOFTOP/TMV - Statement Of Account - February 2026-imp.xlsx
bank__48,bank,rooftop,2026-02-10,2026-02-10,,,,,IDIBN52026021029172080,BANK_TRANSFER,,,,,meet-recording/data_sheets_historical/mangal all data sheet/INDIAN BANK ROOFTOP/TMV - Statement Of Account - February 2026-imp.xlsx
bank__49,bank,rooftop,2026-02-10,2026-02-10,,,,,,,,,,,meet-recording/data_sheets_historical/mangal all data sheet/INDIAN BANK ROOFTOP/TMV - Statement Of Account - February 2026-imp.xlsx
bank__50,bank,rooftop,2026-02-11,2026-02-11,,,,,YESBN12026021101866945,BANK_TRANSFER,,,,,meet-recording/data_sheets_historical/mangal all data sheet/INDIAN BANK ROOFTOP/TMV - Statement Of Account - February 2026-imp.xlsx
bank__51,bank,rooftop,2026-02-12,2026-02-12,,,,,,,,,,,meet-recording/data_sheets_historical/mangal all data sheet/INDIAN BANK ROOFTOP/TMV - Statement Of Account - February 2026-imp.xlsx
bank__57,bank,rooftop,2026-02-12,2026-02-12,,,,,,,,,,,meet-recording/data_sheets_historical/mangal all data sheet/INDIAN BANK ROOFTOP/TMV - Statement Of Account - February 2026-imp.xlsx
bank__58,bank,rooftop,2026-02-13,2026-02-13,,,,,YESBN12026021301016148,BANK_TRANSFER,,,,,meet-recording/data_sheets_historical/mangal all data sheet/INDIAN BANK ROOFTOP/TMV - Statement Of Account - February 2026-imp.xlsx
bank__59,bank,rooftop,2026-02-14,2026-02-14,,,,,YESBN12026021400556127,BANK_TRANSFER,,,,,meet-recording/data_sheets_historical/mangal all data sheet/INDIAN BANK ROOFTOP/TMV - Statement Of Account - February 2026-imp.xlsx
bank__60,bank,rooftop,2026-02-15,2026-02-15,,,,,YESBN12026021501386767,BANK_TRANSFER,,,,,meet-recording/data_sheets_historical/mangal all data sheet/INDIAN BANK ROOFTOP/TMV - Statement Of Account - February 2026-imp.xlsx
bank__61,bank,rooftop,2026-02-15,2026-02-15,,,,,,,,,,,meet-recording/data_sheets_historical/mangal all data sheet/INDIAN BANK ROOFTOP/TMV - Statement Of Account - February 2026-imp.xlsx
bank__62,bank,rooftop,2026-02-15,2026-02-15,,,,,,,,,,,meet-recording/data_sheets_historical/mangal all data sheet/INDIAN BANK ROOFTOP/TMV - Statement Of Account - February 2026-imp.xlsx
bank__63,bank,rooftop,2026-02-16,2026-02-16,,,,,,,,,,,meet-recording/data_sheets_historical/mangal all data sheet/INDIAN BANK ROOFTOP/TMV - Statement Of Account - February 2026-imp.xlsx
bank__69,bank,rooftop,2026-02-16,2026-02-16,,,,,,,,,,,meet-recording/data_sheets_historical/mangal all data sheet/INDIAN BANK ROOFTOP/TMV - Statement Of Account - February 2026-imp.xlsx
bank__70,bank,rooftop,2026-02-17,2026-02-17,,,,,YESBN12026021701775910,BANK_TRANSFER,,,,,meet-recording/data_sheets_historical/mangal all data sheet/INDIAN BANK ROOFTOP/TMV - Statement Of Account - February 2026-imp.xlsx
bank__71,bank,rooftop,2026-02-17,2026-02-17,,,,,,,,,,,meet-recording/data_sheets_historical/mangal all data sheet/INDIAN BANK ROOFTOP/TMV - Statement Of Account - February 2026-imp.xlsx
bank__72,bank,rooftop,2026-02-17,2026-02-17,,,,,,,,,,,meet-recording/data_sheets_historical/mangal all data sheet/INDIAN BANK ROOFTOP/TMV - Statement Of Account - February 2026-imp.xlsx
bank__73,bank,rooftop,2026-02-18,2026-02-18,,,,,YESBN12026021802608349,BANK_TRANSFER,,,,,meet-recording/data_sheets_historical/mangal all data sheet/INDIAN BANK ROOFTOP/TMV - Statement Of Account - February 2026-imp.xlsx
bank__74,bank,rooftop,2026-02-18,2026-02-18,,,,,YESBN12026021805094690,BANK_TRANSFER,,,,,meet-recording/data_sheets_historical/mangal all data sheet/INDIAN BANK ROOFTOP/TMV - Statement Of Account - February 2026-imp.xlsx
bank__75,bank,rooftop,2026-02-18,2026-02-18,,,,,,,,,,,meet-recording/data_sheets_historical/mangal all data sheet/INDIAN BANK ROOFTOP/TMV - Statement Of Account - February 2026-imp.xlsx
bank__81,bank,rooftop,2026-02-18,2026-02-18,,,,,,,,,,,meet-recording/data_sheets_historical/mangal all data sheet/INDIAN BANK ROOFTOP/TMV - Statement Of Account - February 2026-imp.xlsx
bank__82,bank,rooftop,2026-02-19,2026-02-19,,,,,YESBN12026021901573964,BANK_TRANSFER,,,,,meet-recording/data_sheets_historical/mangal all data sheet/INDIAN BANK ROOFTOP/TMV - Statement Of Account - February 2026-imp.xlsx
bank__83,bank,rooftop,2026-02-19,2026-02-19,,,,,,,,,,,meet-recording/data_sheets_historical/mangal all data sheet/INDIAN BANK ROOFTOP/TMV - Statement Of Account - February 2026-imp.xlsx
bank__84,bank,rooftop,2026-02-20,2026-02-20,,,,,YESBN12026022001680959,BANK_TRANSFER,,,,,meet-recording/data_sheets_historical/mangal all data sheet/INDIAN BANK ROOFTOP/TMV - Statement Of Account - February 2026-imp.xlsx
bank__85,bank,rooftop,2026-02-20,2026-02-20,,,,,,,,,,,meet-recording/data_sheets_historical/mangal all data sheet/INDIAN BANK ROOFTOP/TMV - Statement Of Account - February 2026-imp.xlsx
bank__86,bank,rooftop,2026-02-20,2026-02-20,,,,,,,,,,,meet-recording/data_sheets_historical/mangal all data sheet/INDIAN BANK ROOFTOP/TMV - Statement Of Account - February 2026-imp.xlsx
bank__87,bank,rooftop,2026-02-20,2026-02-20,,,,,YESBN12026022005265383,BANK_TRANSFER,,,,,meet-recording/data_sheets_historical/mangal all data sheet/INDIAN BANK ROOFTOP/TMV - Statement Of Account - February 2026-imp.xlsx
bank__88,bank,rooftop,2026-02-21,2026-02-21,,,,,YESBN12026022102814311,BANK_TRANSFER,,,,,meet-recording/data_sheets_historical/mangal all data sheet/INDIAN BANK ROOFTOP/TMV - Statement Of Account - February 2026-imp.xlsx
bank__94,bank,rooftop,2026-02-21,2026-02-21,,,,,,,,,,,meet-recording/data_sheets_historical/mangal all data sheet/INDIAN BANK ROOFTOP/TMV - Statement Of Account - February 2026-imp.xlsx
bank__95,bank,rooftop,2026-02-22,2026-02-22,,,,,YESBN12026022200858224,BANK_TRANSFER,,,,,meet-recording/data_sheets_historical/mangal all data sheet/INDIAN BANK ROOFTOP/TMV - Statement Of Account - February 2026-imp.xlsx
bank__96,bank,rooftop,2026-02-23,2026-02-23,,,,,YESBN12026022301909216,BANK_TRANSFER,,,,,meet-recording/data_sheets_historical/mangal all data sheet/INDIAN BANK ROOFTOP/TMV - Statement Of Account - February 2026-imp.xlsx
bank__97,bank,rooftop,2026-02-24,2026-02-24,,,,,YESBN12026022401209688,BANK_TRANSFER,,,,,meet-recording/data_sheets_historical/mangal all data sheet/INDIAN BANK ROOFTOP/TMV - Statement Of Account - February 2026-imp.xlsx
bank__98,bank,rooftop,2026-02-24,2026-02-24,,,,,YESBN12026022405497210,BANK_TRANSFER,,,,,meet-recording/data_sheets_historical/mangal all data sheet/INDIAN BANK ROOFTOP/TMV - Statement Of Account - February 2026-imp.xlsx
bank__99,bank,rooftop,2026-02-25,2026-02-25,,,,,YESBN12026022501379217,BANK_TRANSFER,,,,,meet-recording/data_sheets_historical/mangal all data sheet/INDIAN BANK ROOFTOP/TMV - Statement Of Account - February 2026-imp.xlsx
bank__100,bank,rooftop,2026-02-26,2026-02-26,,,,,YESBN12026022601443572,BANK_TRANSFER,,,,,meet-recording/data_sheets_historical/mangal all data sheet/INDIAN BANK ROOFTOP/TMV - Statement Of Account - February 2026-imp.xlsx
bank__106,bank,rooftop,2026-02-27,2026-02-27,,,,,YESBN12026022701230378,BANK_TRANSFER,,,,,meet-recording/data_sheets_historical/mangal all data sheet/INDIAN BANK ROOFTOP/TMV - Statement Of Account - February 2026-imp.xlsx
bank__107,bank,rooftop,2026-02-27,2026-02-27,,,,,,,,,,,meet-recording/data_sheets_historical/mangal all data sheet/INDIAN BANK ROOFTOP/TMV - Statement Of Account - February 2026-imp.xlsx
bank__108,bank,rooftop,2026-02-27,2026-02-27,,,,,YESBN12026022705921472,BANK_TRANSFER,,,,,meet-recording/data_sheets_historical/mangal all data sheet/INDIAN BANK ROOFTOP/TMV - Statement Of Account - February 2026-imp.xlsx
bank__109,bank,rooftop,2026-02-28,2026-02-28,,,,,YESBN12026022802250525,BANK_TRANSFER,,,,,meet-recording/data_sheets_historical/mangal all data sheet/INDIAN BANK ROOFTOP/TMV - Statement Of Account - February 2026-imp.xlsx
bank__0,bank,rooftop,2026-03-01 00:00:00,2026-03-01 00:00:00,16296.68,,,16296.68,nan,BANK_TRANSFER,,,,,meet-recording/data_sheets_historical/mangal all data sheet/INDIAN BANK ROOFTOP/TMV - Statement Of Account - MARCH 2026.xlsx
bank__1,bank,rooftop,2026-03-01 00:00:00,2026-03-01 00:00:00,2527.43,,,2527.43,nan,BANK_TRANSFER,,,,,meet-recording/data_sheets_historical/mangal all data sheet/INDIAN BANK ROOFTOP/TMV - Statement Of Account - MARCH 2026.xlsx
bank__2,bank,rooftop,2026-03-02 00:00:00,2026-03-02 00:00:00,10000.94,,,10000.94,nan,BANK_TRANSFER,,,,,meet-recording/data_sheets_historical/mangal all data sheet/INDIAN BANK ROOFTOP/TMV - Statement Of Account - MARCH 2026.xlsx
bank__3,bank,rooftop,2026-03-02 00:00:00,2026-03-02 00:00:00,-52540.0,,,-52540.0,nan,,,,,,meet-recording/data_sheets_historical/mangal all data sheet/INDIAN BANK ROOFTOP/TMV - Statement Of Account - MARCH 2026.xlsx
bank__4,bank,rooftop,2026-03-03 00:00:00,2026-03-03 00:00:00,15487.43,,,15487.43,nan,BANK_TRANSFER,,,,,meet-recording/data_sheets_historical/mangal all data sheet/INDIAN BANK ROOFTOP/TMV - Statement Of Account - MARCH 2026.xlsx
bank__5,bank,rooftop,2026-03-04 00:00:00,2026-03-04 00:00:00,39426.53,,,39426.53,nan,BANK_TRANSFER,,,,,meet-recording/data_sheets_historical/mangal all data sheet/INDIAN BANK ROOFTOP/TMV - Statement Of Account - MARCH 2026.xlsx
bank__6,bank,rooftop,2026-03-04 00:00:00,2026-03-04 00:00:00,50000.0,,,50000.0,nan,,,,,,meet-recording/data_sheets_historical/mangal all data sheet/INDIAN BANK ROOFTOP/TMV - Statement Of Account - MARCH 2026.xlsx
bank__7,bank,rooftop,2026-03-05 00:00:00,2026-03-05 00:00:00,9980.75,,,9980.75,nan,BANK_TRANSFER,,,,,meet-recording/data_sheets_historical/mangal all data sheet/INDIAN BANK ROOFTOP/TMV - Statement Of Account - MARCH 2026.xlsx
bank__8,bank,rooftop,2026-03-06 00:00:00,2026-03-06 00:00:00,16275.98,,,16275.98,nan,BANK_TRANSFER,,,,,meet-recording/data_sheets_historical/mangal all data sheet/INDIAN BANK ROOFTOP/TMV - Statement Of Account - MARCH 2026.xlsx
bank__9,bank,rooftop,2026-03-06 00:00:00,2026-03-06 00:00:00,2691.88,,,2691.88,nan,BANK_TRANSFER,,,,,meet-recording/data_sheets_historical/mangal all data sheet/INDIAN BANK ROOFTOP/TMV - Statement Of Account - MARCH 2026.xlsx
bank__10,bank,rooftop,2026-03-07 00:00:00,2026-03-07 00:00:00,12220.7,,,12220.7,nan,BANK_TRANSFER,,,,,meet-recording/data_sheets_historical/mangal all data sheet/INDIAN BANK ROOFTOP/TMV - Statement Of Account - MARCH 2026.xlsx
bank__11,bank,rooftop,2026-03-08 00:00:00,2026-03-08 00:00:00,20782.31,,,20782.31,nan,BANK_TRANSFER,,,,,meet-recording/data_sheets_historical/mangal all data sheet/INDIAN BANK ROOFTOP/TMV - Statement Of Account - MARCH 2026.xlsx
bank__12,bank,rooftop,2026-03-09 00:00:00,2026-03-09 00:00:00,14607.56,,,14607.56,nan,BANK_TRANSFER,,,,,meet-recording/data_sheets_historical/mangal all data sheet/INDIAN BANK ROOFTOP/TMV - Statement Of Account - MARCH 2026.xlsx
bank__13,bank,rooftop,2026-03-10 00:00:00,2026-03-10 00:00:00,8580.4,,,8580.4,nan,BANK_TRANSFER,,,,,meet-recording/data_sheets_historical/mangal all data sheet/INDIAN BANK ROOFTOP/TMV - Statement Of Account - MARCH 2026.xlsx
bank__14,bank,rooftop,2026-03-10 00:00:00,2026-03-10 00:00:00,-41786.0,,,-41786.0,nan,,,,,,meet-recording/data_sheets_historical/mangal all data sheet/INDIAN BANK ROOFTOP/TMV - Statement Of Account - MARCH 2026.xlsx
bank__15,bank,rooftop,2026-03-10 00:00:00,2026-03-10 00:00:00,-39357.0,,,-39357.0,nan,,,,,,meet-recording/data_sheets_historical/mangal all data sheet/INDIAN BANK ROOFTOP/TMV - Statement Of Account - MARCH 2026.xlsx
bank__16,bank,rooftop,2026-03-10 00:00:00,2026-03-10 00:00:00,-30000.0,,,-30000.0,nan,,,,,,meet-recording/data_sheets_historical/mangal all data sheet/INDIAN BANK ROOFTOP/TMV - Statement Of Account - MARCH 2026.xlsx
bank__17,bank,rooftop,2026-03-10 00:00:00,2026-03-10 00:00:00,-22000.0,,,-22000.0,nan,,,,,,meet-recording/data_sheets_historical/mangal all data sheet/INDIAN BANK ROOFTOP/TMV - Statement Of Account - MARCH 2026.xlsx
bank__18,bank,rooftop,2026-03-10 00:00:00,2026-03-10 00:00:00,-14000.0,,,-14000.0,nan,,,,,,meet-recording/data_sheets_historical/mangal all data sheet/INDIAN BANK ROOFTOP/TMV - Statement Of Account - MARCH 2026.xlsx
bank__19,bank,rooftop,2026-03-10 00:00:00,2026-03-10 00:00:00,-13125.0,,,-13125.0,nan,,,,,,meet-recording/data_sheets_historical/mangal all data sheet/INDIAN BANK ROOFTOP/TMV - Statement Of Account - MARCH 2026.xlsx
bank__20,bank,rooftop,2026-03-10 00:00:00,2026-03-10 00:00:00,-14500.0,,,-14500.0,nan,,,,,,meet-recording/data_sheets_historical/mangal all data sheet/INDIAN BANK ROOFTOP/TMV - Statement Of Account - MARCH 2026.xlsx
bank__21,bank,rooftop,2026-03-10 00:00:00,2026-03-10 00:00:00,-17000.0,,,-17000.0,nan,,,,,,meet-recording/data_sheets_historical/mangal all data sheet/INDIAN BANK ROOFTOP/TMV - Statement Of Account - MARCH 2026.xlsx
bank__22,bank,rooftop,2026-03-10 00:00:00,2026-03-10 00:00:00,-12946.0,,,-12946.0,nan,,,,,,meet-recording/data_sheets_historical/mangal all data sheet/INDIAN BANK ROOFTOP/TMV - Statement Of Account - MARCH 2026.xlsx
bank__23,bank,rooftop,2026-03-10 00:00:00,2026-03-10 00:00:00,-11786.0,,,-11786.0,nan,,,,,,meet-recording/data_sheets_historical/mangal all data sheet/INDIAN BANK ROOFTOP/TMV - Statement Of Account - MARCH 2026.xlsx
bank__24,bank,rooftop,2026-03-10 00:00:00,2026-03-10 00:00:00,-11000.0,,,-11000.0,nan,,,,,,meet-recording/data_sheets_historical/mangal all data sheet/INDIAN BANK ROOFTOP/TMV - Statement Of Account - MARCH 2026.xlsx
bank__25,bank,rooftop,2026-03-10 00:00:00,2026-03-10 00:00:00,-11000.0,,,-11000.0,nan,,,,,,meet-recording/data_sheets_historical/mangal all data sheet/INDIAN BANK ROOFTOP/TMV - Statement Of Account - MARCH 2026.xlsx
bank__26,bank,rooftop,2026-03-10 00:00:00,2026-03-10 00:00:00,-11786.0,,,-11786.0,nan,,,,,,meet-recording/data_sheets_historical/mangal all data sheet/INDIAN BANK ROOFTOP/TMV - Statement Of Account - MARCH 2026.xlsx
bank__27,bank,rooftop,2026-03-10 00:00:00,2026-03-10 00:00:00,-11786.0,,,-11786.0,nan,,,,,,meet-recording/data_sheets_historical/mangal all data sheet/INDIAN BANK ROOFTOP/TMV - Statement Of Account - MARCH 2026.xlsx
bank__28,bank,rooftop,2026-03-10 00:00:00,2026-03-10 00:00:00,482.24,,,482.24,nan,BANK_TRANSFER,,,,,meet-recording/data_sheets_historical/mangal all data sheet/INDIAN BANK ROOFTOP/TMV - Statement Of Account - MARCH 2026.xlsx
bank__29,bank,rooftop,2026-03-11 00:00:00,2026-03-11 00:00:00,12726.58,,,12726.58,nan,BANK_TRANSFER,,,,,meet-recording/data_sheets_historical/mangal all data sheet/INDIAN BANK ROOFTOP/TMV - Statement Of Account - MARCH 2026.xlsx
bank__30,bank,rooftop,2026-03-11 00:00:00,2026-03-11 00:00:00,-3115.0,,,-3115.0,nan,,,,,,meet-recording/data_sheets_historical/mangal all data sheet/INDIAN BANK ROOFTOP/TMV - Statement Of Account - MARCH 2026.xlsx
bank__31,bank,rooftop,2026-03-11 00:00:00,2026-03-11 00:00:00,-27285.0,,,-27285.0,nan,BANK_TRANSFER,,,,,meet-recording/data_sheets_historical/mangal all data sheet/INDIAN BANK ROOFTOP/TMV - Statement Of Account - MARCH 2026.xlsx
bank__32,bank,rooftop,2026-03-11 00:00:00,2026-03-11 00:00:00,100000.0,,,100000.0,nan,,,,,,meet-recording/data_sheets_historical/mangal all data sheet/INDIAN BANK ROOFTOP/TMV - Statement Of Account - MARCH 2026.xlsx
bank__33,bank,rooftop,2026-03-11 00:00:00,2026-03-11 00:00:00,-12000.0,,,-12000.0,nan,,,,,,meet-recording/data_sheets_historical/mangal all data sheet/INDIAN BANK ROOFTOP/TMV - Statement Of Account - MARCH 2026.xlsx
bank__34,bank,rooftop,2026-03-12 00:00:00,2026-03-12 00:00:00,12458.37,,,12458.37,nan,BANK_TRANSFER,,,,,meet-recording/data_sheets_historical/mangal all data sheet/INDIAN BANK ROOFTOP/TMV - Statement Of Account - MARCH 2026.xlsx
bank__35,bank,rooftop,2026-03-12 00:00:00,2026-03-12 00:00:00,-41980.0,,,-41980.0,nan,,,,,,meet-recording/data_sheets_historical/mangal all data sheet/INDIAN BANK ROOFTOP/TMV - Statement Of Account - MARCH 2026.xlsx
bank__36,bank,rooftop,2026-03-12 00:00:00,2026-03-12 00:00:00,-3115.0,,,-3115.0,nan,,,,,,meet-recording/data_sheets_historical/mangal all data sheet/INDIAN BANK ROOFTOP/TMV - Statement Of Account - MARCH 2026.xlsx
bank__37,bank,rooftop,2026-03-12 00:00:00,2026-03-12 00:00:00,-750.0,,,-750.0,nan,,,,,,meet-recording/data_sheets_historical/mangal all data sheet/INDIAN BANK ROOFTOP/TMV - Statement Of Account - MARCH 2026.xlsx
bank__38,bank,rooftop,2026-03-12 00:00:00,2026-03-12 00:00:00,-4257.0,,,-4257.0,nan,,,,,,meet-recording/data_sheets_historical/mangal all data sheet/INDIAN BANK ROOFTOP/TMV - Statement Of Account - MARCH 2026.xlsx
bank__39,bank,rooftop,2026-03-12 00:00:00,2026-03-12 00:00:00,-3.0,,,-3.0,nan,,,,,,meet-recording/data_sheets_historical/mangal all data sheet/INDIAN BANK ROOFTOP/TMV - Statement Of Account - MARCH 2026.xlsx
bank__40,bank,rooftop,2026-03-13 00:00:00,2026-03-13 00:00:00,3699.49,,,3699.49,nan,BANK_TRANSFER,,,,,meet-recording/data_sheets_historical/mangal all data sheet/INDIAN BANK ROOFTOP/TMV - Statement Of Account - MARCH 2026.xlsx
bank__41,bank,rooftop,2026-03-13 00:00:00,2026-03-13 00:00:00,-7425.0,,,-7425.0,nan,,,,,,meet-recording/data_sheets_historical/mangal all data sheet/INDIAN BANK ROOFTOP/TMV - Statement Of Account - MARCH 2026.xlsx
bank__42,bank,rooftop,2026-03-14 00:00:00,2026-03-14 00:00:00,10655.61,,,10655.61,nan,BANK_TRANSFER,,,,,meet-recording/data_sheets_historical/mangal all data sheet/INDIAN BANK ROOFTOP/TMV - Statement Of Account - MARCH 2026.xlsx
bank__43,bank,rooftop,2026-03-14 00:00:00,2026-03-14 00:00:00,-94.5,,,-94.5,nan,,,,,,meet-recording/data_sheets_historical/mangal all data sheet/INDIAN BANK ROOFTOP/TMV - Statement Of Account - MARCH 2026.xlsx
bank__44,bank,rooftop,2026-03-15 00:00:00,2026-03-15 00:00:00,9536.9,,,9536.9,nan,BANK_TRANSFER,,,,,meet-recording/data_sheets_historical/mangal all data sheet/INDIAN BANK ROOFTOP/TMV - Statement Of Account - MARCH 2026.xlsx
bank__45,bank,rooftop,2026-03-16 00:00:00,2026-03-16 00:00:00,12377.94,,,12377.94,nan,BANK_TRANSFER,,,,,meet-recording/data_sheets_historical/mangal all data sheet/INDIAN BANK ROOFTOP/TMV - Statement Of Account - MARCH 2026.xlsx
bank__46,bank,rooftop,2026-03-16 00:00:00,2026-03-16 00:00:00,-11490.0,,,-11490.0,nan,,,,,,meet-recording/data_sheets_historical/mangal all data sheet/INDIAN BANK ROOFTOP/TMV - Statement Of Account - MARCH 2026.xlsx
bank__47,bank,rooftop,2026-03-16 00:00:00,2026-03-16 00:00:00,-32450.0,,,-32450.0,nan,,,,,,meet-recording/data_sheets_historical/mangal all data sheet/INDIAN BANK ROOFTOP/TMV - Statement Of Account - MARCH 2026.xlsx
bank__48,bank,rooftop,2026-03-17 00:00:00,2026-03-17 00:00:00,13073.06,,,13073.06,nan,BANK_TRANSFER,,,,,meet-recording/data_sheets_historical/mangal all data sheet/INDIAN BANK ROOFTOP/TMV - Statement Of Account - MARCH 2026.xlsx
bank__49,bank,rooftop,2026-03-17 00:00:00,2026-03-17 00:00:00,1054.4,,,1054.4,nan,BANK_TRANSFER,,,,,meet-recording/data_sheets_historical/mangal all data sheet/INDIAN BANK ROOFTOP/TMV - Statement Of Account - MARCH 2026.xlsx
bank__50,bank,rooftop,2026-03-17 00:00:00,2026-03-17 00:00:00,27000.0,,,27000.0,nan,,,,,,meet-recording/data_sheets_historical/mangal all data sheet/INDIAN BANK ROOFTOP/TMV - Statement Of Account - MARCH 2026.xlsx
bank__51,bank,rooftop,2026-03-18 00:00:00,2026-03-18 00:00:00,5536.29,,,5536.29,nan,BANK_TRANSFER,,,,,meet-recording/data_sheets_historical/mangal all data sheet/INDIAN BANK ROOFTOP/TMV - Statement Of Account - MARCH 2026.xlsx
bank__52,bank,rooftop,2026-03-18 00:00:00,2026-03-18 00:00:00,-44330.0,,,-44330.0,nan,,,,,,meet-recording/data_sheets_historical/mangal all data sheet/INDIAN BANK ROOFTOP/TMV - Statement Of Account - MARCH 2026.xlsx
bank__53,bank,rooftop,2026-03-18 00:00:00,2026-03-18 00:00:00,-4767.0,,,-4767.0,nan,,,,,,meet-recording/data_sheets_historical/mangal all data sheet/INDIAN BANK ROOFTOP/TMV - Statement Of Account - MARCH 2026.xlsx
bank__54,bank,rooftop,2026-03-19 00:00:00,2026-03-19 00:00:00,9647.91,,,9647.91,nan,BANK_TRANSFER,,,,,meet-recording/data_sheets_historical/mangal all data sheet/INDIAN BANK ROOFTOP/TMV - Statement Of Account - MARCH 2026.xlsx
bank__55,bank,rooftop,2026-03-20 00:00:00,2026-03-20 00:00:00,17963.74,,,17963.74,nan,BANK_TRANSFER,,,,,meet-recording/data_sheets_historical/mangal all data sheet/INDIAN BANK ROOFTOP/TMV - Statement Of Account - MARCH 2026.xlsx
bank__56,bank,rooftop,2026-03-21 00:00:00,2026-03-21 00:00:00,19634.37,,,19634.37,nan,BANK_TRANSFER,,,,,meet-recording/data_sheets_historical/mangal all data sheet/INDIAN BANK ROOFTOP/TMV - Statement Of Account - MARCH 2026.xlsx
bank__57,bank,rooftop,2026-03-22 00:00:00,2026-03-22 00:00:00,28700.1,,,28700.1,nan,BANK_TRANSFER,,,,,meet-recording/data_sheets_historical/mangal all data sheet/INDIAN BANK ROOFTOP/TMV - Statement Of Account - MARCH 2026.xlsx
bank__58,bank,rooftop,2026-03-23 00:00:00,2026-03-23 00:00:00,23949.85,,,23949.85,nan,BANK_TRANSFER,,,,,meet-recording/data_sheets_historical/mangal all data sheet/INDIAN BANK ROOFTOP/TMV - Statement Of Account - MARCH 2026.xlsx
bank__59,bank,rooftop,2026-03-23 00:00:00,2026-03-23 00:00:00,-95113.0,,,-95113.0,nan,,,,,,meet-recording/data_sheets_historical/mangal all data sheet/INDIAN BANK ROOFTOP/TMV - Statement Of Account - MARCH 2026.xlsx
bank__60,bank,rooftop,2026-03-24 00:00:00,2026-03-24 00:00:00,6362.41,,,6362.41,nan,BANK_TRANSFER,,,,,meet-recording/data_sheets_historical/mangal all data sheet/INDIAN BANK ROOFTOP/TMV - Statement Of Account - MARCH 2026.xlsx
bank__61,bank,rooftop,2026-03-24 00:00:00,2026-03-24 00:00:00,-38200.0,,,-38200.0,nan,,,,,,meet-recording/data_sheets_historical/mangal all data sheet/INDIAN BANK ROOFTOP/TMV - Statement Of Account - MARCH 2026.xlsx
bank__62,bank,rooftop,2026-03-24 00:00:00,2026-03-24 00:00:00,5192.41,,,5192.41,nan,BANK_TRANSFER,,,,,meet-recording/data_sheets_historical/mangal all data sheet/INDIAN BANK ROOFTOP/TMV - Statement Of Account - MARCH 2026.xlsx
bank__63,bank,rooftop,2026-03-25 00:00:00,2026-03-25 00:00:00,19192.07,,,19192.07,nan,BANK_TRANSFER,,,,,meet-recording/data_sheets_historical/mangal all data sheet/INDIAN BANK ROOFTOP/TMV - Statement Of Account - MARCH 2026.xlsx
bank__64,bank,rooftop,2026-03-26 00:00:00,2026-03-26 00:00:00,14300.92,,,14300.92,nan,BANK_TRANSFER,,,,,meet-recording/data_sheets_historical/mangal all data sheet/INDIAN BANK ROOFTOP/TMV - Statement Of Account - MARCH 2026.xlsx
bank__65,bank,rooftop,2026-03-27 00:00:00,2026-03-27 00:00:00,19614.88,,,19614.88,nan,BANK_TRANSFER,,,,,meet-recording/data_sheets_historical/mangal all data sheet/INDIAN BANK ROOFTOP/TMV - Statement Of Account - MARCH 2026.xlsx
bank__66,bank,rooftop,2026-03-27 00:00:00,2026-03-27 00:00:00,-25739.0,,,-25739.0,nan,,,,,,meet-recording/data_sheets_historical/mangal all data sheet/INDIAN BANK ROOFTOP/TMV - Statement Of Account - MARCH 2026.xlsx
bank__67,bank,rooftop,2026-03-28 00:00:00,2026-03-28 00:00:00,15435.3,,,15435.3,nan,BANK_TRANSFER,,,,,meet-recording/data_sheets_historical/mangal all data sheet/INDIAN BANK ROOFTOP/TMV - Statement Of Account - MARCH 2026.xlsx
bank__68,bank,rooftop,2026-03-29 00:00:00,2026-03-29 00:00:00,15447.0,,,15447.0,nan,BANK_TRANSFER,,,,,meet-recording/data_sheets_historical/mangal all data sheet/INDIAN BANK ROOFTOP/TMV - Statement Of Account - MARCH 2026.xlsx
bank__69,bank,rooftop,2026-03-30 00:00:00,2026-03-30 00:00:00,36482.75,,,36482.75,nan,BANK_TRANSFER,,,,,meet-recording/data_sheets_historical/mangal all data sheet/INDIAN BANK ROOFTOP/TMV - Statement Of Account - MARCH 2026.xlsx
bank__70,bank,rooftop,2026-03-30 00:00:00,2026-03-30 00:00:00,-12000.0,,,-12000.0,nan,,,,,,meet-recording/data_sheets_historical/mangal all data sheet/INDIAN BANK ROOFTOP/TMV - Statement Of Account - MARCH 2026.xlsx
bank__71,bank,rooftop,2026-03-31 00:00:00,2026-03-31 00:00:00,10556.66,,,10556.66,nan,BANK_TRANSFER,,,,,meet-recording/data_sheets_historical/mangal all data sheet/INDIAN BANK ROOFTOP/TMV - Statement Of Account - MARCH 2026.xlsx
