txn_dt,amount_gross,commission,gst,settled_amount,utr,settled_dt,payment_mode,unit,raw_path,issuing_bank
2025-10-01 11:55:46,679.0,0.0,0.0,679.0,YESAP52754435631,2025-10-02 07:32:20,UPI,f&b,meet-recording/data_sheets_historical/mangal all data sheet/F&B UPI/PTM - OCTOBER 2025 (F&B SERVICE).xlsx,
2025-10-01 13:13:18,369.0,0.0,0.0,369.0,YESAP52754435631,2025-10-02 07:32:20,UPI,f&b,meet-recording/data_sheets_historical/mangal all data sheet/F&B UPI/PTM - OCTOBER 2025 (F&B SERVICE).xlsx,
2025-10-01 19:22:21,649.0,0.0,0.0,649.0,YESAP52754435631,2025-10-02 07:32:20,UPI,f&b,meet-recording/data_sheets_historical/mangal all data sheet/F&B UPI/PTM - OCTOBER 2025 (F&B SERVICE).xlsx,
2025-10-01 20:36:32,897.0,20.18,3.63,873.19,YESAP52754435631,2025-10-02 07:32:20,UPI_CREDIT_CARD,f&b,meet-recording/data_sheets_historical/mangal all data sheet/F&B UPI/PTM - OCTOBER 2025 (F&B SERVICE).xlsx,
2025-10-01 21:23:07,727.0,0.0,0.0,727.0,YESAP52754435631,2025-10-02 07:32:20,UPI,f&b,meet-recording/data_sheets_historical/mangal all data sheet/F&B UPI/PTM - OCTOBER 2025 (F&B SERVICE).xlsx,
2025-10-01 21:48:52,40.0,0.0,0.0,40.0,YESAP52754435631,2025-10-02 07:32:20,UPI,f&b,meet-recording/data_sheets_historical/mangal all data sheet/F&B UPI/PTM - OCTOBER 2025 (F&B SERVICE).xlsx,
2025-10-01 21:58:39,199.0,4.48,0.81,193.71,YESAP52754435631,2025-10-02 07:32:20,UPI_CREDIT_CARD,f&b,meet-recording/data_sheets_historical/mangal all data sheet/F&B UPI/PTM - OCTOBER 2025 (F&B SERVICE).xlsx,
2025-10-01 21:58:41,1200.0,0.0,0.0,1200.0,YESAP52754435631,2025-10-02 07:32:20,UPI,f&b,meet-recording/data_sheets_historical/mangal all data sheet/F&B UPI/PTM - OCTOBER 2025 (F&B SERVICE).xlsx,
,,,,,,,,f&b,meet-recording/data_sheets_historical/mangal all data sheet/F&B UPI/PTM - OCTOBER 2025 (F&B SERVICE).xlsx,
2025-10-02 20:41:28,997.0,16.85,3.03,977.12,YESAP52762950127,2025-10-03 06:26:38,CREDIT_CARD,f&b,meet-recording/data_sheets_historical/mangal all data sheet/F&B UPI/PTM - OCTOBER 2025 (F&B SERVICE).xlsx,
2025-10-02 21:10:29,20.0,0.0,0.0,20.0,YESAP52762950127,2025-10-03 06:26:38,UPI_LITE,f&b,meet-recording/data_sheets_historical/mangal all data sheet/F&B UPI/PTM - OCTOBER 2025 (F&B SERVICE).xlsx,
2025-10-02 21:25:37,967.0,0.0,0.0,967.0,YESAP52762950127,2025-10-03 06:26:38,UPI,f&b,meet-recording/data_sheets_historical/mangal all data sheet/F&B UPI/PTM - OCTOBER 2025 (F&B SERVICE).xlsx,
2025-10-02 21:37:05,419.0,0.0,0.0,419.0,YESAP52762950127,2025-10-03 06:26:38,UPI,f&b,meet-recording/data_sheets_historical/mangal all data sheet/F&B UPI/PTM - OCTOBER 2025 (F&B SERVICE).xlsx,
2025-10-02 22:07:44,220.0,4.95,0.89,214.16,YESAP52762950127,2025-10-03 06:26:38,UPI_CREDIT_CARD,f&b,meet-recording/data_sheets_historical/mangal all data sheet/F&B UPI/PTM - OCTOBER 2025 (F&B SERVICE).xlsx,
2025-10-02 22:17:49,1704.0,0.0,0.0,1704.0,YESAP52762950127,2025-10-03 06:26:38,UPI,f&b,meet-recording/data_sheets_historical/mangal all data sheet/F&B UPI/PTM - OCTOBER 2025 (F&B SERVICE).xlsx,
2025-10-02 22:26:42,898.0,0.0,0.0,898.0,YESAP52762950127,2025-10-03 06:26:38,UPI,f&b,meet-recording/data_sheets_historical/mangal all data sheet/F&B UPI/PTM - OCTOBER 2025 (F&B SERVICE).xlsx,
2025-10-02 22:28:16,237.0,0.0,0.0,237.0,YESAP52762950127,2025-10-03 06:26:38,UPI,f&b,meet-recording/data_sheets_historical/mangal all data sheet/F&B UPI/PTM - OCTOBER 2025 (F&B SERVICE).xlsx,
2025-10-02 22:38:50,898.0,0.0,0.0,898.0,YESAP52762950127,2025-10-03 06:26:38,UPI,f&b,meet-recording/data_sheets_historical/mangal all data sheet/F&B UPI/PTM - OCTOBER 2025 (F&B SERVICE).xlsx,
2025-10-02 22:48:46,460.0,0.0,0.0,460.0,YESAP52762950127,2025-10-03 06:26:38,UPI,f&b,meet-recording/data_sheets_historical/mangal all data sheet/F&B UPI/PTM - OCTOBER 2025 (F&B SERVICE).xlsx,
,,,,,,,,f&b,meet-recording/data_sheets_historical/mangal all data sheet/F&B UPI/PTM - OCTOBER 2025 (F&B SERVICE).xlsx,
2025-10-03 12:49:30,773.0,0.0,0.0,773.0,YESAP52772631307,2025-10-04 06:48:16,UPI,f&b,meet-recording/data_sheets_historical/mangal all data sheet/F&B UPI/PTM - OCTOBER 2025 (F&B SERVICE).xlsx,
2025-10-03 16:03:49,539.0,12.13,2.18,524.69,YESAP52772631307,2025-10-04 06:48:16,UPI_CREDIT_CARD,f&b,meet-recording/data_sheets_historical/mangal all data sheet/F&B UPI/PTM - OCTOBER 2025 (F&B SERVICE).xlsx,
2025-10-03 16:19:33,140.0,0.0,0.0,140.0,YESAP52772631307,2025-10-04 06:48:16,UPI,f&b,meet-recording/data_sheets_historical/mangal all data sheet/F&B UPI/PTM - OCTOBER 2025 (F&B SERVICE).xlsx,
2025-10-03 18:02:09,120.0,0.0,0.0,120.0,YESAP52772631307,2025-10-04 06:48:16,UPI,f&b,meet-recording/data_sheets_historical/mangal all data sheet/F&B UPI/PTM - OCTOBER 2025 (F&B SERVICE).xlsx,
2025-10-03 19:30:06,40.0,0.0,0.0,40.0,YESAP52772631307,2025-10-04 06:48:16,UPI,f&b,meet-recording/data_sheets_historical/mangal all data sheet/F&B UPI/PTM - OCTOBER 2025 (F&B SERVICE).xlsx,
2025-10-03 20:03:22,1705.0,0.0,0.0,1705.0,YESAP52772631307,2025-10-04 06:48:16,UPI,f&b,meet-recording/data_sheets_historical/mangal all data sheet/F&B UPI/PTM - OCTOBER 2025 (F&B SERVICE).xlsx,
2025-10-03 20:42:24,549.0,0.0,0.0,549.0,YESAP52772631307,2025-10-04 06:48:16,UPI,f&b,meet-recording/data_sheets_historical/mangal all data sheet/F&B UPI/PTM - OCTOBER 2025 (F&B SERVICE).xlsx,
2025-10-03 21:08:36,80.0,1.8,0.32,77.88,YESAP52772631307,2025-10-04 06:48:16,UPI_CREDIT_CARD,f&b,meet-recording/data_sheets_historical/mangal all data sheet/F&B UPI/PTM - OCTOBER 2025 (F&B SERVICE).xlsx,
2025-10-03 21:26:55,1147.0,0.0,0.0,1147.0,YESAP52772631307,2025-10-04 06:48:16,UPI,f&b,meet-recording/data_sheets_historical/mangal all data sheet/F&B UPI/PTM - OCTOBER 2025 (F&B SERVICE).xlsx,
2025-10-03 21:51:32,319.0,0.0,0.0,319.0,YESAP52772631307,2025-10-04 06:48:16,UPI,f&b,meet-recording/data_sheets_historical/mangal all data sheet/F&B UPI/PTM - OCTOBER 2025 (F&B SERVICE).xlsx,
2025-10-03 21:56:31,1833.0,0.0,0.0,1833.0,YESAP52772631307,2025-10-04 06:48:16,UPI,f&b,meet-recording/data_sheets_historical/mangal all data sheet/F&B UPI/PTM - OCTOBER 2025 (F&B SERVICE).xlsx,
2025-10-03 22:17:34,3514.0,0.0,0.0,3514.0,YESAP52772631307,2025-10-04 06:48:16,UPI,f&b,meet-recording/data_sheets_historical/mangal all data sheet/F&B UPI/PTM - OCTOBER 2025 (F&B SERVICE).xlsx,
2025-10-03 22:20:12,633.0,0.0,0.0,633.0,YESAP52772631307,2025-10-04 06:48:16,UPI,f&b,meet-recording/data_sheets_historical/mangal all data sheet/F&B UPI/PTM - OCTOBER 2025 (F&B SERVICE).xlsx,
2025-10-03 22:22:34,836.0,18.81,3.39,813.8,YESAP52772631307,2025-10-04 06:48:16,UPI_CREDIT_CARD,f&b,meet-recording/data_sheets_historical/mangal all data sheet/F&B UPI/PTM - OCTOBER 2025 (F&B SERVICE).xlsx,
2025-10-03 22:32:42,729.0,0.0,0.0,729.0,YESAP52772631307,2025-10-04 06:48:16,UPI,f&b,meet-recording/data_sheets_historical/mangal all data sheet/F&B UPI/PTM - OCTOBER 2025 (F&B SERVICE).xlsx,
2025-10-03 22:49:02,40.0,0.0,0.0,40.0,YESAP52772631307,2025-10-04 06:48:16,UPI,f&b,meet-recording/data_sheets_historical/mangal all data sheet/F&B UPI/PTM - OCTOBER 2025 (F&B SERVICE).xlsx,
2025-10-03 22:54:00,81.0,0.0,0.0,81.0,YESAP52772631307,2025-10-04 06:48:16,UPI,f&b,meet-recording/data_sheets_historical/mangal all data sheet/F&B UPI/PTM - OCTOBER 2025 (F&B SERVICE).xlsx,
2025-10-03 22:59:16,688.0,0.0,0.0,688.0,YESAP52772631307,2025-10-04 06:48:16,UPI,f&b,meet-recording/data_sheets_historical/mangal all data sheet/F&B UPI/PTM - OCTOBER 2025 (F&B SERVICE).xlsx,
,,,,,,,,f&b,meet-recording/data_sheets_historical/mangal all data sheet/F&B UPI/PTM - OCTOBER 2025 (F&B SERVICE).xlsx,
2025-10-04 08:49:17,20.0,0.0,0.0,20.0,YESAP52784076080,2025-10-05 08:29:36,UPI,f&b,meet-recording/data_sheets_historical/mangal all data sheet/F&B UPI/PTM - OCTOBER 2025 (F&B SERVICE).xlsx,
2025-10-04 09:59:28,1350.0,0.0,0.0,1350.0,YESAP52784076080,2025-10-05 08:29:36,UPI,f&b,meet-recording/data_sheets_historical/mangal all data sheet/F&B UPI/PTM - OCTOBER 2025 (F&B SERVICE).xlsx,
2025-10-04 14:05:38,1132.0,0.0,0.0,1132.0,YESAP52784076080,2025-10-05 08:29:36,UPI,f&b,meet-recording/data_sheets_historical/mangal all data sheet/F&B UPI/PTM - OCTOBER 2025 (F&B SERVICE).xlsx,
2025-10-04 14:08:01,179.0,0.0,0.0,179.0,YESAP52784076080,2025-10-05 08:29:36,UPI,f&b,meet-recording/data_sheets_historical/mangal all data sheet/F&B UPI/PTM - OCTOBER 2025 (F&B SERVICE).xlsx,
2025-10-04 15:00:41,1804.0,30.49,5.49,1768.02,YESAP52784076080,2025-10-05 08:29:36,CREDIT_CARD,f&b,meet-recording/data_sheets_historical/mangal all data sheet/F&B UPI/PTM - OCTOBER 2025 (F&B SERVICE).xlsx,
2025-10-04 15:32:06,3330.0,56.28,10.13,3263.59,YESAP52784076080,2025-10-05 08:29:36,CREDIT_CARD,f&b,meet-recording/data_sheets_historical/mangal all data sheet/F&B UPI/PTM - OCTOBER 2025 (F&B SERVICE).xlsx,
2025-10-04 16:11:06,1597.0,0.0,0.0,1597.0,YESAP52784076080,2025-10-05 08:29:36,UPI,f&b,meet-recording/data_sheets_historical/mangal all data sheet/F&B UPI/PTM - OCTOBER 2025 (F&B SERVICE).xlsx,
2025-10-04 18:24:15,418.0,0.0,0.0,418.0,YESAP52784076080,2025-10-05 08:29:36,UPI,f&b,meet-recording/data_sheets_historical/mangal all data sheet/F&B UPI/PTM - OCTOBER 2025 (F&B SERVICE).xlsx,
2025-10-04 19:23:20,3292.0,0.0,0.0,3292.0,YESAP52784076080,2025-10-05 08:29:36,UPI,f&b,meet-recording/data_sheets_historical/mangal all data sheet/F&B UPI/PTM - OCTOBER 2025 (F&B SERVICE).xlsx,
2025-10-04 20:14:52,513.0,0.0,0.0,513.0,YESAP52784076080,2025-10-05 08:29:36,UPI,f&b,meet-recording/data_sheets_historical/mangal all data sheet/F&B UPI/PTM - OCTOBER 2025 (F&B SERVICE).xlsx,
2025-10-04 20:29:16,40.0,0.0,0.0,40.0,YESAP52784076080,2025-10-05 08:29:36,UPI,f&b,meet-recording/data_sheets_historical/mangal all data sheet/F&B UPI/PTM - OCTOBER 2025 (F&B SERVICE).xlsx,
2025-10-04 20:49:24,100.0,2.25,0.41,97.34,YESAP52784076080,2025-10-05 08:29:36,UPI_CREDIT_CARD,f&b,meet-recording/data_sheets_historical/mangal all data sheet/F&B UPI/PTM - OCTOBER 2025 (F&B SERVICE).xlsx,
2025-10-04 20:50:45,179.0,4.03,0.73,174.24,YESAP52784076080,2025-10-05 08:29:36,UPI_CREDIT_CARD,f&b,meet-recording/data_sheets_historical/mangal all data sheet/F&B UPI/PTM - OCTOBER 2025 (F&B SERVICE).xlsx,
2025-10-04 21:23:13,1265.0,0.0,0.0,1265.0,YESAP52784076080,2025-10-05 08:29:36,UPI,f&b,meet-recording/data_sheets_historical/mangal all data sheet/F&B UPI/PTM - OCTOBER 2025 (F&B SERVICE).xlsx,
2025-10-04 21:47:24,1664.0,28.12,5.06,1630.82,YESAP52784076080,2025-10-05 08:29:36,CREDIT_CARD,f&b,meet-recording/data_sheets_historical/mangal all data sheet/F&B UPI/PTM - OCTOBER 2025 (F&B SERVICE).xlsx,
2025-10-04 22:02:51,958.0,0.0,0.0,958.0,YESAP52784076080,2025-10-05 08:29:36,UPI,f&b,meet-recording/data_sheets_historical/mangal all data sheet/F&B UPI/PTM - OCTOBER 2025 (F&B SERVICE).xlsx,
2025-10-04 22:09:50,788.0,0.0,0.0,788.0,YESAP52784076080,2025-10-05 08:29:36,UPI,f&b,meet-recording/data_sheets_historical/mangal all data sheet/F&B UPI/PTM - OCTOBER 2025 (F&B SERVICE).xlsx,
2025-10-04 22:12:46,1068.0,0.0,0.0,1068.0,YESAP52784076080,2025-10-05 08:29:36,UPI,f&b,meet-recording/data_sheets_historical/mangal all data sheet/F&B UPI/PTM - OCTOBER 2025 (F&B SERVICE).xlsx,
2025-10-04 22:22:05,1232.0,0.0,0.0,1232.0,YESAP52784076080,2025-10-05 08:29:36,UPI,f&b,meet-recording/data_sheets_historical/mangal all data sheet/F&B UPI/PTM - OCTOBER 2025 (F&B SERVICE).xlsx,
2025-10-04 22:58:11,1324.0,0.0,0.0,1324.0,YESAP52784076080,2025-10-05 08:29:36,UPI,f&b,meet-recording/data_sheets_historical/mangal all data sheet/F&B UPI/PTM - OCTOBER 2025 (F&B SERVICE).xlsx,
2025-10-04 23:39:31,20.0,0.0,0.0,20.0,YESAP52784076080,2025-10-05 08:29:36,UPI,f&b,meet-recording/data_sheets_historical/mangal all data sheet/F&B UPI/PTM - OCTOBER 2025 (F&B SERVICE).xlsx,
,,,,,,,,f&b,meet-recording/data_sheets_historical/mangal all data sheet/F&B UPI/PTM - OCTOBER 2025 (F&B SERVICE).xlsx,
2025-10-05 13:37:36,630.0,14.18,2.55,613.27,YESAP52793414912,2025-10-06 07:09:09,UPI_CREDIT_CARD,f&b,meet-recording/data_sheets_historical/mangal all data sheet/F&B UPI/PTM - OCTOBER 2025 (F&B SERVICE).xlsx,
2025-10-05 20:30:36,1564.0,26.43,4.76,1532.81,YESAP52793414912,2025-10-06 07:09:09,CREDIT_CARD,f&b,meet-recording/data_sheets_historical/mangal all data sheet/F&B UPI/PTM - OCTOBER 2025 (F&B SERVICE).xlsx,
2025-10-05 21:40:22,160.0,0.0,0.0,160.0,YESAP52793414912,2025-10-06 07:09:09,UPI,f&b,meet-recording/data_sheets_historical/mangal all data sheet/F&B UPI/PTM - OCTOBER 2025 (F&B SERVICE).xlsx,
2025-10-05 21:44:54,867.0,14.65,2.64,849.71,YESAP52793414912,2025-10-06 07:09:09,CREDIT_CARD,f&b,meet-recording/data_sheets_historical/mangal all data sheet/F&B UPI/PTM - OCTOBER 2025 (F&B SERVICE).xlsx,
2025-10-05 21:48:13,498.0,0.0,0.0,498.0,YESAP52793414912,2025-10-06 07:09:09,UPI,f&b,meet-recording/data_sheets_historical/mangal all data sheet/F&B UPI/PTM - OCTOBER 2025 (F&B SERVICE).xlsx,
2025-10-05 21:49:47,509.0,0.0,0.0,509.0,YESAP52793414912,2025-10-06 07:09:09,UPI,f&b,meet-recording/data_sheets_historical/mangal all data sheet/F&B UPI/PTM - OCTOBER 2025 (F&B SERVICE).xlsx,
2025-10-05 21:50:36,888.0,0.0,0.0,888.0,YESAP52793414912,2025-10-06 07:09:09,UPI,f&b,meet-recording/data_sheets_historical/mangal all data sheet/F&B UPI/PTM - OCTOBER 2025 (F&B SERVICE).xlsx,
2025-10-05 21:55:18,156.0,0.0,0.0,156.0,YESAP52793414912,2025-10-06 07:09:09,UPI,f&b,meet-recording/data_sheets_historical/mangal all data sheet/F&B UPI/PTM - OCTOBER 2025 (F&B SERVICE).xlsx,
2025-10-05 22:13:46,777.0,0.0,0.0,777.0,YESAP52793414912,2025-10-06 07:09:09,UPI,f&b,meet-recording/data_sheets_historical/mangal all data sheet/F&B UPI/PTM - OCTOBER 2025 (F&B SERVICE).xlsx,
2025-10-05 22:46:17,298.0,0.0,0.0,298.0,YESAP52793414912,2025-10-06 07:09:09,UPI,f&b,meet-recording/data_sheets_historical/mangal all data sheet/F&B UPI/PTM - OCTOBER 2025 (F&B SERVICE).xlsx,
,,,,,,,,f&b,meet-recording/data_sheets_historical/mangal all data sheet/F&B UPI/PTM - OCTOBER 2025 (F&B SERVICE).xlsx,
2025-10-06 08:52:21,99.0,0.0,0.0,99.0,YESAP52802824500,2025-10-07 05:33:45,UPI,f&b,meet-recording/data_sheets_historical/mangal all data sheet/F&B UPI/PTM - OCTOBER 2025 (F&B SERVICE).xlsx,
2025-10-06 10:05:54,300.0,0.0,0.0,300.0,YESAP52802824500,2025-10-07 05:33:45,UPI,f&b,meet-recording/data_sheets_historical/mangal all data sheet/F&B UPI/PTM - OCTOBER 2025 (F&B SERVICE).xlsx,
2025-10-06 20:18:07,159.0,0.0,0.0,159.0,YESAP52802824500,2025-10-07 05:33:45,UPI,f&b,meet-recording/data_sheets_historical/mangal all data sheet/F&B UPI/PTM - OCTOBER 2025 (F&B SERVICE).xlsx,
2025-10-06 21:06:10,289.0,0.0,0.0,289.0,YESAP52802824500,2025-10-07 05:33:45,UPI,f&b,meet-recording/data_sheets_historical/mangal all data sheet/F&B UPI/PTM - OCTOBER 2025 (F&B SERVICE).xlsx,
2025-10-06 21:21:39,160.0,0.0,0.0,160.0,YESAP52802824500,2025-10-07 05:33:45,UPI,f&b,meet-recording/data_sheets_historical/mangal all data sheet/F&B UPI/PTM - OCTOBER 2025 (F&B SERVICE).xlsx,
2025-10-06 21:37:31,878.0,0.0,0.0,878.0,YESAP52802824500,2025-10-07 05:33:45,UPI,f&b,meet-recording/data_sheets_historical/mangal all data sheet/F&B UPI/PTM - OCTOBER 2025 (F&B SERVICE).xlsx,
2025-10-06 21:55:56,649.0,0.0,0.0,649.0,YESAP52802824500,2025-10-07 05:33:45,UPI,f&b,meet-recording/data_sheets_historical/mangal all data sheet/F&B UPI/PTM - OCTOBER 2025 (F&B SERVICE).xlsx,
2025-10-06 22:21:36,1256.0,0.0,0.0,1256.0,YESAP52802824500,2025-10-07 05:33:45,UPI,f&b,meet-recording/data_sheets_historical/mangal all data sheet/F&B UPI/PTM - OCTOBER 2025 (F&B SERVICE).xlsx,
2025-10-06 22:41:52,1000.0,0.0,0.0,1000.0,YESAP52802824500,2025-10-07 05:33:45,UPI,f&b,meet-recording/data_sheets_historical/mangal all data sheet/F&B UPI/PTM - OCTOBER 2025 (F&B SERVICE).xlsx,
,,,,,,,,f&b,meet-recording/data_sheets_historical/mangal all data sheet/F&B UPI/PTM - OCTOBER 2025 (F&B SERVICE).xlsx,
2025-10-07 19:12:37,398.0,8.96,1.61,387.43,YESAP52812347041,2025-10-08 06:48:54,UPI_CREDIT_CARD,f&b,meet-recording/data_sheets_historical/mangal all data sheet/F&B UPI/PTM - OCTOBER 2025 (F&B SERVICE).xlsx,
2025-10-07 20:02:55,40.0,0.0,0.0,40.0,YESAP52812347041,2025-10-08 06:48:54,UPI,f&b,meet-recording/data_sheets_historical/mangal all data sheet/F&B UPI/PTM - OCTOBER 2025 (F&B SERVICE).xlsx,
2025-10-07 21:33:21,1047.0,0.0,0.0,1047.0,YESAP52812347041,2025-10-08 06:48:54,UPI,f&b,meet-recording/data_sheets_historical/mangal all data sheet/F&B UPI/PTM - OCTOBER 2025 (F&B SERVICE).xlsx,
2025-10-07 22:09:28,7686.0,0.0,0.0,7686.0,YESAP52812347041,2025-10-08 06:48:54,UPI,f&b,meet-recording/data_sheets_historical/mangal all data sheet/F&B UPI/PTM - OCTOBER 2025 (F&B SERVICE).xlsx,
2025-10-07 22:15:44,768.0,0.0,0.0,768.0,YESAP52812347041,2025-10-08 06:48:54,UPI,f&b,meet-recording/data_sheets_historical/mangal all data sheet/F&B UPI/PTM - OCTOBER 2025 (F&B SERVICE).xlsx,
2025-10-07 23:02:21,60.0,0.0,0.0,60.0,YESAP52812347041,2025-10-08 06:48:54,UPI,f&b,meet-recording/data_sheets_historical/mangal all data sheet/F&B UPI/PTM - OCTOBER 2025 (F&B SERVICE).xlsx,
2025-10-07 23:08:39,1595.0,0.0,0.0,1595.0,YESAP52812347041,2025-10-08 06:48:54,UPI,f&b,meet-recording/data_sheets_historical/mangal all data sheet/F&B UPI/PTM - OCTOBER 2025 (F&B SERVICE).xlsx,
,,,,,,,,f&b,meet-recording/data_sheets_historical/mangal all data sheet/F&B UPI/PTM - OCTOBER 2025 (F&B SERVICE).xlsx,
2025-10-08 15:43:00,698.0,0.0,0.0,698.0,YESAP52822834544,2025-10-09 05:57:37,UPI,f&b,meet-recording/data_sheets_historical/mangal all data sheet/F&B UPI/PTM - OCTOBER 2025 (F&B SERVICE).xlsx,
2025-10-08 20:59:19,1165.0,26.21,4.72,1134.07,YESAP52822834544,2025-10-09 05:57:37,UPI_CREDIT_CARD,f&b,meet-recording/data_sheets_historical/mangal all data sheet/F&B UPI/PTM - OCTOBER 2025 (F&B SERVICE).xlsx,
2025-10-08 21:31:40,1146.0,0.0,0.0,1146.0,YESAP52822834544,2025-10-09 05:57:37,UPI,f&b,meet-recording/data_sheets_historical/mangal all data sheet/F&B UPI/PTM - OCTOBER 2025 (F&B SERVICE).xlsx,
,,,,,,,,f&b,meet-recording/data_sheets_historical/mangal all data sheet/F&B UPI/PTM - OCTOBER 2025 (F&B SERVICE).xlsx,
2025-10-09 19:25:43,648.0,0.0,0.0,648.0,YESAP52832007425,2025-10-10 05:49:42,UPI,f&b,meet-recording/data_sheets_historical/mangal all data sheet/F&B UPI/PTM - OCTOBER 2025 (F&B SERVICE).xlsx,
2025-10-09 19:32:26,1000.0,0.0,0.0,1000.0,YESAP52832007425,2025-10-10 05:49:42,UPI,f&b,meet-recording/data_sheets_historical/mangal all data sheet/F&B UPI/PTM - OCTOBER 2025 (F&B SERVICE).xlsx,
2025-10-09 21:19:03,793.0,0.0,0.0,793.0,YESAP52832007425,2025-10-10 05:49:42,UPI,f&b,meet-recording/data_sheets_historical/mangal all data sheet/F&B UPI/PTM - OCTOBER 2025 (F&B SERVICE).xlsx,
2025-10-09 21:45:25,937.0,0.0,0.0,937.0,YESAP52832007425,2025-10-10 05:49:42,UPI,f&b,meet-recording/data_sheets_historical/mangal all data sheet/F&B UPI/PTM - OCTOBER 2025 (F&B SERVICE).xlsx,
2025-10-09 22:37:44,1484.0,0.0,0.0,1484.0,YESAP52832007425,2025-10-10 05:49:42,UPI,f&b,meet-recording/data_sheets_historical/mangal all data sheet/F&B UPI/PTM - OCTOBER 2025 (F&B SERVICE).xlsx,
2025-09-01 08:27:37,600.0,0.0,0.0,600.0,YESAP52452132924,2025-09-02 07:07:38,UPI,f&b,meet-recording/data_sheets_historical/mangal all data sheet/F&B UPI/PTM - SEPTEMBER 2025 (F&B SERVICE).xlsx,
2025-09-01 10:19:17,200.0,0.0,0.0,200.0,YESAP52452132924,2025-09-02 07:07:38,UPI,f&b,meet-recording/data_sheets_historical/mangal all data sheet/F&B UPI/PTM - SEPTEMBER 2025 (F&B SERVICE).xlsx,
2025-09-01 15:59:59,180.0,0.0,0.0,180.0,YESAP52452132924,2025-09-02 07:07:38,UPI,f&b,meet-recording/data_sheets_historical/mangal all data sheet/F&B UPI/PTM - SEPTEMBER 2025 (F&B SERVICE).xlsx,
2025-09-01 19:05:09,260.0,0.0,0.0,260.0,YESAP52452132924,2025-09-02 07:07:38,UPI,f&b,meet-recording/data_sheets_historical/mangal all data sheet/F&B UPI/PTM - SEPTEMBER 2025 (F&B SERVICE).xlsx,
2025-09-01 20:07:40,20.0,0.0,0.0,20.0,YESAP52452132924,2025-09-02 07:07:38,UPI,f&b,meet-recording/data_sheets_historical/mangal all data sheet/F&B UPI/PTM - SEPTEMBER 2025 (F&B SERVICE).xlsx,
2025-09-01 22:00:56,459.0,0.0,0.0,459.0,YESAP52452132924,2025-09-02 07:07:38,UPI,f&b,meet-recording/data_sheets_historical/mangal all data sheet/F&B UPI/PTM - SEPTEMBER 2025 (F&B SERVICE).xlsx,
2025-09-01 22:29:56,448.0,0.0,0.0,448.0,YESAP52452132924,2025-09-02 07:07:38,UPI,f&b,meet-recording/data_sheets_historical/mangal all data sheet/F&B UPI/PTM - SEPTEMBER 2025 (F&B SERVICE).xlsx,
2025-09-01 22:32:33,866.0,0.0,0.0,866.0,YESAP52452132924,2025-09-02 07:07:38,UPI,f&b,meet-recording/data_sheets_historical/mangal all data sheet/F&B UPI/PTM - SEPTEMBER 2025 (F&B SERVICE).xlsx,
2025-09-01 22:34:49,618.0,0.0,0.0,618.0,YESAP52452132924,2025-09-02 07:07:38,UPI,f&b,meet-recording/data_sheets_historical/mangal all data sheet/F&B UPI/PTM - SEPTEMBER 2025 (F&B SERVICE).xlsx,
,,,,,,,,f&b,meet-recording/data_sheets_historical/mangal all data sheet/F&B UPI/PTM - SEPTEMBER 2025 (F&B SERVICE).xlsx,
2025-09-02 09:47:03,200.0,0.0,0.0,200.0,YESAP52462587295,2025-09-03 07:50:46,UPI,f&b,meet-recording/data_sheets_historical/mangal all data sheet/F&B UPI/PTM - SEPTEMBER 2025 (F&B SERVICE).xlsx,
2025-09-02 14:41:32,567.0,0.0,0.0,567.0,YESAP52462587295,2025-09-03 07:50:46,UPI,f&b,meet-recording/data_sheets_historical/mangal all data sheet/F&B UPI/PTM - SEPTEMBER 2025 (F&B SERVICE).xlsx,
2025-09-02 21:09:27,498.0,9.91,1.78,486.31,YESAP52462587295,2025-09-03 07:50:46,UPI_CREDIT_CARD,f&b,meet-recording/data_sheets_historical/mangal all data sheet/F&B UPI/PTM - SEPTEMBER 2025 (F&B SERVICE).xlsx,
2025-09-02 21:33:45,409.0,0.0,0.0,409.0,YESAP52462587295,2025-09-03 07:50:46,UPI,f&b,meet-recording/data_sheets_historical/mangal all data sheet/F&B UPI/PTM - SEPTEMBER 2025 (F&B SERVICE).xlsx,
2025-09-02 21:46:16,598.0,0.0,0.0,598.0,YESAP52462587295,2025-09-03 07:50:46,UPI_LITE,f&b,meet-recording/data_sheets_historical/mangal all data sheet/F&B UPI/PTM - SEPTEMBER 2025 (F&B SERVICE).xlsx,
2025-09-02 22:20:51,922.0,0.0,0.0,922.0,YESAP52462587295,2025-09-03 07:50:46,UPI,f&b,meet-recording/data_sheets_historical/mangal all data sheet/F&B UPI/PTM - SEPTEMBER 2025 (F&B SERVICE).xlsx,
2025-09-02 22:53:09,180.0,0.0,0.0,180.0,YESAP52462587295,2025-09-03 07:50:46,UPI,f&b,meet-recording/data_sheets_historical/mangal all data sheet/F&B UPI/PTM - SEPTEMBER 2025 (F&B SERVICE).xlsx,
,,,,,,,,f&b,meet-recording/data_sheets_historical/mangal all data sheet/F&B UPI/PTM - SEPTEMBER 2025 (F&B SERVICE).xlsx,
2025-09-03 10:50:32,568.0,0.0,0.0,568.0,YESAP52472428956,2025-09-04 06:38:28,UPI,f&b,meet-recording/data_sheets_historical/mangal all data sheet/F&B UPI/PTM - SEPTEMBER 2025 (F&B SERVICE).xlsx,
2025-09-03 13:57:00,643.0,0.0,0.0,643.0,YESAP52472428956,2025-09-04 06:38:28,UPI,f&b,meet-recording/data_sheets_historical/mangal all data sheet/F&B UPI/PTM - SEPTEMBER 2025 (F&B SERVICE).xlsx,
2025-09-03 15:02:49,718.0,0.0,0.0,718.0,YESAP52472428956,2025-09-04 06:38:28,UPI,f&b,meet-recording/data_sheets_historical/mangal all data sheet/F&B UPI/PTM - SEPTEMBER 2025 (F&B SERVICE).xlsx,
2025-09-03 18:25:57,918.0,0.0,0.0,918.0,YESAP52472428956,2025-09-04 06:38:28,UPI,f&b,meet-recording/data_sheets_historical/mangal all data sheet/F&B UPI/PTM - SEPTEMBER 2025 (F&B SERVICE).xlsx,
2025-09-03 21:44:00,1144.0,0.0,0.0,1144.0,YESAP52472428956,2025-09-04 06:38:28,UPI,f&b,meet-recording/data_sheets_historical/mangal all data sheet/F&B UPI/PTM - SEPTEMBER 2025 (F&B SERVICE).xlsx,
2025-09-03 22:03:16,1065.0,0.0,0.0,1065.0,YESAP52472428956,2025-09-04 06:38:28,UPI,f&b,meet-recording/data_sheets_historical/mangal all data sheet/F&B UPI/PTM - SEPTEMBER 2025 (F&B SERVICE).xlsx,
2025-09-03 22:05:31,319.0,0.0,0.0,319.0,YESAP52472428956,2025-09-04 06:38:28,UPI,f&b,meet-recording/data_sheets_historical/mangal all data sheet/F&B UPI/PTM - SEPTEMBER 2025 (F&B SERVICE).xlsx,
2025-09-03 22:08:42,549.0,0.0,0.0,549.0,YESAP52472428956,2025-09-04 06:38:28,UPI,f&b,meet-recording/data_sheets_historical/mangal all data sheet/F&B UPI/PTM - SEPTEMBER 2025 (F&B SERVICE).xlsx,
,,,,,,,,f&b,meet-recording/data_sheets_historical/mangal all data sheet/F&B UPI/PTM - SEPTEMBER 2025 (F&B SERVICE).xlsx,
2025-09-04 12:56:20,60.0,0.0,0.0,60.0,YESAP52482272358,2025-09-05 06:44:00,UPI_LITE,f&b,meet-recording/data_sheets_historical/mangal all data sheet/F&B UPI/PTM - SEPTEMBER 2025 (F&B SERVICE).xlsx,
2025-09-04 19:32:11,637.0,0.0,0.0,637.0,YESAP52482272358,2025-09-05 06:44:00,UPI,f&b,meet-recording/data_sheets_historical/mangal all data sheet/F&B UPI/PTM - SEPTEMBER 2025 (F&B SERVICE).xlsx,
2025-09-04 21:25:25,818.0,0.0,0.0,818.0,YESAP52482272358,2025-09-05 06:44:00,UPI,f&b,meet-recording/data_sheets_historical/mangal all data sheet/F&B UPI/PTM - SEPTEMBER 2025 (F&B SERVICE).xlsx,
2025-09-04 21:53:32,938.0,0.0,0.0,938.0,YESAP52482272358,2025-09-05 06:44:00,UPI,f&b,meet-recording/data_sheets_historical/mangal all data sheet/F&B UPI/PTM - SEPTEMBER 2025 (F&B SERVICE).xlsx,
2025-09-04 22:33:15,728.0,0.0,0.0,728.0,YESAP52482272358,2025-09-05 06:44:00,UPI,f&b,meet-recording/data_sheets_historical/mangal all data sheet/F&B UPI/PTM - SEPTEMBER 2025 (F&B SERVICE).xlsx,
2025-09-04 22:34:48,1291.0,0.0,0.0,1291.0,YESAP52482272358,2025-09-05 06:44:00,UPI,f&b,meet-recording/data_sheets_historical/mangal all data sheet/F&B UPI/PTM - SEPTEMBER 2025 (F&B SERVICE).xlsx,
2025-09-04 22:49:12,857.0,0.0,0.0,857.0,YESAP52482272358,2025-09-05 06:44:00,UPI,f&b,meet-recording/data_sheets_historical/mangal all data sheet/F&B UPI/PTM - SEPTEMBER 2025 (F&B SERVICE).xlsx,
,,,,,,,,f&b,meet-recording/data_sheets_historical/mangal all data sheet/F&B UPI/PTM - SEPTEMBER 2025 (F&B SERVICE).xlsx,
2025-09-05 08:49:08,600.0,0.0,0.0,600.0,YESAP52492439044,2025-09-06 07:42:26,UPI,f&b,meet-recording/data_sheets_historical/mangal all data sheet/F&B UPI/PTM - SEPTEMBER 2025 (F&B SERVICE).xlsx,
2025-09-05 14:43:47,478.0,0.0,0.0,478.0,YESAP52492439044,2025-09-06 07:42:26,UPI,f&b,meet-recording/data_sheets_historical/mangal all data sheet/F&B UPI/PTM - SEPTEMBER 2025 (F&B SERVICE).xlsx,
2025-09-05 18:24:38,120.0,0.0,0.0,120.0,YESAP52492439044,2025-09-06 07:42:26,UPI,f&b,meet-recording/data_sheets_historical/mangal all data sheet/F&B UPI/PTM - SEPTEMBER 2025 (F&B SERVICE).xlsx,
2025-09-05 19:36:19,29.0,0.0,0.0,29.0,YESAP52492439044,2025-09-06 07:42:26,UPI,f&b,meet-recording/data_sheets_historical/mangal all data sheet/F&B UPI/PTM - SEPTEMBER 2025 (F&B SERVICE).xlsx,
2025-09-05 20:33:18,249.0,0.0,0.0,249.0,YESAP52492439044,2025-09-06 07:42:26,UPI,f&b,meet-recording/data_sheets_historical/mangal all data sheet/F&B UPI/PTM - SEPTEMBER 2025 (F&B SERVICE).xlsx,
2025-09-05 21:14:40,60.0,1.19,0.21,58.6,YESAP52492439044,2025-09-06 07:42:26,UPI_CREDIT_CARD,f&b,meet-recording/data_sheets_historical/mangal all data sheet/F&B UPI/PTM - SEPTEMBER 2025 (F&B SERVICE).xlsx,
2025-09-05 21:35:12,837.0,0.0,0.0,837.0,YESAP52492439044,2025-09-06 07:42:26,UPI,f&b,meet-recording/data_sheets_historical/mangal all data sheet/F&B UPI/PTM - SEPTEMBER 2025 (F&B SERVICE).xlsx,
2025-09-05 21:44:06,349.0,6.95,1.25,340.8,YESAP52492439044,2025-09-06 07:42:26,UPI_CREDIT_CARD,f&b,meet-recording/data_sheets_historical/mangal all data sheet/F&B UPI/PTM - SEPTEMBER 2025 (F&B SERVICE).xlsx,
2025-09-05 21:51:43,618.0,0.0,0.0,618.0,YESAP52492439044,2025-09-06 07:42:26,UPI,f&b,meet-recording/data_sheets_historical/mangal all data sheet/F&B UPI/PTM - SEPTEMBER 2025 (F&B SERVICE).xlsx,
2025-09-05 22:01:02,1107.0,0.0,0.0,1107.0,YESAP52492439044,2025-09-06 07:42:26,UPI,f&b,meet-recording/data_sheets_historical/mangal all data sheet/F&B UPI/PTM - SEPTEMBER 2025 (F&B SERVICE).xlsx,
2025-09-05 22:02:05,599.0,0.0,0.0,599.0,YESAP52492439044,2025-09-06 07:42:26,UPI,f&b,meet-recording/data_sheets_historical/mangal all data sheet/F&B UPI/PTM - SEPTEMBER 2025 (F&B SERVICE).xlsx,
2025-09-05 22:13:48,968.0,0.0,0.0,968.0,YESAP52492439044,2025-09-06 07:42:26,UPI,f&b,meet-recording/data_sheets_historical/mangal all data sheet/F&B UPI/PTM - SEPTEMBER 2025 (F&B SERVICE).xlsx,
2025-09-05 22:16:54,992.0,0.0,0.0,992.0,YESAP52492439044,2025-09-06 07:42:26,UPI,f&b,meet-recording/data_sheets_historical/mangal all data sheet/F&B UPI/PTM - SEPTEMBER 2025 (F&B SERVICE).xlsx,
,,,,,,,,f&b,meet-recording/data_sheets_historical/mangal all data sheet/F&B UPI/PTM - SEPTEMBER 2025 (F&B SERVICE).xlsx,
2025-09-06 08:36:53,400.0,0.0,0.0,400.0,YESAP52501799987,2025-09-07 07:18:11,UPI,f&b,meet-recording/data_sheets_historical/mangal all data sheet/F&B UPI/PTM - SEPTEMBER 2025 (F&B SERVICE).xlsx,
2025-09-06 09:54:27,400.0,0.0,0.0,400.0,YESAP52501799987,2025-09-07 07:18:11,UPI,f&b,meet-recording/data_sheets_historical/mangal all data sheet/F&B UPI/PTM - SEPTEMBER 2025 (F&B SERVICE).xlsx,
2025-09-06 10:31:03,1200.0,0.0,0.0,1200.0,YESAP52501799987,2025-09-07 07:18:11,UPI,f&b,meet-recording/data_sheets_historical/mangal all data sheet/F&B UPI/PTM - SEPTEMBER 2025 (F&B SERVICE).xlsx,
2025-09-06 10:44:07,398.0,0.0,0.0,398.0,YESAP52501799987,2025-09-07 07:18:11,UPI,f&b,meet-recording/data_sheets_historical/mangal all data sheet/F&B UPI/PTM - SEPTEMBER 2025 (F&B SERVICE).xlsx,
2025-09-06 10:46:03,400.0,0.0,0.0,400.0,YESAP52501799987,2025-09-07 07:18:11,UPI,f&b,meet-recording/data_sheets_historical/mangal all data sheet/F&B UPI/PTM - SEPTEMBER 2025 (F&B SERVICE).xlsx,
2025-09-06 11:29:12,628.0,0.0,0.0,628.0,YESAP52501799987,2025-09-07 07:18:11,UPI,f&b,meet-recording/data_sheets_historical/mangal all data sheet/F&B UPI/PTM - SEPTEMBER 2025 (F&B SERVICE).xlsx,
2025-09-06 16:58:33,518.0,0.0,0.0,518.0,YESAP52501799987,2025-09-07 07:18:11,UPI,f&b,meet-recording/data_sheets_historical/mangal all data sheet/F&B UPI/PTM - SEPTEMBER 2025 (F&B SERVICE).xlsx,
2025-09-06 19:41:40,120.0,0.0,0.0,120.0,YESAP52501799987,2025-09-07 07:18:11,UPI,f&b,meet-recording/data_sheets_historical/mangal all data sheet/F&B UPI/PTM - SEPTEMBER 2025 (F&B SERVICE).xlsx,
2025-09-06 20:41:51,1681.0,0.0,0.0,1681.0,YESAP52501799987,2025-09-07 07:18:11,UPI,f&b,meet-recording/data_sheets_historical/mangal all data sheet/F&B UPI/PTM - SEPTEMBER 2025 (F&B SERVICE).xlsx,
2025-09-06 20:43:50,987.0,0.0,0.0,987.0,YESAP52501799987,2025-09-07 07:18:11,UPI,f&b,meet-recording/data_sheets_historical/mangal all data sheet/F&B UPI/PTM - SEPTEMBER 2025 (F&B SERVICE).xlsx,
2025-09-06 21:01:07,1964.0,0.0,0.0,1964.0,YESAP52501799987,2025-09-07 07:18:11,UPI,f&b,meet-recording/data_sheets_historical/mangal all data sheet/F&B UPI/PTM - SEPTEMBER 2025 (F&B SERVICE).xlsx,
2025-09-06 21:39:00,657.0,0.0,0.0,657.0,YESAP52501799987,2025-09-07 07:18:11,UPI,f&b,meet-recording/data_sheets_historical/mangal all data sheet/F&B UPI/PTM - SEPTEMBER 2025 (F&B SERVICE).xlsx,
2025-09-06 21:52:29,697.0,0.0,0.0,697.0,YESAP52501799987,2025-09-07 07:18:11,UPI,f&b,meet-recording/data_sheets_historical/mangal all data sheet/F&B UPI/PTM - SEPTEMBER 2025 (F&B SERVICE).xlsx,
2025-09-06 21:57:17,618.0,0.0,0.0,618.0,YESAP52501799987,2025-09-07 07:18:11,UPI,f&b,meet-recording/data_sheets_historical/mangal all data sheet/F&B UPI/PTM - SEPTEMBER 2025 (F&B SERVICE).xlsx,
2025-09-06 22:03:38,60.0,0.0,0.0,60.0,YESAP52501799987,2025-09-07 07:18:11,UPI,f&b,meet-recording/data_sheets_historical/mangal all data sheet/F&B UPI/PTM - SEPTEMBER 2025 (F&B SERVICE).xlsx,
2025-09-06 22:29:22,2060.0,0.0,0.0,2060.0,YESAP52501799987,2025-09-07 07:18:11,UPI,f&b,meet-recording/data_sheets_historical/mangal all data sheet/F&B UPI/PTM - SEPTEMBER 2025 (F&B SERVICE).xlsx,
2025-09-06 22:33:42,1346.0,0.0,0.0,1346.0,YESAP52501799987,2025-09-07 07:18:11,UPI,f&b,meet-recording/data_sheets_historical/mangal all data sheet/F&B UPI/PTM - SEPTEMBER 2025 (F&B SERVICE).xlsx,
2025-09-06 22:34:02,877.0,0.0,0.0,877.0,YESAP52501799987,2025-09-07 07:18:11,UPI,f&b,meet-recording/data_sheets_historical/mangal all data sheet/F&B UPI/PTM - SEPTEMBER 2025 (F&B SERVICE).xlsx,
,,,,,,,,f&b,meet-recording/data_sheets_historical/mangal all data sheet/F&B UPI/PTM - SEPTEMBER 2025 (F&B SERVICE).xlsx,
2025-09-07 07:52:46,120.0,0.0,0.0,120.0,YESAP52511666982,2025-09-08 05:01:29,UPI,f&b,meet-recording/data_sheets_historical/mangal all data sheet/F&B UPI/PTM - SEPTEMBER 2025 (F&B SERVICE).xlsx,
2025-09-07 10:08:20,1000.0,0.0,0.0,1000.0,YESAP52511666982,2025-09-08 05:01:29,UPI,f&b,meet-recording/data_sheets_historical/mangal all data sheet/F&B UPI/PTM - SEPTEMBER 2025 (F&B SERVICE).xlsx,
2025-09-07 10:38:06,800.0,0.0,0.0,800.0,YESAP52511666982,2025-09-08 05:01:29,UPI,f&b,meet-recording/data_sheets_historical/mangal all data sheet/F&B UPI/PTM - SEPTEMBER 2025 (F&B SERVICE).xlsx,
2025-09-07 13:31:09,1397.0,0.0,0.0,1397.0,YESAP52511666982,2025-09-08 05:01:29,UPI,f&b,meet-recording/data_sheets_historical/mangal all data sheet/F&B UPI/PTM - SEPTEMBER 2025 (F&B SERVICE).xlsx,
2025-09-07 13:31:37,2805.0,55.82,10.05,2739.13,YESAP52511666982,2025-09-08 05:01:29,UPI_CREDIT_CARD,f&b,meet-recording/data_sheets_historical/mangal all data sheet/F&B UPI/PTM - SEPTEMBER 2025 (F&B SERVICE).xlsx,
2025-09-07 13:48:48,748.0,0.0,0.0,748.0,YESAP52511666982,2025-09-08 05:01:29,UPI,f&b,meet-recording/data_sheets_historical/mangal all data sheet/F&B UPI/PTM - SEPTEMBER 2025 (F&B SERVICE).xlsx,
2025-09-07 13:51:33,469.0,9.33,1.68,457.99,YESAP52511666982,2025-09-08 05:01:29,UPI_CREDIT_CARD,f&b,meet-recording/data_sheets_historical/mangal all data sheet/F&B UPI/PTM - SEPTEMBER 2025 (F&B SERVICE).xlsx,
2025-09-07 15:13:35,1067.0,0.0,0.0,1067.0,YESAP52511666982,2025-09-08 05:01:29,UPI,f&b,meet-recording/data_sheets_historical/mangal all data sheet/F&B UPI/PTM - SEPTEMBER 2025 (F&B SERVICE).xlsx,
2025-09-07 15:17:09,888.0,0.0,0.0,888.0,YESAP52511666982,2025-09-08 05:01:29,UPI,f&b,meet-recording/data_sheets_historical/mangal all data sheet/F&B UPI/PTM - SEPTEMBER 2025 (F&B SERVICE).xlsx,
2025-09-07 20:07:10,817.0,0.0,0.0,817.0,YESAP52511666982,2025-09-08 05:01:29,UPI,f&b,meet-recording/data_sheets_historical/mangal all data sheet/F&B UPI/PTM - SEPTEMBER 2025 (F&B SERVICE).xlsx,
2025-09-07 20:59:50,897.0,0.0,0.0,897.0,YESAP52511666982,2025-09-08 05:01:29,UPI,f&b,meet-recording/data_sheets_historical/mangal all data sheet/F&B UPI/PTM - SEPTEMBER 2025 (F&B SERVICE).xlsx,
2025-09-07 21:08:57,2095.0,0.0,0.0,2095.0,YESAP52511666982,2025-09-08 05:01:29,UPI,f&b,meet-recording/data_sheets_historical/mangal all data sheet/F&B UPI/PTM - SEPTEMBER 2025 (F&B SERVICE).xlsx,
2025-09-07 21:18:09,908.0,0.0,0.0,908.0,YESAP52511666982,2025-09-08 05:01:29,UPI,f&b,meet-recording/data_sheets_historical/mangal all data sheet/F&B UPI/PTM - SEPTEMBER 2025 (F&B SERVICE).xlsx,
2025-09-07 21:30:56,100.0,0.0,0.0,100.0,YESAP52511666982,2025-09-08 05:01:29,UPI,f&b,meet-recording/data_sheets_historical/mangal all data sheet/F&B UPI/PTM - SEPTEMBER 2025 (F&B SERVICE).xlsx,
2025-09-07 21:31:22,20.0,0.0,0.0,20.0,YESAP52511666982,2025-09-08 05:01:29,UPI,f&b,meet-recording/data_sheets_historical/mangal all data sheet/F&B UPI/PTM - SEPTEMBER 2025 (F&B SERVICE).xlsx,
2025-09-07 21:45:31,927.0,0.0,0.0,927.0,YESAP52511666982,2025-09-08 05:01:29,UPI,f&b,meet-recording/data_sheets_historical/mangal all data sheet/F&B UPI/PTM - SEPTEMBER 2025 (F&B SERVICE).xlsx,
2025-09-07 21:46:37,668.0,0.0,0.0,668.0,YESAP52511666982,2025-09-08 05:01:29,UPI,f&b,meet-recording/data_sheets_historical/mangal all data sheet/F&B UPI/PTM - SEPTEMBER 2025 (F&B SERVICE).xlsx,
2025-09-07 21:51:29,974.0,0.0,0.0,974.0,YESAP52511666982,2025-09-08 05:01:29,UPI,f&b,meet-recording/data_sheets_historical/mangal all data sheet/F&B UPI/PTM - SEPTEMBER 2025 (F&B SERVICE).xlsx,
2025-09-07 22:16:26,523.0,0.0,0.0,523.0,YESAP52511666982,2025-09-08 05:01:29,UPI,f&b,meet-recording/data_sheets_historical/mangal all data sheet/F&B UPI/PTM - SEPTEMBER 2025 (F&B SERVICE).xlsx,
,,,,,,,,f&b,meet-recording/data_sheets_historical/mangal all data sheet/F&B UPI/PTM - SEPTEMBER 2025 (F&B SERVICE).xlsx,
2025-09-08 08:59:29,20.0,0.0,0.0,20.0,YESAP52523035182,2025-09-09 05:22:28,UPI,f&b,meet-recording/data_sheets_historical/mangal all data sheet/F&B UPI/PTM - SEPTEMBER 2025 (F&B SERVICE).xlsx,
2025-09-08 11:50:50,40.0,0.0,0.0,40.0,YESAP52523035182,2025-09-09 05:22:28,UPI,f&b,meet-recording/data_sheets_historical/mangal all data sheet/F&B UPI/PTM - SEPTEMBER 2025 (F&B SERVICE).xlsx,
2025-09-08 13:16:11,1271.0,0.0,0.0,1271.0,YESAP52523035182,2025-09-09 05:22:28,UPI,f&b,meet-recording/data_sheets_historical/mangal all data sheet/F&B UPI/PTM - SEPTEMBER 2025 (F&B SERVICE).xlsx,
2025-09-08 13:18:12,1305.0,0.0,0.0,1305.0,YESAP52523035182,2025-09-09 05:22:28,UPI,f&b,meet-recording/data_sheets_historical/mangal all data sheet/F&B UPI/PTM - SEPTEMBER 2025 (F&B SERVICE).xlsx,
2025-09-08 15:08:14,1326.0,0.0,0.0,1326.0,YESAP52523035182,2025-09-09 05:22:28,UPI,f&b,meet-recording/data_sheets_historical/mangal all data sheet/F&B UPI/PTM - SEPTEMBER 2025 (F&B SERVICE).xlsx,
2025-09-08 16:24:11,673.0,0.0,0.0,673.0,YESAP52523035182,2025-09-09 05:22:28,UPI,f&b,meet-recording/data_sheets_historical/mangal all data sheet/F&B UPI/PTM - SEPTEMBER 2025 (F&B SERVICE).xlsx,
2025-09-08 20:17:20,1131.0,0.0,0.0,1131.0,YESAP52523035182,2025-09-09 05:22:28,UPI,f&b,meet-recording/data_sheets_historical/mangal all data sheet/F&B UPI/PTM - SEPTEMBER 2025 (F&B SERVICE).xlsx,
2025-09-08 21:35:06,1152.0,0.0,0.0,1152.0,YESAP52523035182,2025-09-09 05:22:28,UPI,f&b,meet-recording/data_sheets_historical/mangal all data sheet/F&B UPI/PTM - SEPTEMBER 2025 (F&B SERVICE).xlsx,
2025-09-08 21:50:27,902.0,0.0,0.0,902.0,YESAP52523035182,2025-09-09 05:22:28,UPI,f&b,meet-recording/data_sheets_historical/mangal all data sheet/F&B UPI/PTM - SEPTEMBER 2025 (F&B SERVICE).xlsx,
2025-09-08 22:34:54,1107.0,0.0,0.0,1107.0,YESAP52523035182,2025-09-09 05:22:28,UPI,f&b,meet-recording/data_sheets_historical/mangal all data sheet/F&B UPI/PTM - SEPTEMBER 2025 (F&B SERVICE).xlsx,
2025-09-08 23:15:55,558.0,0.0,0.0,558.0,YESAP52523035182,2025-09-09 05:22:28,UPI_PPIWALLET,f&b,meet-recording/data_sheets_historical/mangal all data sheet/F&B UPI/PTM - SEPTEMBER 2025 (F&B SERVICE).xlsx,
,,,,,,,,f&b,meet-recording/data_sheets_historical/mangal all data sheet/F&B UPI/PTM - SEPTEMBER 2025 (F&B SERVICE).xlsx,
2025-09-09 11:55:13,249.0,0.0,0.0,249.0,YESAP52533305153,2025-09-10 05:52:24,UPI,f&b,meet-recording/data_sheets_historical/mangal all data sheet/F&B UPI/PTM - SEPTEMBER 2025 (F&B SERVICE).xlsx,
2025-09-09 12:20:44,548.0,0.0,0.0,548.0,YESAP52533305153,2025-09-10 05:52:24,UPI,f&b,meet-recording/data_sheets_historical/mangal all data sheet/F&B UPI/PTM - SEPTEMBER 2025 (F&B SERVICE).xlsx,
2025-09-09 14:05:34,1087.0,0.0,0.0,1087.0,YESAP52533305153,2025-09-10 05:52:24,UPI,f&b,meet-recording/data_sheets_historical/mangal all data sheet/F&B UPI/PTM - SEPTEMBER 2025 (F&B SERVICE).xlsx,
2025-09-09 15:35:24,518.0,0.0,0.0,518.0,YESAP52533305153,2025-09-10 05:52:24,UPI,f&b,meet-recording/data_sheets_historical/mangal all data sheet/F&B UPI/PTM - SEPTEMBER 2025 (F&B SERVICE).xlsx,
2025-09-09 20:47:32,250.0,0.0,0.0,250.0,YESAP52533305153,2025-09-10 05:52:24,UPI,f&b,meet-recording/data_sheets_historical/mangal all data sheet/F&B UPI/PTM - SEPTEMBER 2025 (F&B SERVICE).xlsx,
2025-09-09 20:56:18,378.0,0.0,0.0,378.0,YESAP52533305153,2025-09-10 05:52:24,UPI,f&b,meet-recording/data_sheets_historical/mangal all data sheet/F&B UPI/PTM - SEPTEMBER 2025 (F&B SERVICE).xlsx,
2025-09-09 21:32:31,750.0,0.0,0.0,750.0,YESAP52533305153,2025-09-10 05:52:24,UPI,f&b,meet-recording/data_sheets_historical/mangal all data sheet/F&B UPI/PTM - SEPTEMBER 2025 (F&B SERVICE).xlsx,
2025-09-09 22:09:07,568.0,0.0,0.0,568.0,YESAP52533305153,2025-09-10 05:52:24,UPI,f&b,meet-recording/data_sheets_historical/mangal all data sheet/F&B UPI/PTM - SEPTEMBER 2025 (F&B SERVICE).xlsx,
2025-09-09 22:36:24,1237.0,0.0,0.0,1237.0,YESAP52533305153,2025-09-10 05:52:24,UPI,f&b,meet-recording/data_sheets_historical/mangal all data sheet/F&B UPI/PTM - SEPTEMBER 2025 (F&B SERVICE).xlsx,
2025-09-09 22:53:45,1894.0,0.0,0.0,1894.0,YESAP52533305153,2025-09-10 05:52:24,UPI,f&b,meet-recording/data_sheets_historical/mangal all data sheet/F&B UPI/PTM - SEPTEMBER 2025 (F&B SERVICE).xlsx,
,,,,,,,,f&b,meet-recording/data_sheets_historical/mangal all data sheet/F&B UPI/PTM - SEPTEMBER 2025 (F&B SERVICE).xlsx,
2025-09-10 08:32:24,40.0,0.0,0.0,40.0,YESAP52543889638,2025-09-11 07:57:20,UPI,f&b,meet-recording/data_sheets_historical/mangal all data sheet/F&B UPI/PTM - SEPTEMBER 2025 (F&B SERVICE).xlsx,
2025-09-10 15:16:55,478.0,0.0,0.0,478.0,YESAP52543889638,2025-09-11 07:57:20,UPI,f&b,meet-recording/data_sheets_historical/mangal all data sheet/F&B UPI/PTM - SEPTEMBER 2025 (F&B SERVICE).xlsx,
2025-09-10 16:07:09,199.0,0.0,0.0,199.0,YESAP52543889638,2025-09-11 07:57:20,UPI,f&b,meet-recording/data_sheets_historical/mangal all data sheet/F&B UPI/PTM - SEPTEMBER 2025 (F&B SERVICE).xlsx,
2025-09-10 16:19:44,40.0,0.0,0.0,40.0,YESAP52543889638,2025-09-11 07:57:20,UPI,f&b,meet-recording/data_sheets_historical/mangal all data sheet/F&B UPI/PTM - SEPTEMBER 2025 (F&B SERVICE).xlsx,
2025-09-10 21:01:20,99.0,0.0,0.0,99.0,YESAP52543889638,2025-09-11 07:57:20,UPI,f&b,meet-recording/data_sheets_historical/mangal all data sheet/F&B UPI/PTM - SEPTEMBER 2025 (F&B SERVICE).xlsx,
2025-09-10 21:56:50,692.0,0.0,0.0,692.0,YESAP52543889638,2025-09-11 07:57:20,UPI,f&b,meet-recording/data_sheets_historical/mangal all data sheet/F&B UPI/PTM - SEPTEMBER 2025 (F&B SERVICE).xlsx,
2025-09-10 22:22:16,548.0,0.0,0.0,548.0,YESAP52543889638,2025-09-11 07:57:20,UPI,f&b,meet-recording/data_sheets_historical/mangal all data sheet/F&B UPI/PTM - SEPTEMBER 2025 (F&B SERVICE).xlsx,
2025-09-10 22:31:01,398.0,0.0,0.0,398.0,YESAP52543889638,2025-09-11 07:57:20,UPI,f&b,meet-recording/data_sheets_historical/mangal all data sheet/F&B UPI/PTM - SEPTEMBER 2025 (F&B SERVICE).xlsx,
2025-09-10 23:11:42,120.0,0.0,0.0,120.0,YESAP52543889638,2025-09-11 07:57:20,UPI,f&b,meet-recording/data_sheets_historical/mangal all data sheet/F&B UPI/PTM - SEPTEMBER 2025 (F&B SERVICE).xlsx,
,,,,,,,,f&b,meet-recording/data_sheets_historical/mangal all data sheet/F&B UPI/PTM - SEPTEMBER 2025 (F&B SERVICE).xlsx,
2025-09-11 08:47:14,20.0,0.4,0.07,19.53,YESAP52554531245,2025-09-12 07:29:50,UPI_CREDIT_CARD,f&b,meet-recording/data_sheets_historical/mangal all data sheet/F&B UPI/PTM - SEPTEMBER 2025 (F&B SERVICE).xlsx,
2025-09-11 13:36:05,229.0,0.0,0.0,229.0,YESAP52554531245,2025-09-12 07:29:50,UPI,f&b,meet-recording/data_sheets_historical/mangal all data sheet/F&B UPI/PTM - SEPTEMBER 2025 (F&B SERVICE).xlsx,
2025-09-11 13:52:31,120.0,0.0,0.0,120.0,YESAP52554531245,2025-09-12 07:29:50,UPI,f&b,meet-recording/data_sheets_historical/mangal all data sheet/F&B UPI/PTM - SEPTEMBER 2025 (F&B SERVICE).xlsx,
2025-09-11 14:47:19,754.0,0.0,0.0,754.0,YESAP52554531245,2025-09-12 07:29:50,UPI,f&b,meet-recording/data_sheets_historical/mangal all data sheet/F&B UPI/PTM - SEPTEMBER 2025 (F&B SERVICE).xlsx,
2025-09-11 19:22:02,524.0,0.0,0.0,524.0,YESAP52554531245,2025-09-12 07:29:50,UPI,f&b,meet-recording/data_sheets_historical/mangal all data sheet/F&B UPI/PTM - SEPTEMBER 2025 (F&B SERVICE).xlsx,
2025-09-11 21:39:38,768.0,0.0,0.0,768.0,YESAP52554531245,2025-09-12 07:29:50,UPI,f&b,meet-recording/data_sheets_historical/mangal all data sheet/F&B UPI/PTM - SEPTEMBER 2025 (F&B SERVICE).xlsx,
2025-09-11 21:43:15,1257.0,0.0,0.0,1257.0,YESAP52554531245,2025-09-12 07:29:50,UPI,f&b,meet-recording/data_sheets_historical/mangal all data sheet/F&B UPI/PTM - SEPTEMBER 2025 (F&B SERVICE).xlsx,
2025-09-11 21:48:55,608.0,0.0,0.0,608.0,YESAP52554531245,2025-09-12 07:29:50,UPI,f&b,meet-recording/data_sheets_historical/mangal all data sheet/F&B UPI/PTM - SEPTEMBER 2025 (F&B SERVICE).xlsx,
2025-09-11 22:36:10,2343.0,0.0,0.0,2343.0,YESAP52554531245,2025-09-12 07:29:50,UPI,f&b,meet-recording/data_sheets_historical/mangal all data sheet/F&B UPI/PTM - SEPTEMBER 2025 (F&B SERVICE).xlsx,
2025-09-11 22:44:31,1287.0,0.0,0.0,1287.0,YESAP52554531245,2025-09-12 07:29:50,UPI,f&b,meet-recording/data_sheets_historical/mangal all data sheet/F&B UPI/PTM - SEPTEMBER 2025 (F&B SERVICE).xlsx,
2025-09-11 22:46:11,7461.0,0.0,0.0,7461.0,YESAP52554531245,2025-09-12 07:29:50,UPI,f&b,meet-recording/data_sheets_historical/mangal all data sheet/F&B UPI/PTM - SEPTEMBER 2025 (F&B SERVICE).xlsx,
,,,,,,,,f&b,meet-recording/data_sheets_historical/mangal all data sheet/F&B UPI/PTM - SEPTEMBER 2025 (F&B SERVICE).xlsx,
2025-09-12 07:44:53,60.0,0.0,0.0,60.0,YESAP52562056059,2025-09-13 09:16:39,UPI,f&b,meet-recording/data_sheets_historical/mangal all data sheet/F&B UPI/PTM - SEPTEMBER 2025 (F&B SERVICE).xlsx,
2025-09-12 10:30:05,800.0,0.0,0.0,800.0,YESAP52562056059,2025-09-13 09:16:39,UPI,f&b,meet-recording/data_sheets_historical/mangal all data sheet/F&B UPI/PTM - SEPTEMBER 2025 (F&B SERVICE).xlsx,
2025-09-12 13:58:31,478.0,0.0,0.0,478.0,YESAP52562056059,2025-09-13 09:16:39,UPI,f&b,meet-recording/data_sheets_historical/mangal all data sheet/F&B UPI/PTM - SEPTEMBER 2025 (F&B SERVICE).xlsx,
2025-09-12 14:46:25,1236.0,0.0,0.0,1236.0,YESAP52562056059,2025-09-13 09:16:39,UPI,f&b,meet-recording/data_sheets_historical/mangal all data sheet/F&B UPI/PTM - SEPTEMBER 2025 (F&B SERVICE).xlsx,
2025-09-12 14:53:48,548.0,0.0,0.0,548.0,YESAP52562056059,2025-09-13 09:16:39,UPI,f&b,meet-recording/data_sheets_historical/mangal all data sheet/F&B UPI/PTM - SEPTEMBER 2025 (F&B SERVICE).xlsx,
2025-09-12 15:04:59,583.0,0.0,0.0,583.0,YESAP52562056059,2025-09-13 09:16:39,UPI,f&b,meet-recording/data_sheets_historical/mangal all data sheet/F&B UPI/PTM - SEPTEMBER 2025 (F&B SERVICE).xlsx,
2025-09-12 20:35:52,489.0,0.0,0.0,489.0,YESAP52562056059,2025-09-13 09:16:39,UPI,f&b,meet-recording/data_sheets_historical/mangal all data sheet/F&B UPI/PTM - SEPTEMBER 2025 (F&B SERVICE).xlsx,
2025-09-12 21:08:23,1560.0,0.0,0.0,1560.0,YESAP52562056059,2025-09-13 09:16:39,UPI,f&b,meet-recording/data_sheets_historical/mangal all data sheet/F&B UPI/PTM - SEPTEMBER 2025 (F&B SERVICE).xlsx,
2025-09-12 21:21:16,2522.0,0.0,0.0,2522.0,YESAP52562056059,2025-09-13 09:16:39,UPI,f&b,meet-recording/data_sheets_historical/mangal all data sheet/F&B UPI/PTM - SEPTEMBER 2025 (F&B SERVICE).xlsx,
2025-09-12 21:32:03,861.0,0.0,0.0,861.0,YESAP52562056059,2025-09-13 09:16:39,UPI,f&b,meet-recording/data_sheets_historical/mangal all data sheet/F&B UPI/PTM - SEPTEMBER 2025 (F&B SERVICE).xlsx,
2025-09-12 21:42:23,379.0,7.54,1.36,370.1,YESAP52562056059,2025-09-13 09:16:39,UPI_CREDIT_CARD,f&b,meet-recording/data_sheets_historical/mangal all data sheet/F&B UPI/PTM - SEPTEMBER 2025 (F&B SERVICE).xlsx,
2025-09-12 22:17:58,409.0,0.0,0.0,409.0,YESAP52562056059,2025-09-13 09:16:39,UPI_LITE,f&b,meet-recording/data_sheets_historical/mangal all data sheet/F&B UPI/PTM - SEPTEMBER 2025 (F&B SERVICE).xlsx,
2025-09-12 22:37:57,498.0,0.0,0.0,498.0,YESAP52562056059,2025-09-13 09:16:39,UPI,f&b,meet-recording/data_sheets_historical/mangal all data sheet/F&B UPI/PTM - SEPTEMBER 2025 (F&B SERVICE).xlsx,
2025-09-12 22:44:11,398.0,0.0,0.0,398.0,YESAP52562056059,2025-09-13 09:16:39,UPI,f&b,meet-recording/data_sheets_historical/mangal all data sheet/F&B UPI/PTM - SEPTEMBER 2025 (F&B SERVICE).xlsx,
2025-09-12 22:54:27,50.0,0.0,0.0,50.0,YESAP52562056059,2025-09-13 09:16:39,UPI,f&b,meet-recording/data_sheets_historical/mangal all data sheet/F&B UPI/PTM - SEPTEMBER 2025 (F&B SERVICE).xlsx,
2025-09-12 22:55:03,300.0,0.0,0.0,300.0,YESAP52562056059,2025-09-13 09:16:39,UPI,f&b,meet-recording/data_sheets_historical/mangal all data sheet/F&B UPI/PTM - SEPTEMBER 2025 (F&B SERVICE).xlsx,
2025-09-12 23:03:37,1546.0,30.77,5.54,1509.69,YESAP52562056059,2025-09-13 09:16:39,UPI_CREDIT_CARD,f&b,meet-recording/data_sheets_historical/mangal all data sheet/F&B UPI/PTM - SEPTEMBER 2025 (F&B SERVICE).xlsx,
,,,,,,,,f&b,meet-recording/data_sheets_historical/mangal all data sheet/F&B UPI/PTM - SEPTEMBER 2025 (F&B SERVICE).xlsx,
2025-09-13 12:44:58,1296.0,0.0,0.0,1296.0,YESAP52572924883,2025-09-14 07:51:52,UPI,f&b,meet-recording/data_sheets_historical/mangal all data sheet/F&B UPI/PTM - SEPTEMBER 2025 (F&B SERVICE).xlsx,
2025-09-13 15:02:47,654.0,13.01,2.34,638.65,YESAP52572924883,2025-09-14 07:51:52,UPI_CREDIT_CARD,f&b,meet-recording/data_sheets_historical/mangal all data sheet/F&B UPI/PTM - SEPTEMBER 2025 (F&B SERVICE).xlsx,
2025-09-13 16:21:50,20.0,0.0,0.0,20.0,YESAP52572924883,2025-09-14 07:51:52,UPI,f&b,meet-recording/data_sheets_historical/mangal all data sheet/F&B UPI/PTM - SEPTEMBER 2025 (F&B SERVICE).xlsx,
2025-09-13 16:43:42,120.0,0.0,0.0,120.0,YESAP52572924883,2025-09-14 07:51:52,UPI,f&b,meet-recording/data_sheets_historical/mangal all data sheet/F&B UPI/PTM - SEPTEMBER 2025 (F&B SERVICE).xlsx,
2025-09-13 18:34:56,468.0,0.0,0.0,468.0,YESAP52572924883,2025-09-14 07:51:52,UPI,f&b,meet-recording/data_sheets_historical/mangal all data sheet/F&B UPI/PTM - SEPTEMBER 2025 (F&B SERVICE).xlsx,
2025-09-13 19:50:23,179.0,0.0,0.0,179.0,YESAP52572924883,2025-09-14 07:51:52,UPI,f&b,meet-recording/data_sheets_historical/mangal all data sheet/F&B UPI/PTM - SEPTEMBER 2025 (F&B SERVICE).xlsx,
2025-09-13 20:49:19,1388.0,0.0,0.0,1388.0,YESAP52572924883,2025-09-14 07:51:52,UPI,f&b,meet-recording/data_sheets_historical/mangal all data sheet/F&B UPI/PTM - SEPTEMBER 2025 (F&B SERVICE).xlsx,
2025-09-13 21:35:11,1524.0,0.0,0.0,1524.0,YESAP52572924883,2025-09-14 07:51:52,UPI,f&b,meet-recording/data_sheets_historical/mangal all data sheet/F&B UPI/PTM - SEPTEMBER 2025 (F&B SERVICE).xlsx,
2025-09-13 21:50:28,479.0,9.53,1.72,467.75,YESAP52572924883,2025-09-14 07:51:52,UPI_CREDIT_CARD,f&b,meet-recording/data_sheets_historical/mangal all data sheet/F&B UPI/PTM - SEPTEMBER 2025 (F&B SERVICE).xlsx,
2025-09-13 21:51:54,160.0,3.18,0.57,156.25,YESAP52572924883,2025-09-14 07:51:52,UPI_CREDIT_CARD,f&b,meet-recording/data_sheets_historical/mangal all data sheet/F&B UPI/PTM - SEPTEMBER 2025 (F&B SERVICE).xlsx,
2025-09-13 21:56:04,698.0,0.0,0.0,698.0,YESAP52572924883,2025-09-14 07:51:52,UPI,f&b,meet-recording/data_sheets_historical/mangal all data sheet/F&B UPI/PTM - SEPTEMBER 2025 (F&B SERVICE).xlsx,
2025-09-13 21:56:16,997.0,0.0,0.0,997.0,YESAP52572924883,2025-09-14 07:51:52,UPI,f&b,meet-recording/data_sheets_historical/mangal all data sheet/F&B UPI/PTM - SEPTEMBER 2025 (F&B SERVICE).xlsx,
2025-09-13 22:11:51,1216.0,24.2,4.36,1187.44,YESAP52572924883,2025-09-14 07:51:52,UPI_CREDIT_CARD,f&b,meet-recording/data_sheets_historical/mangal all data sheet/F&B UPI/PTM - SEPTEMBER 2025 (F&B SERVICE).xlsx,
2025-09-13 22:18:01,5921.0,100.06,18.01,5802.93,YESAP52572924883,2025-09-14 07:51:52,CREDIT_CARD,f&b,meet-recording/data_sheets_historical/mangal all data sheet/F&B UPI/PTM - SEPTEMBER 2025 (F&B SERVICE).xlsx,
2025-09-13 22:18:23,429.0,0.0,0.0,429.0,YESAP52572924883,2025-09-14 07:51:52,UPI,f&b,meet-recording/data_sheets_historical/mangal all data sheet/F&B UPI/PTM - SEPTEMBER 2025 (F&B SERVICE).xlsx,
2025-09-13 22:22:49,1182.0,0.0,0.0,1182.0,YESAP52572924883,2025-09-14 07:51:52,UPI,f&b,meet-recording/data_sheets_historical/mangal all data sheet/F&B UPI/PTM - SEPTEMBER 2025 (F&B SERVICE).xlsx,
2025-09-13 22:48:16,300.0,0.0,0.0,300.0,YESAP52572924883,2025-09-14 07:51:52,UPI,f&b,meet-recording/data_sheets_historical/mangal all data sheet/F&B UPI/PTM - SEPTEMBER 2025 (F&B SERVICE).xlsx,
2025-09-13 22:56:23,2081.0,41.41,7.45,2032.14,YESAP52572924883,2025-09-14 07:51:52,UPI_CREDIT_CARD,f&b,meet-recording/data_sheets_historical/mangal all data sheet/F&B UPI/PTM - SEPTEMBER 2025 (F&B SERVICE).xlsx,
2025-09-13 23:03:46,747.0,0.0,0.0,747.0,YESAP52572924883,2025-09-14 07:51:52,UPI,f&b,meet-recording/data_sheets_historical/mangal all data sheet/F&B UPI/PTM - SEPTEMBER 2025 (F&B SERVICE).xlsx,
,,,,,,,,f&b,meet-recording/data_sheets_historical/mangal all data sheet/F&B UPI/PTM - SEPTEMBER 2025 (F&B SERVICE).xlsx,
2025-09-14 10:30:35,20.0,0.0,0.0,20.0,YESAP52582756752,2025-09-15 05:54:02,UPI,f&b,meet-recording/data_sheets_historical/mangal all data sheet/F&B UPI/PTM - SEPTEMBER 2025 (F&B SERVICE).xlsx,
2025-09-14 12:43:55,120.0,0.0,0.0,120.0,YESAP52582756752,2025-09-15 05:54:02,UPI,f&b,meet-recording/data_sheets_historical/mangal all data sheet/F&B UPI/PTM - SEPTEMBER 2025 (F&B SERVICE).xlsx,
2025-09-14 15:19:10,987.0,16.68,3.0,967.32,YESAP52582756752,2025-09-15 05:54:02,CREDIT_CARD,f&b,meet-recording/data_sheets_historical/mangal all data sheet/F&B UPI/PTM - SEPTEMBER 2025 (F&B SERVICE).xlsx,
2025-09-14 15:40:36,299.0,0.0,0.0,299.0,YESAP52582756752,2025-09-15 05:54:02,UPI,f&b,meet-recording/data_sheets_historical/mangal all data sheet/F&B UPI/PTM - SEPTEMBER 2025 (F&B SERVICE).xlsx,
2025-09-14 16:30:04,942.0,0.0,0.0,942.0,YESAP52582756752,2025-09-15 05:54:02,UPI,f&b,meet-recording/data_sheets_historical/mangal all data sheet/F&B UPI/PTM - SEPTEMBER 2025 (F&B SERVICE).xlsx,
2025-09-14 18:52:12,658.0,0.0,0.0,658.0,YESAP52582756752,2025-09-15 05:54:02,UPI,f&b,meet-recording/data_sheets_historical/mangal all data sheet/F&B UPI/PTM - SEPTEMBER 2025 (F&B SERVICE).xlsx,
2025-09-14 19:54:38,698.0,0.0,0.0,698.0,YESAP52582756752,2025-09-15 05:54:02,UPI,f&b,meet-recording/data_sheets_historical/mangal all data sheet/F&B UPI/PTM - SEPTEMBER 2025 (F&B SERVICE).xlsx,
2025-09-14 20:33:59,737.0,0.0,0.0,737.0,YESAP52582756752,2025-09-15 05:54:02,UPI,f&b,meet-recording/data_sheets_historical/mangal all data sheet/F&B UPI/PTM - SEPTEMBER 2025 (F&B SERVICE).xlsx,
2025-09-14 21:21:14,1644.0,0.0,0.0,1644.0,YESAP52582756752,2025-09-15 05:54:02,UPI,f&b,meet-recording/data_sheets_historical/mangal all data sheet/F&B UPI/PTM - SEPTEMBER 2025 (F&B SERVICE).xlsx,
2025-09-14 21:45:22,140.0,2.79,0.5,136.71,YESAP52582756752,2025-09-15 05:54:02,UPI_CREDIT_CARD,f&b,meet-recording/data_sheets_historical/mangal all data sheet/F&B UPI/PTM - SEPTEMBER 2025 (F&B SERVICE).xlsx,
2025-09-14 22:20:21,568.0,0.0,0.0,568.0,YESAP52582756752,2025-09-15 05:54:02,UPI,f&b,meet-recording/data_sheets_historical/mangal all data sheet/F&B UPI/PTM - SEPTEMBER 2025 (F&B SERVICE).xlsx,
2025-09-14 22:50:57,449.0,0.0,0.0,449.0,YESAP52582756752,2025-09-15 05:54:02,UPI,f&b,meet-recording/data_sheets_historical/mangal all data sheet/F&B UPI/PTM - SEPTEMBER 2025 (F&B SERVICE).xlsx,
2025-09-14 22:51:59,766.0,0.0,0.0,766.0,YESAP52582756752,2025-09-15 05:54:02,UPI,f&b,meet-recording/data_sheets_historical/mangal all data sheet/F&B UPI/PTM - SEPTEMBER 2025 (F&B SERVICE).xlsx,
2025-09-14 22:55:55,2370.0,47.16,8.49,2314.35,YESAP52582756752,2025-09-15 05:54:02,UPI_CREDIT_CARD,f&b,meet-recording/data_sheets_historical/mangal all data sheet/F&B UPI/PTM - SEPTEMBER 2025 (F&B SERVICE).xlsx,
2025-09-14 23:00:26,539.0,0.0,0.0,539.0,YESAP52582756752,2025-09-15 05:54:02,UPI,f&b,meet-recording/data_sheets_historical/mangal all data sheet/F&B UPI/PTM - SEPTEMBER 2025 (F&B SERVICE).xlsx,
2025-09-14 23:01:38,180.0,0.0,0.0,180.0,YESAP52582756752,2025-09-15 05:54:02,UPI,f&b,meet-recording/data_sheets_historical/mangal all data sheet/F&B UPI/PTM - SEPTEMBER 2025 (F&B SERVICE).xlsx,
2025-09-14 23:10:55,20.0,0.4,0.07,19.53,YESAP52582756752,2025-09-15 05:54:02,UPI_CREDIT_CARD,f&b,meet-recording/data_sheets_historical/mangal all data sheet/F&B UPI/PTM - SEPTEMBER 2025 (F&B SERVICE).xlsx,
,,,,,,,,f&b,meet-recording/data_sheets_historical/mangal all data sheet/F&B UPI/PTM - SEPTEMBER 2025 (F&B SERVICE).xlsx,
2025-09-15 08:32:04,40.0,0.0,0.0,40.0,YESAP52591809044,2025-09-16 04:37:28,UPI,f&b,meet-recording/data_sheets_historical/mangal all data sheet/F&B UPI/PTM - SEPTEMBER 2025 (F&B SERVICE).xlsx,
2025-09-15 08:58:29,200.0,0.0,0.0,200.0,YESAP52591809044,2025-09-16 04:37:28,UPI,f&b,meet-recording/data_sheets_historical/mangal all data sheet/F&B UPI/PTM - SEPTEMBER 2025 (F&B SERVICE).xlsx,
2025-09-15 14:58:02,1097.0,0.0,0.0,1097.0,YESAP52591809044,2025-09-16 04:37:28,UPI,f&b,meet-recording/data_sheets_historical/mangal all data sheet/F&B UPI/PTM - SEPTEMBER 2025 (F&B SERVICE).xlsx,
2025-09-15 15:40:02,280.0,5.57,1.0,273.43,YESAP52591809044,2025-09-16 04:37:28,UPI_CREDIT_CARD,f&b,meet-recording/data_sheets_historical/mangal all data sheet/F&B UPI/PTM - SEPTEMBER 2025 (F&B SERVICE).xlsx,
2025-09-15 16:05:25,60.0,0.0,0.0,60.0,YESAP52591809044,2025-09-16 04:37:28,UPI,f&b,meet-recording/data_sheets_historical/mangal all data sheet/F&B UPI/PTM - SEPTEMBER 2025 (F&B SERVICE).xlsx,
2025-09-15 16:22:48,120.0,0.0,0.0,120.0,YESAP52591809044,2025-09-16 04:37:28,UPI,f&b,meet-recording/data_sheets_historical/mangal all data sheet/F&B UPI/PTM - SEPTEMBER 2025 (F&B SERVICE).xlsx,
2025-09-15 16:46:16,907.0,0.0,0.0,907.0,YESAP52591809044,2025-09-16 04:37:28,UPI,f&b,meet-recording/data_sheets_historical/mangal all data sheet/F&B UPI/PTM - SEPTEMBER 2025 (F&B SERVICE).xlsx,
2025-09-15 20:08:50,968.0,0.0,0.0,968.0,YESAP52591809044,2025-09-16 04:37:28,UPI,f&b,meet-recording/data_sheets_historical/mangal all data sheet/F&B UPI/PTM - SEPTEMBER 2025 (F&B SERVICE).xlsx,
2025-09-15 21:15:17,717.0,0.0,0.0,717.0,YESAP52591809044,2025-09-16 04:37:28,UPI_LITE,f&b,meet-recording/data_sheets_historical/mangal all data sheet/F&B UPI/PTM - SEPTEMBER 2025 (F&B SERVICE).xlsx,
2025-09-15 21:31:27,2328.0,0.0,0.0,2328.0,YESAP52591809044,2025-09-16 04:37:28,UPI,f&b,meet-recording/data_sheets_historical/mangal all data sheet/F&B UPI/PTM - SEPTEMBER 2025 (F&B SERVICE).xlsx,
2025-09-15 21:45:49,20.0,0.4,0.07,19.53,YESAP52591809044,2025-09-16 04:37:28,UPI_CREDIT_CARD,f&b,meet-recording/data_sheets_historical/mangal all data sheet/F&B UPI/PTM - SEPTEMBER 2025 (F&B SERVICE).xlsx,
2025-09-15 21:53:46,500.0,0.0,0.0,500.0,YESAP52591809044,2025-09-16 04:37:28,UPI,f&b,meet-recording/data_sheets_historical/mangal all data sheet/F&B UPI/PTM - SEPTEMBER 2025 (F&B SERVICE).xlsx,
2025-09-15 22:18:06,179.0,3.56,0.64,174.8,YESAP52591809044,2025-09-16 04:37:28,UPI_CREDIT_CARD,f&b,meet-recording/data_sheets_historical/mangal all data sheet/F&B UPI/PTM - SEPTEMBER 2025 (F&B SERVICE).xlsx,
,,,,,,,,f&b,meet-recording/data_sheets_historical/mangal all data sheet/F&B UPI/PTM - SEPTEMBER 2025 (F&B SERVICE).xlsx,
2025-09-16 14:47:26,967.0,0.0,0.0,967.0,YESAP52602802294,2025-09-17 05:02:59,UPI,f&b,meet-recording/data_sheets_historical/mangal all data sheet/F&B UPI/PTM - SEPTEMBER 2025 (F&B SERVICE).xlsx,
2025-09-16 18:28:05,150.0,0.0,0.0,150.0,YESAP52602802294,2025-09-17 05:02:59,UPI,f&b,meet-recording/data_sheets_historical/mangal all data sheet/F&B UPI/PTM - SEPTEMBER 2025 (F&B SERVICE).xlsx,
2025-09-16 20:16:28,166.0,0.0,0.0,166.0,YESAP52602802294,2025-09-17 05:02:59,UPI,f&b,meet-recording/data_sheets_historical/mangal all data sheet/F&B UPI/PTM - SEPTEMBER 2025 (F&B SERVICE).xlsx,
2025-09-16 21:03:47,877.0,0.0,0.0,877.0,YESAP52602802294,2025-09-17 05:02:59,UPI,f&b,meet-recording/data_sheets_historical/mangal all data sheet/F&B UPI/PTM - SEPTEMBER 2025 (F&B SERVICE).xlsx,
2025-09-16 21:08:02,1117.0,0.0,0.0,1117.0,YESAP52602802294,2025-09-17 05:02:59,UPI,f&b,meet-recording/data_sheets_historical/mangal all data sheet/F&B UPI/PTM - SEPTEMBER 2025 (F&B SERVICE).xlsx,
2025-09-16 21:18:46,419.0,0.0,0.0,419.0,YESAP52602802294,2025-09-17 05:02:59,UPI,f&b,meet-recording/data_sheets_historical/mangal all data sheet/F&B UPI/PTM - SEPTEMBER 2025 (F&B SERVICE).xlsx,
2025-09-16 21:22:27,299.0,0.0,0.0,299.0,YESAP52602802294,2025-09-17 05:02:59,UPI,f&b,meet-recording/data_sheets_historical/mangal all data sheet/F&B UPI/PTM - SEPTEMBER 2025 (F&B SERVICE).xlsx,
2025-09-16 21:35:38,1046.0,0.0,0.0,1046.0,YESAP52602802294,2025-09-17 05:02:59,UPI,f&b,meet-recording/data_sheets_historical/mangal all data sheet/F&B UPI/PTM - SEPTEMBER 2025 (F&B SERVICE).xlsx,
2025-09-16 21:43:36,149.0,0.0,0.0,149.0,YESAP52602802294,2025-09-17 05:02:59,UPI,f&b,meet-recording/data_sheets_historical/mangal all data sheet/F&B UPI/PTM - SEPTEMBER 2025 (F&B SERVICE).xlsx,
2025-09-16 21:50:18,757.0,0.0,0.0,757.0,YESAP52602802294,2025-09-17 05:02:59,UPI,f&b,meet-recording/data_sheets_historical/mangal all data sheet/F&B UPI/PTM - SEPTEMBER 2025 (F&B SERVICE).xlsx,
2025-09-16 22:06:25,548.0,0.0,0.0,548.0,YESAP52602802294,2025-09-17 05:02:59,UPI,f&b,meet-recording/data_sheets_historical/mangal all data sheet/F&B UPI/PTM - SEPTEMBER 2025 (F&B SERVICE).xlsx,
2025-09-16 22:22:00,459.0,0.0,0.0,459.0,YESAP52602802294,2025-09-17 05:02:59,UPI,f&b,meet-recording/data_sheets_historical/mangal all data sheet/F&B UPI/PTM - SEPTEMBER 2025 (F&B SERVICE).xlsx,
2025-09-16 22:39:53,1615.0,0.0,0.0,1615.0,YESAP52602802294,2025-09-17 05:02:59,UPI,f&b,meet-recording/data_sheets_historical/mangal all data sheet/F&B UPI/PTM - SEPTEMBER 2025 (F&B SERVICE).xlsx,
2025-09-16 22:44:44,548.0,0.0,0.0,548.0,YESAP52602802294,2025-09-17 05:02:59,UPI,f&b,meet-recording/data_sheets_historical/mangal all data sheet/F&B UPI/PTM - SEPTEMBER 2025 (F&B SERVICE).xlsx,
,,,,,,,,f&b,meet-recording/data_sheets_historical/mangal all data sheet/F&B UPI/PTM - SEPTEMBER 2025 (F&B SERVICE).xlsx,
2025-09-17 08:33:21,400.0,0.0,0.0,400.0,YESAP52613140340,2025-09-18 07:12:46,UPI_LITE,f&b,meet-recording/data_sheets_historical/mangal all data sheet/F&B UPI/PTM - SEPTEMBER 2025 (F&B SERVICE).xlsx,
2025-09-17 10:04:56,120.0,0.0,0.0,120.0,YESAP52613140340,2025-09-18 07:12:46,UPI,f&b,meet-recording/data_sheets_historical/mangal all data sheet/F&B UPI/PTM - SEPTEMBER 2025 (F&B SERVICE).xlsx,
2025-09-17 15:58:05,120.0,0.0,0.0,120.0,YESAP52613140340,2025-09-18 07:12:46,UPI,f&b,meet-recording/data_sheets_historical/mangal all data sheet/F&B UPI/PTM - SEPTEMBER 2025 (F&B SERVICE).xlsx,
2025-09-17 21:02:51,546.0,9.23,1.66,535.11,YESAP52613140340,2025-09-18 07:12:46,CREDIT_CARD,f&b,meet-recording/data_sheets_historical/mangal all data sheet/F&B UPI/PTM - SEPTEMBER 2025 (F&B SERVICE).xlsx,
2025-09-17 21:43:11,648.0,0.0,0.0,648.0,YESAP52613140340,2025-09-18 07:12:46,UPI,f&b,meet-recording/data_sheets_historical/mangal all data sheet/F&B UPI/PTM - SEPTEMBER 2025 (F&B SERVICE).xlsx,
2025-09-17 23:08:10,1315.0,0.0,0.0,1315.0,YESAP52613140340,2025-09-18 07:12:46,UPI,f&b,meet-recording/data_sheets_historical/mangal all data sheet/F&B UPI/PTM - SEPTEMBER 2025 (F&B SERVICE).xlsx,
,,,,,,,,f&b,meet-recording/data_sheets_historical/mangal all data sheet/F&B UPI/PTM - SEPTEMBER 2025 (F&B SERVICE).xlsx,
2025-09-18 09:27:00,400.0,0.0,0.0,400.0,YESAP52622411741,2025-09-19 04:48:37,UPI,f&b,meet-recording/data_sheets_historical/mangal all data sheet/F&B UPI/PTM - SEPTEMBER 2025 (F&B SERVICE).xlsx,
2025-09-18 10:10:38,40.0,0.0,0.0,40.0,YESAP52622411741,2025-09-19 04:48:37,UPI,f&b,meet-recording/data_sheets_historical/mangal all data sheet/F&B UPI/PTM - SEPTEMBER 2025 (F&B SERVICE).xlsx,
2025-09-18 12:34:52,240.0,0.0,0.0,240.0,YESAP52622411741,2025-09-19 04:48:37,UPI,f&b,meet-recording/data_sheets_historical/mangal all data sheet/F&B UPI/PTM - SEPTEMBER 2025 (F&B SERVICE).xlsx,
2025-09-18 20:55:14,927.0,0.0,0.0,927.0,YESAP52622411741,2025-09-19 04:48:37,UPI,f&b,meet-recording/data_sheets_historical/mangal all data sheet/F&B UPI/PTM - SEPTEMBER 2025 (F&B SERVICE).xlsx,
2025-09-18 21:52:38,1012.0,0.0,0.0,1012.0,YESAP52622411741,2025-09-19 04:48:37,UPI,f&b,meet-recording/data_sheets_historical/mangal all data sheet/F&B UPI/PTM - SEPTEMBER 2025 (F&B SERVICE).xlsx,
2025-09-18 21:58:51,40.0,0.0,0.0,40.0,YESAP52622411741,2025-09-19 04:48:37,UPI,f&b,meet-recording/data_sheets_historical/mangal all data sheet/F&B UPI/PTM - SEPTEMBER 2025 (F&B SERVICE).xlsx,
2025-09-18 22:03:24,1535.0,6.14,1.11,1527.75,YESAP52622411741,2025-09-19 04:48:37,DEBIT_CARD,f&b,meet-recording/data_sheets_historical/mangal all data sheet/F&B UPI/PTM - SEPTEMBER 2025 (F&B SERVICE).xlsx,
2025-09-18 22:07:58,20.0,0.0,0.0,20.0,YESAP52622411741,2025-09-19 04:48:37,UPI,f&b,meet-recording/data_sheets_historical/mangal all data sheet/F&B UPI/PTM - SEPTEMBER 2025 (F&B SERVICE).xlsx,
2025-09-18 22:22:28,1000.0,0.0,0.0,1000.0,YESAP52622411741,2025-09-19 04:48:37,UPI,f&b,meet-recording/data_sheets_historical/mangal all data sheet/F&B UPI/PTM - SEPTEMBER 2025 (F&B SERVICE).xlsx,
2025-09-18 22:51:29,1266.0,0.0,0.0,1266.0,YESAP52622411741,2025-09-19 04:48:37,UPI,f&b,meet-recording/data_sheets_historical/mangal all data sheet/F&B UPI/PTM - SEPTEMBER 2025 (F&B SERVICE).xlsx,
,,,,,,,,f&b,meet-recording/data_sheets_historical/mangal all data sheet/F&B UPI/PTM - SEPTEMBER 2025 (F&B SERVICE).xlsx,
2025-09-19 08:36:02,400.0,0.0,0.0,400.0,YESAP52632684907,2025-09-20 05:33:04,UPI,f&b,meet-recording/data_sheets_historical/mangal all data sheet/F&B UPI/PTM - SEPTEMBER 2025 (F&B SERVICE).xlsx,
2025-09-19 08:37:23,1000.0,0.0,0.0,1000.0,YESAP52632684907,2025-09-20 05:33:04,UPI,f&b,meet-recording/data_sheets_historical/mangal all data sheet/F&B UPI/PTM - SEPTEMBER 2025 (F&B SERVICE).xlsx,
2025-09-19 09:38:40,80.0,0.0,0.0,80.0,YESAP52632684907,2025-09-20 05:33:04,UPI,f&b,meet-recording/data_sheets_historical/mangal all data sheet/F&B UPI/PTM - SEPTEMBER 2025 (F&B SERVICE).xlsx,
2025-09-19 14:55:31,638.0,0.0,0.0,638.0,YESAP52632684907,2025-09-20 05:33:04,UPI,f&b,meet-recording/data_sheets_historical/mangal all data sheet/F&B UPI/PTM - SEPTEMBER 2025 (F&B SERVICE).xlsx,
2025-09-19 16:28:19,120.0,0.0,0.0,120.0,YESAP52632684907,2025-09-20 05:33:04,UPI,f&b,meet-recording/data_sheets_historical/mangal all data sheet/F&B UPI/PTM - SEPTEMBER 2025 (F&B SERVICE).xlsx,
2025-09-19 17:19:10,20.0,0.0,0.0,20.0,YESAP52632684907,2025-09-20 05:33:04,UPI,f&b,meet-recording/data_sheets_historical/mangal all data sheet/F&B UPI/PTM - SEPTEMBER 2025 (F&B SERVICE).xlsx,
2025-09-19 21:05:32,1574.0,0.0,0.0,1574.0,YESAP52632684907,2025-09-20 05:33:04,UPI,f&b,meet-recording/data_sheets_historical/mangal all data sheet/F&B UPI/PTM - SEPTEMBER 2025 (F&B SERVICE).xlsx,
2025-09-19 21:08:46,1075.0,0.0,0.0,1075.0,YESAP52632684907,2025-09-20 05:33:04,UPI,f&b,meet-recording/data_sheets_historical/mangal all data sheet/F&B UPI/PTM - SEPTEMBER 2025 (F&B SERVICE).xlsx,
2025-09-19 21:20:35,60.0,0.0,0.0,60.0,YESAP52632684907,2025-09-20 05:33:04,UPI,f&b,meet-recording/data_sheets_historical/mangal all data sheet/F&B UPI/PTM - SEPTEMBER 2025 (F&B SERVICE).xlsx,
2025-09-19 21:20:42,90.0,0.0,0.0,90.0,YESAP52632684907,2025-09-20 05:33:04,UPI,f&b,meet-recording/data_sheets_historical/mangal all data sheet/F&B UPI/PTM - SEPTEMBER 2025 (F&B SERVICE).xlsx,
2025-09-19 21:45:15,660.0,0.0,0.0,660.0,YESAP52632684907,2025-09-20 05:33:04,UPI,f&b,meet-recording/data_sheets_historical/mangal all data sheet/F&B UPI/PTM - SEPTEMBER 2025 (F&B SERVICE).xlsx,
2025-09-19 22:27:43,718.0,0.0,0.0,718.0,YESAP52632684907,2025-09-20 05:33:04,UPI,f&b,meet-recording/data_sheets_historical/mangal all data sheet/F&B UPI/PTM - SEPTEMBER 2025 (F&B SERVICE).xlsx,
2025-09-19 22:41:32,558.0,0.0,0.0,558.0,YESAP52632684907,2025-09-20 05:33:04,UPI,f&b,meet-recording/data_sheets_historical/mangal all data sheet/F&B UPI/PTM - SEPTEMBER 2025 (F&B SERVICE).xlsx,
2025-09-19 22:47:20,1072.0,0.0,0.0,1072.0,YESAP52632684907,2025-09-20 05:33:04,UPI,f&b,meet-recording/data_sheets_historical/mangal all data sheet/F&B UPI/PTM - SEPTEMBER 2025 (F&B SERVICE).xlsx,
2025-09-19 22:49:08,1972.0,0.0,0.0,1972.0,YESAP52632684907,2025-09-20 05:33:04,UPI,f&b,meet-recording/data_sheets_historical/mangal all data sheet/F&B UPI/PTM - SEPTEMBER 2025 (F&B SERVICE).xlsx,
2025-09-19 23:02:14,838.0,0.0,0.0,838.0,YESAP52632684907,2025-09-20 05:33:04,UPI,f&b,meet-recording/data_sheets_historical/mangal all data sheet/F&B UPI/PTM - SEPTEMBER 2025 (F&B SERVICE).xlsx,
2025-09-19 23:04:39,618.0,0.0,0.0,618.0,YESAP52632684907,2025-09-20 05:33:04,UPI,f&b,meet-recording/data_sheets_historical/mangal all data sheet/F&B UPI/PTM - SEPTEMBER 2025 (F&B SERVICE).xlsx,
,,,,,,,,f&b,meet-recording/data_sheets_historical/mangal all data sheet/F&B UPI/PTM - SEPTEMBER 2025 (F&B SERVICE).xlsx,
2025-09-20 08:30:40,400.0,0.0,0.0,400.0,YESAP52644606728,2025-09-21 08:27:15,UPI,f&b,meet-recording/data_sheets_historical/mangal all data sheet/F&B UPI/PTM - SEPTEMBER 2025 (F&B SERVICE).xlsx,
2025-09-20 09:01:44,20.0,0.0,0.0,20.0,YESAP52644606728,2025-09-21 08:27:15,UPI,f&b,meet-recording/data_sheets_historical/mangal all data sheet/F&B UPI/PTM - SEPTEMBER 2025 (F&B SERVICE).xlsx,
2025-09-20 09:43:45,600.0,0.0,0.0,600.0,YESAP52644606728,2025-09-21 08:27:15,UPI,f&b,meet-recording/data_sheets_historical/mangal all data sheet/F&B UPI/PTM - SEPTEMBER 2025 (F&B SERVICE).xlsx,
2025-09-20 10:20:31,198.0,3.94,0.71,193.35,YESAP52644606728,2025-09-21 08:27:15,UPI_CREDIT_CARD,f&b,meet-recording/data_sheets_historical/mangal all data sheet/F&B UPI/PTM - SEPTEMBER 2025 (F&B SERVICE).xlsx,
2025-09-20 13:11:23,509.0,0.0,0.0,509.0,YESAP52644606728,2025-09-21 08:27:15,UPI,f&b,meet-recording/data_sheets_historical/mangal all data sheet/F&B UPI/PTM - SEPTEMBER 2025 (F&B SERVICE).xlsx,
2025-09-20 14:51:21,40.0,0.8,0.14,39.06,YESAP52644606728,2025-09-21 08:27:15,UPI_CREDIT_CARD,f&b,meet-recording/data_sheets_historical/mangal all data sheet/F&B UPI/PTM - SEPTEMBER 2025 (F&B SERVICE).xlsx,
2025-09-20 14:55:47,549.0,0.0,0.0,549.0,YESAP52644606728,2025-09-21 08:27:15,UPI,f&b,meet-recording/data_sheets_historical/mangal all data sheet/F&B UPI/PTM - SEPTEMBER 2025 (F&B SERVICE).xlsx,
2025-09-20 15:22:12,469.0,0.0,0.0,469.0,YESAP52644606728,2025-09-21 08:27:15,UPI,f&b,meet-recording/data_sheets_historical/mangal all data sheet/F&B UPI/PTM - SEPTEMBER 2025 (F&B SERVICE).xlsx,
2025-09-20 17:31:32,309.0,0.0,0.0,309.0,YESAP52644606728,2025-09-21 08:27:15,UPI,f&b,meet-recording/data_sheets_historical/mangal all data sheet/F&B UPI/PTM - SEPTEMBER 2025 (F&B SERVICE).xlsx,
2025-09-20 20:01:08,1431.0,24.18,4.35,1402.47,YESAP52644606728,2025-09-21 08:27:15,CREDIT_CARD,f&b,meet-recording/data_sheets_historical/mangal all data sheet/F&B UPI/PTM - SEPTEMBER 2025 (F&B SERVICE).xlsx,
2025-09-20 20:01:37,20.0,0.0,0.0,20.0,YESAP52644606728,2025-09-21 08:27:15,UPI,f&b,meet-recording/data_sheets_historical/mangal all data sheet/F&B UPI/PTM - SEPTEMBER 2025 (F&B SERVICE).xlsx,
2025-09-20 20:27:34,373.0,6.3,1.13,365.57,YESAP52644606728,2025-09-21 08:27:15,CREDIT_CARD,f&b,meet-recording/data_sheets_historical/mangal all data sheet/F&B UPI/PTM - SEPTEMBER 2025 (F&B SERVICE).xlsx,
2025-09-20 21:08:56,1556.0,0.0,0.0,1556.0,YESAP52644606728,2025-09-21 08:27:15,UPI,f&b,meet-recording/data_sheets_historical/mangal all data sheet/F&B UPI/PTM - SEPTEMBER 2025 (F&B SERVICE).xlsx,
2025-09-20 21:45:25,2344.0,0.0,0.0,2344.0,YESAP52644606728,2025-09-21 08:27:15,UPI,f&b,meet-recording/data_sheets_historical/mangal all data sheet/F&B UPI/PTM - SEPTEMBER 2025 (F&B SERVICE).xlsx,
2025-09-20 21:47:35,763.0,0.0,0.0,763.0,YESAP52644606728,2025-09-21 08:27:15,UPI,f&b,meet-recording/data_sheets_historical/mangal all data sheet/F&B UPI/PTM - SEPTEMBER 2025 (F&B SERVICE).xlsx,
2025-09-20 22:07:28,2969.0,0.0,0.0,2969.0,YESAP52644606728,2025-09-21 08:27:15,UPI,f&b,meet-recording/data_sheets_historical/mangal all data sheet/F&B UPI/PTM - SEPTEMBER 2025 (F&B SERVICE).xlsx,
2025-09-20 22:08:18,1437.0,28.6,5.15,1403.25,YESAP52644606728,2025-09-21 08:27:15,UPI_CREDIT_CARD,f&b,meet-recording/data_sheets_historical/mangal all data sheet/F&B UPI/PTM - SEPTEMBER 2025 (F&B SERVICE).xlsx,
2025-09-20 22:27:13,898.0,0.0,0.0,898.0,YESAP52644606728,2025-09-21 08:27:15,UPI,f&b,meet-recording/data_sheets_historical/mangal all data sheet/F&B UPI/PTM - SEPTEMBER 2025 (F&B SERVICE).xlsx,
2025-09-20 22:32:17,360.0,7.16,1.29,351.55,YESAP52644606728,2025-09-21 08:27:15,UPI_CREDIT_CARD,f&b,meet-recording/data_sheets_historical/mangal all data sheet/F&B UPI/PTM - SEPTEMBER 2025 (F&B SERVICE).xlsx,
2025-09-20 23:01:47,862.0,0.0,0.0,862.0,YESAP52644606728,2025-09-21 08:27:15,UPI,f&b,meet-recording/data_sheets_historical/mangal all data sheet/F&B UPI/PTM - SEPTEMBER 2025 (F&B SERVICE).xlsx,
,,,,,,,,f&b,meet-recording/data_sheets_historical/mangal all data sheet/F&B UPI/PTM - SEPTEMBER 2025 (F&B SERVICE).xlsx,
2025-09-21 09:20:21,400.0,0.0,0.0,400.0,YESAP52652381192,2025-09-22 04:56:15,UPI,f&b,meet-recording/data_sheets_historical/mangal all data sheet/F&B UPI/PTM - SEPTEMBER 2025 (F&B SERVICE).xlsx,
2025-09-21 10:27:08,40.0,0.0,0.0,40.0,YESAP52652381192,2025-09-22 04:56:15,UPI,f&b,meet-recording/data_sheets_historical/mangal all data sheet/F&B UPI/PTM - SEPTEMBER 2025 (F&B SERVICE).xlsx,
2025-09-21 12:54:07,120.0,0.0,0.0,120.0,YESAP52652381192,2025-09-22 04:56:15,UPI,f&b,meet-recording/data_sheets_historical/mangal all data sheet/F&B UPI/PTM - SEPTEMBER 2025 (F&B SERVICE).xlsx,
2025-09-21 14:29:27,763.0,0.0,0.0,763.0,YESAP52652381192,2025-09-22 04:56:15,UPI,f&b,meet-recording/data_sheets_historical/mangal all data sheet/F&B UPI/PTM - SEPTEMBER 2025 (F&B SERVICE).xlsx,
2025-09-21 14:34:26,1076.0,0.0,0.0,1076.0,YESAP52652381192,2025-09-22 04:56:15,UPI,f&b,meet-recording/data_sheets_historical/mangal all data sheet/F&B UPI/PTM - SEPTEMBER 2025 (F&B SERVICE).xlsx,
2025-09-21 14:40:35,1212.0,0.0,0.0,1212.0,YESAP52652381192,2025-09-22 04:56:15,UPI,f&b,meet-recording/data_sheets_historical/mangal all data sheet/F&B UPI/PTM - SEPTEMBER 2025 (F&B SERVICE).xlsx,
2025-09-21 16:20:18,349.0,0.0,0.0,349.0,YESAP52652381192,2025-09-22 04:56:15,UPI,f&b,meet-recording/data_sheets_historical/mangal all data sheet/F&B UPI/PTM - SEPTEMBER 2025 (F&B SERVICE).xlsx,
2025-09-21 17:11:15,981.0,0.0,0.0,981.0,YESAP52652381192,2025-09-22 04:56:15,UPI,f&b,meet-recording/data_sheets_historical/mangal all data sheet/F&B UPI/PTM - SEPTEMBER 2025 (F&B SERVICE).xlsx,
2025-09-21 17:29:23,60.0,0.0,0.0,60.0,YESAP52652381192,2025-09-22 04:56:15,UPI,f&b,meet-recording/data_sheets_historical/mangal all data sheet/F&B UPI/PTM - SEPTEMBER 2025 (F&B SERVICE).xlsx,
2025-09-21 20:44:12,928.0,0.0,0.0,928.0,YESAP52652381192,2025-09-22 04:56:15,UPI,f&b,meet-recording/data_sheets_historical/mangal all data sheet/F&B UPI/PTM - SEPTEMBER 2025 (F&B SERVICE).xlsx,
2025-09-21 21:03:11,233.0,0.0,0.0,233.0,YESAP52652381192,2025-09-22 04:56:15,UPI,f&b,meet-recording/data_sheets_historical/mangal all data sheet/F&B UPI/PTM - SEPTEMBER 2025 (F&B SERVICE).xlsx,
2025-09-21 21:20:21,614.0,0.0,0.0,614.0,YESAP52652381192,2025-09-22 04:56:15,UPI,f&b,meet-recording/data_sheets_historical/mangal all data sheet/F&B UPI/PTM - SEPTEMBER 2025 (F&B SERVICE).xlsx,
2025-09-21 21:31:55,896.0,15.14,2.73,878.13,YESAP52652381192,2025-09-22 04:56:15,CREDIT_CARD,f&b,meet-recording/data_sheets_historical/mangal all data sheet/F&B UPI/PTM - SEPTEMBER 2025 (F&B SERVICE).xlsx,
2025-09-21 21:55:25,349.0,0.0,0.0,349.0,YESAP52652381192,2025-09-22 04:56:15,UPI,f&b,meet-recording/data_sheets_historical/mangal all data sheet/F&B UPI/PTM - SEPTEMBER 2025 (F&B SERVICE).xlsx,
2025-09-21 22:02:08,3977.0,0.0,0.0,3977.0,YESAP52652381192,2025-09-22 04:56:15,UPI,f&b,meet-recording/data_sheets_historical/mangal all data sheet/F&B UPI/PTM - SEPTEMBER 2025 (F&B SERVICE).xlsx,
2025-09-21 22:03:15,1376.0,27.38,4.93,1343.69,YESAP52652381192,2025-09-22 04:56:15,UPI_CREDIT_CARD,f&b,meet-recording/data_sheets_historical/mangal all data sheet/F&B UPI/PTM - SEPTEMBER 2025 (F&B SERVICE).xlsx,
2025-09-21 22:07:36,89.0,0.0,0.0,89.0,YESAP52652381192,2025-09-22 04:56:15,UPI,f&b,meet-recording/data_sheets_historical/mangal all data sheet/F&B UPI/PTM - SEPTEMBER 2025 (F&B SERVICE).xlsx,
2025-09-21 22:45:43,70.0,0.0,0.0,70.0,YESAP52652381192,2025-09-22 04:56:15,UPI,f&b,meet-recording/data_sheets_historical/mangal all data sheet/F&B UPI/PTM - SEPTEMBER 2025 (F&B SERVICE).xlsx,
2025-09-21 22:49:08,60.0,0.0,0.0,60.0,YESAP52652381192,2025-09-22 04:56:15,UPI,f&b,meet-recording/data_sheets_historical/mangal all data sheet/F&B UPI/PTM - SEPTEMBER 2025 (F&B SERVICE).xlsx,
2025-09-21 22:49:58,862.0,0.0,0.0,862.0,YESAP52652381192,2025-09-22 04:56:15,UPI,f&b,meet-recording/data_sheets_historical/mangal all data sheet/F&B UPI/PTM - SEPTEMBER 2025 (F&B SERVICE).xlsx,
,,,,,,,,f&b,meet-recording/data_sheets_historical/mangal all data sheet/F&B UPI/PTM - SEPTEMBER 2025 (F&B SERVICE).xlsx,
2025-09-22 11:38:28,149.0,0.0,0.0,149.0,YESAP52664885430,2025-09-23 06:32:37,UPI,f&b,meet-recording/data_sheets_historical/mangal all data sheet/F&B UPI/PTM - SEPTEMBER 2025 (F&B SERVICE).xlsx,
2025-09-22 12:36:14,120.0,0.0,0.0,120.0,YESAP52664885430,2025-09-23 06:32:37,UPI,f&b,meet-recording/data_sheets_historical/mangal all data sheet/F&B UPI/PTM - SEPTEMBER 2025 (F&B SERVICE).xlsx,
2025-09-22 14:19:46,549.0,0.0,0.0,549.0,YESAP52664885430,2025-09-23 06:32:37,UPI,f&b,meet-recording/data_sheets_historical/mangal all data sheet/F&B UPI/PTM - SEPTEMBER 2025 (F&B SERVICE).xlsx,
2025-09-22 18:31:22,249.0,0.0,0.0,249.0,YESAP52664885430,2025-09-23 06:32:37,UPI,f&b,meet-recording/data_sheets_historical/mangal all data sheet/F&B UPI/PTM - SEPTEMBER 2025 (F&B SERVICE).xlsx,
2025-09-22 20:19:12,369.0,0.0,0.0,369.0,YESAP52664885430,2025-09-23 06:32:37,UPI,f&b,meet-recording/data_sheets_historical/mangal all data sheet/F&B UPI/PTM - SEPTEMBER 2025 (F&B SERVICE).xlsx,
2025-09-22 20:45:03,1345.0,0.0,0.0,1345.0,YESAP52664885430,2025-09-23 06:32:37,UPI,f&b,meet-recording/data_sheets_historical/mangal all data sheet/F&B UPI/PTM - SEPTEMBER 2025 (F&B SERVICE).xlsx,
2025-09-22 20:46:10,767.0,12.96,2.33,751.71,YESAP52664885430,2025-09-23 06:32:37,CREDIT_CARD,f&b,meet-recording/data_sheets_historical/mangal all data sheet/F&B UPI/PTM - SEPTEMBER 2025 (F&B SERVICE).xlsx,
2025-09-22 20:53:22,2483.0,0.0,0.0,2483.0,YESAP52664885430,2025-09-23 06:32:37,UPI,f&b,meet-recording/data_sheets_historical/mangal all data sheet/F&B UPI/PTM - SEPTEMBER 2025 (F&B SERVICE).xlsx,
2025-09-22 21:23:24,1177.0,23.42,4.22,1149.36,YESAP52664885430,2025-09-23 06:32:37,UPI_CREDIT_CARD,f&b,meet-recording/data_sheets_historical/mangal all data sheet/F&B UPI/PTM - SEPTEMBER 2025 (F&B SERVICE).xlsx,
2025-09-22 21:43:05,578.0,0.0,0.0,578.0,YESAP52664885430,2025-09-23 06:32:37,UPI,f&b,meet-recording/data_sheets_historical/mangal all data sheet/F&B UPI/PTM - SEPTEMBER 2025 (F&B SERVICE).xlsx,
2025-09-22 21:51:17,1027.0,0.0,0.0,1027.0,YESAP52664885430,2025-09-23 06:32:37,UPI,f&b,meet-recording/data_sheets_historical/mangal all data sheet/F&B UPI/PTM - SEPTEMBER 2025 (F&B SERVICE).xlsx,
2025-09-22 21:56:34,2074.0,41.27,7.43,2025.3,YESAP52664885430,2025-09-23 06:32:37,UPI_CREDIT_CARD,f&b,meet-recording/data_sheets_historical/mangal all data sheet/F&B UPI/PTM - SEPTEMBER 2025 (F&B SERVICE).xlsx,
2025-09-22 22:08:41,469.0,0.0,0.0,469.0,YESAP52664885430,2025-09-23 06:32:37,UPI,f&b,meet-recording/data_sheets_historical/mangal all data sheet/F&B UPI/PTM - SEPTEMBER 2025 (F&B SERVICE).xlsx,
2025-09-22 22:54:10,1147.0,0.0,0.0,1147.0,YESAP52664885430,2025-09-23 06:32:37,UPI,f&b,meet-recording/data_sheets_historical/mangal all data sheet/F&B UPI/PTM - SEPTEMBER 2025 (F&B SERVICE).xlsx,
,,,,,,,,f&b,meet-recording/data_sheets_historical/mangal all data sheet/F&B UPI/PTM - SEPTEMBER 2025 (F&B SERVICE).xlsx,
2025-09-23 21:10:25,2391.0,0.0,0.0,2391.0,YESAP52672854157,2025-09-24 05:31:34,UPI,f&b,meet-recording/data_sheets_historical/mangal all data sheet/F&B UPI/PTM - SEPTEMBER 2025 (F&B SERVICE).xlsx,
2025-09-23 21:32:41,646.0,0.0,0.0,646.0,YESAP52672854157,2025-09-24 05:31:34,UPI,f&b,meet-recording/data_sheets_historical/mangal all data sheet/F&B UPI/PTM - SEPTEMBER 2025 (F&B SERVICE).xlsx,
,,,,,,,,f&b,meet-recording/data_sheets_historical/mangal all data sheet/F&B UPI/PTM - SEPTEMBER 2025 (F&B SERVICE).xlsx,
2025-09-24 14:40:27,40.0,0.0,0.0,40.0,YESAP52682603406,2025-09-25 05:36:34,UPI,f&b,meet-recording/data_sheets_historical/mangal all data sheet/F&B UPI/PTM - SEPTEMBER 2025 (F&B SERVICE).xlsx,
2025-09-24 15:07:39,159.0,0.0,0.0,159.0,YESAP52682603406,2025-09-25 05:36:34,UPI,f&b,meet-recording/data_sheets_historical/mangal all data sheet/F&B UPI/PTM - SEPTEMBER 2025 (F&B SERVICE).xlsx,
2025-09-24 18:28:17,708.0,0.0,0.0,708.0,YESAP52682603406,2025-09-25 05:36:34,UPI,f&b,meet-recording/data_sheets_historical/mangal all data sheet/F&B UPI/PTM - SEPTEMBER 2025 (F&B SERVICE).xlsx,
2025-09-24 21:12:52,1175.0,0.0,0.0,1175.0,YESAP52682603406,2025-09-25 05:36:34,UPI,f&b,meet-recording/data_sheets_historical/mangal all data sheet/F&B UPI/PTM - SEPTEMBER 2025 (F&B SERVICE).xlsx,
2025-09-24 21:28:36,626.0,14.09,2.54,609.37,YESAP52682603406,2025-09-25 05:36:34,UPI_CREDIT_CARD,f&b,meet-recording/data_sheets_historical/mangal all data sheet/F&B UPI/PTM - SEPTEMBER 2025 (F&B SERVICE).xlsx,
2025-09-24 21:35:31,524.0,0.0,0.0,524.0,YESAP52682603406,2025-09-25 05:36:34,UPI,f&b,meet-recording/data_sheets_historical/mangal all data sheet/F&B UPI/PTM - SEPTEMBER 2025 (F&B SERVICE).xlsx,
2025-09-24 21:43:53,646.0,0.0,0.0,646.0,YESAP52682603406,2025-09-25 05:36:34,UPI,f&b,meet-recording/data_sheets_historical/mangal all data sheet/F&B UPI/PTM - SEPTEMBER 2025 (F&B SERVICE).xlsx,
2025-09-24 22:06:40,40.0,0.0,0.0,40.0,YESAP52682603406,2025-09-25 05:36:34,UPI,f&b,meet-recording/data_sheets_historical/mangal all data sheet/F&B UPI/PTM - SEPTEMBER 2025 (F&B SERVICE).xlsx,
2025-09-24 22:11:22,349.0,0.0,0.0,349.0,YESAP52682603406,2025-09-25 05:36:34,UPI,f&b,meet-recording/data_sheets_historical/mangal all data sheet/F&B UPI/PTM - SEPTEMBER 2025 (F&B SERVICE).xlsx,
2025-09-24 22:39:35,1375.0,0.0,0.0,1375.0,YESAP52682603406,2025-09-25 05:36:34,UPI,f&b,meet-recording/data_sheets_historical/mangal all data sheet/F&B UPI/PTM - SEPTEMBER 2025 (F&B SERVICE).xlsx,
,,,,,,,,f&b,meet-recording/data_sheets_historical/mangal all data sheet/F&B UPI/PTM - SEPTEMBER 2025 (F&B SERVICE).xlsx,
2025-09-25 14:56:24,574.0,0.0,0.0,574.0,YESAP52693409547,2025-09-26 06:37:15,UPI,f&b,meet-recording/data_sheets_historical/mangal all data sheet/F&B UPI/PTM - SEPTEMBER 2025 (F&B SERVICE).xlsx,
2025-09-25 15:02:18,20.0,0.0,0.0,20.0,YESAP52693409547,2025-09-26 06:37:15,UPI,f&b,meet-recording/data_sheets_historical/mangal all data sheet/F&B UPI/PTM - SEPTEMBER 2025 (F&B SERVICE).xlsx,
2025-09-25 18:51:49,1908.0,32.25,5.81,1869.94,YESAP52693409547,2025-09-26 06:37:15,CREDIT_CARD,f&b,meet-recording/data_sheets_historical/mangal all data sheet/F&B UPI/PTM - SEPTEMBER 2025 (F&B SERVICE).xlsx,
2025-09-25 21:13:52,419.0,0.0,0.0,419.0,YESAP52693409547,2025-09-26 06:37:15,UPI,f&b,meet-recording/data_sheets_historical/mangal all data sheet/F&B UPI/PTM - SEPTEMBER 2025 (F&B SERVICE).xlsx,
2025-09-25 22:11:22,1216.0,20.55,3.7,1191.75,YESAP52693409547,2025-09-26 06:37:15,CREDIT_CARD,f&b,meet-recording/data_sheets_historical/mangal all data sheet/F&B UPI/PTM - SEPTEMBER 2025 (F&B SERVICE).xlsx,
2025-09-25 22:50:28,937.0,0.0,0.0,937.0,YESAP52693409547,2025-09-26 06:37:15,UPI,f&b,meet-recording/data_sheets_historical/mangal all data sheet/F&B UPI/PTM - SEPTEMBER 2025 (F&B SERVICE).xlsx,
,,,,,,,,f&b,meet-recording/data_sheets_historical/mangal all data sheet/F&B UPI/PTM - SEPTEMBER 2025 (F&B SERVICE).xlsx,
2025-09-26 11:58:24,298.0,0.0,0.0,298.0,YESAP52703961559,2025-09-27 08:15:57,UPI,f&b,meet-recording/data_sheets_historical/mangal all data sheet/F&B UPI/PTM - SEPTEMBER 2025 (F&B SERVICE).xlsx,
2025-09-26 12:08:42,60.0,0.0,0.0,60.0,YESAP52703961559,2025-09-27 08:15:57,UPI,f&b,meet-recording/data_sheets_historical/mangal all data sheet/F&B UPI/PTM - SEPTEMBER 2025 (F&B SERVICE).xlsx,
2025-09-26 13:05:23,758.0,0.0,0.0,758.0,YESAP52703961559,2025-09-27 08:15:57,UPI,f&b,meet-recording/data_sheets_historical/mangal all data sheet/F&B UPI/PTM - SEPTEMBER 2025 (F&B SERVICE).xlsx,
2025-09-26 16:47:28,60.0,0.0,0.0,60.0,YESAP52703961559,2025-09-27 08:15:57,UPI,f&b,meet-recording/data_sheets_historical/mangal all data sheet/F&B UPI/PTM - SEPTEMBER 2025 (F&B SERVICE).xlsx,
2025-09-26 20:03:22,1086.0,0.0,0.0,1086.0,YESAP52703961559,2025-09-27 08:15:57,UPI,f&b,meet-recording/data_sheets_historical/mangal all data sheet/F&B UPI/PTM - SEPTEMBER 2025 (F&B SERVICE).xlsx,
2025-09-26 20:34:14,1426.0,0.0,0.0,1426.0,YESAP52703961559,2025-09-27 08:15:57,UPI,f&b,meet-recording/data_sheets_historical/mangal all data sheet/F&B UPI/PTM - SEPTEMBER 2025 (F&B SERVICE).xlsx,
2025-09-26 22:09:46,160.0,0.0,0.0,160.0,YESAP52703961559,2025-09-27 08:15:57,UPI,f&b,meet-recording/data_sheets_historical/mangal all data sheet/F&B UPI/PTM - SEPTEMBER 2025 (F&B SERVICE).xlsx,
2025-09-26 22:30:07,539.0,12.13,2.18,524.69,YESAP52703961559,2025-09-27 08:15:57,UPI_CREDIT_CARD,f&b,meet-recording/data_sheets_historical/mangal all data sheet/F&B UPI/PTM - SEPTEMBER 2025 (F&B SERVICE).xlsx,
,,,,,,,,f&b,meet-recording/data_sheets_historical/mangal all data sheet/F&B UPI/PTM - SEPTEMBER 2025 (F&B SERVICE).xlsx,
2025-09-27 18:46:49,1062.0,0.0,0.0,1062.0,YESAP52714160734,2025-09-28 07:32:44,UPI,f&b,meet-recording/data_sheets_historical/mangal all data sheet/F&B UPI/PTM - SEPTEMBER 2025 (F&B SERVICE).xlsx,
2025-09-27 21:25:15,786.0,0.0,0.0,786.0,YESAP52714160734,2025-09-28 07:32:44,UPI,f&b,meet-recording/data_sheets_historical/mangal all data sheet/F&B UPI/PTM - SEPTEMBER 2025 (F&B SERVICE).xlsx,
2025-09-27 21:52:31,558.0,0.0,0.0,558.0,YESAP52714160734,2025-09-28 07:32:44,UPI,f&b,meet-recording/data_sheets_historical/mangal all data sheet/F&B UPI/PTM - SEPTEMBER 2025 (F&B SERVICE).xlsx,
2025-09-27 22:13:34,718.0,0.0,0.0,718.0,YESAP52714160734,2025-09-28 07:32:44,UPI,f&b,meet-recording/data_sheets_historical/mangal all data sheet/F&B UPI/PTM - SEPTEMBER 2025 (F&B SERVICE).xlsx,
2025-09-27 22:59:55,1165.0,26.21,4.72,1134.07,YESAP52714160734,2025-09-28 07:32:44,UPI_CREDIT_CARD,f&b,meet-recording/data_sheets_historical/mangal all data sheet/F&B UPI/PTM - SEPTEMBER 2025 (F&B SERVICE).xlsx,
2025-09-27 23:02:05,643.0,14.47,2.6,625.93,YESAP52714160734,2025-09-28 07:32:44,UPI_CREDIT_CARD,f&b,meet-recording/data_sheets_historical/mangal all data sheet/F&B UPI/PTM - SEPTEMBER 2025 (F&B SERVICE).xlsx,
2025-09-27 23:06:09,1200.0,0.0,0.0,1200.0,YESAP52714160734,2025-09-28 07:32:44,UPI,f&b,meet-recording/data_sheets_historical/mangal all data sheet/F&B UPI/PTM - SEPTEMBER 2025 (F&B SERVICE).xlsx,
,,,,,,,,f&b,meet-recording/data_sheets_historical/mangal all data sheet/F&B UPI/PTM - SEPTEMBER 2025 (F&B SERVICE).xlsx,
2025-09-28 12:18:53,140.0,0.0,0.0,140.0,YESAP52722115807,2025-09-29 05:28:44,UPI,f&b,meet-recording/data_sheets_historical/mangal all data sheet/F&B UPI/PTM - SEPTEMBER 2025 (F&B SERVICE).xlsx,
2025-09-28 12:20:18,194.0,0.0,0.0,194.0,YESAP52722115807,2025-09-29 05:28:44,UPI,f&b,meet-recording/data_sheets_historical/mangal all data sheet/F&B UPI/PTM - SEPTEMBER 2025 (F&B SERVICE).xlsx,
2025-09-28 14:01:43,349.0,0.0,0.0,349.0,YESAP52722115807,2025-09-29 05:28:44,UPI,f&b,meet-recording/data_sheets_historical/mangal all data sheet/F&B UPI/PTM - SEPTEMBER 2025 (F&B SERVICE).xlsx,
2025-09-28 14:28:43,349.0,0.0,0.0,349.0,YESAP52722115807,2025-09-29 05:28:44,UPI,f&b,meet-recording/data_sheets_historical/mangal all data sheet/F&B UPI/PTM - SEPTEMBER 2025 (F&B SERVICE).xlsx,
2025-09-28 15:45:28,594.0,0.0,0.0,594.0,YESAP52722115807,2025-09-29 05:28:44,UPI,f&b,meet-recording/data_sheets_historical/mangal all data sheet/F&B UPI/PTM - SEPTEMBER 2025 (F&B SERVICE).xlsx,
2025-09-28 16:09:36,370.0,0.0,0.0,370.0,YESAP52722115807,2025-09-29 05:28:44,UPI,f&b,meet-recording/data_sheets_historical/mangal all data sheet/F&B UPI/PTM - SEPTEMBER 2025 (F&B SERVICE).xlsx,
2025-09-28 19:33:00,80.0,0.0,0.0,80.0,YESAP52722115807,2025-09-29 05:28:44,UPI,f&b,meet-recording/data_sheets_historical/mangal all data sheet/F&B UPI/PTM - SEPTEMBER 2025 (F&B SERVICE).xlsx,
2025-09-28 20:40:51,1476.0,0.0,0.0,1476.0,YESAP52722115807,2025-09-29 05:28:44,UPI,f&b,meet-recording/data_sheets_historical/mangal all data sheet/F&B UPI/PTM - SEPTEMBER 2025 (F&B SERVICE).xlsx,
2025-09-28 20:49:00,1199.0,0.0,0.0,1199.0,YESAP52722115807,2025-09-29 05:28:44,UPI,f&b,meet-recording/data_sheets_historical/mangal all data sheet/F&B UPI/PTM - SEPTEMBER 2025 (F&B SERVICE).xlsx,
2025-09-28 20:52:10,598.0,0.0,0.0,598.0,YESAP52722115807,2025-09-29 05:28:44,UPI,f&b,meet-recording/data_sheets_historical/mangal all data sheet/F&B UPI/PTM - SEPTEMBER 2025 (F&B SERVICE).xlsx,
2025-09-28 20:56:34,762.0,12.88,2.32,746.8,YESAP52722115807,2025-09-29 05:28:44,CREDIT_CARD,f&b,meet-recording/data_sheets_historical/mangal all data sheet/F&B UPI/PTM - SEPTEMBER 2025 (F&B SERVICE).xlsx,
2025-09-28 21:01:02,1326.0,0.0,0.0,1326.0,YESAP52722115807,2025-09-29 05:28:44,UPI,f&b,meet-recording/data_sheets_historical/mangal all data sheet/F&B UPI/PTM - SEPTEMBER 2025 (F&B SERVICE).xlsx,
2025-09-28 21:21:32,20.0,0.0,0.0,20.0,YESAP52722115807,2025-09-29 05:28:44,UPI,f&b,meet-recording/data_sheets_historical/mangal all data sheet/F&B UPI/PTM - SEPTEMBER 2025 (F&B SERVICE).xlsx,
2025-09-28 21:46:04,1902.0,0.0,0.0,1902.0,YESAP52722115807,2025-09-29 05:28:44,UPI,f&b,meet-recording/data_sheets_historical/mangal all data sheet/F&B UPI/PTM - SEPTEMBER 2025 (F&B SERVICE).xlsx,
2025-09-28 21:48:20,126.0,0.0,0.0,126.0,YESAP52722115807,2025-09-29 05:28:44,UPI,f&b,meet-recording/data_sheets_historical/mangal all data sheet/F&B UPI/PTM - SEPTEMBER 2025 (F&B SERVICE).xlsx,
2025-09-28 22:48:27,838.0,18.86,3.39,815.75,YESAP52722115807,2025-09-29 05:28:44,UPI_CREDIT_CARD,f&b,meet-recording/data_sheets_historical/mangal all data sheet/F&B UPI/PTM - SEPTEMBER 2025 (F&B SERVICE).xlsx,
2025-09-28 22:50:02,1276.0,28.71,5.17,1242.12,YESAP52722115807,2025-09-29 05:28:44,UPI_CREDIT_CARD,f&b,meet-recording/data_sheets_historical/mangal all data sheet/F&B UPI/PTM - SEPTEMBER 2025 (F&B SERVICE).xlsx,
,,,,,,,,f&b,meet-recording/data_sheets_historical/mangal all data sheet/F&B UPI/PTM - SEPTEMBER 2025 (F&B SERVICE).xlsx,
2025-09-29 08:27:33,400.0,0.0,0.0,400.0,YESAP52734016873,2025-09-30 07:09:51,UPI,f&b,meet-recording/data_sheets_historical/mangal all data sheet/F&B UPI/PTM - SEPTEMBER 2025 (F&B SERVICE).xlsx,
2025-09-29 18:13:51,180.0,0.0,0.0,180.0,YESAP52734016873,2025-09-30 07:09:51,UPI,f&b,meet-recording/data_sheets_historical/mangal all data sheet/F&B UPI/PTM - SEPTEMBER 2025 (F&B SERVICE).xlsx,
2025-09-29 18:53:50,468.0,7.91,1.42,458.67,YESAP52734016873,2025-09-30 07:09:51,CREDIT_CARD,f&b,meet-recording/data_sheets_historical/mangal all data sheet/F&B UPI/PTM - SEPTEMBER 2025 (F&B SERVICE).xlsx,
2025-09-29 20:56:56,1257.0,21.24,3.82,1231.94,YESAP52734016873,2025-09-30 07:09:51,CREDIT_CARD,f&b,meet-recording/data_sheets_historical/mangal all data sheet/F&B UPI/PTM - SEPTEMBER 2025 (F&B SERVICE).xlsx,
2025-09-29 22:33:22,299.0,0.0,0.0,299.0,YESAP52734016873,2025-09-30 07:09:51,UPI,f&b,meet-recording/data_sheets_historical/mangal all data sheet/F&B UPI/PTM - SEPTEMBER 2025 (F&B SERVICE).xlsx,
,,,,,,,,f&b,meet-recording/data_sheets_historical/mangal all data sheet/F&B UPI/PTM - SEPTEMBER 2025 (F&B SERVICE).xlsx,
2025-09-30 11:56:18,120.0,0.0,0.0,120.0,YESAP52743476728,2025-10-01 07:02:28,UPI,f&b,meet-recording/data_sheets_historical/mangal all data sheet/F&B UPI/PTM - SEPTEMBER 2025 (F&B SERVICE).xlsx,
2025-09-30 20:01:01,871.0,19.6,3.53,847.87,YESAP52743476728,2025-10-01 07:02:28,UPI_CREDIT_CARD,f&b,meet-recording/data_sheets_historical/mangal all data sheet/F&B UPI/PTM - SEPTEMBER 2025 (F&B SERVICE).xlsx,
2025-09-30 20:58:56,947.0,21.31,3.84,921.85,YESAP52743476728,2025-10-01 07:02:28,UPI_CREDIT_CARD,f&b,meet-recording/data_sheets_historical/mangal all data sheet/F&B UPI/PTM - SEPTEMBER 2025 (F&B SERVICE).xlsx,
2025-09-30 21:30:38,648.0,0.0,0.0,648.0,YESAP52743476728,2025-10-01 07:02:28,UPI,f&b,meet-recording/data_sheets_historical/mangal all data sheet/F&B UPI/PTM - SEPTEMBER 2025 (F&B SERVICE).xlsx,
2025-09-30 21:36:15,916.0,0.0,0.0,916.0,YESAP52743476728,2025-10-01 07:02:28,UPI,f&b,meet-recording/data_sheets_historical/mangal all data sheet/F&B UPI/PTM - SEPTEMBER 2025 (F&B SERVICE).xlsx,
2025-12-01 14:01:48,568.0,12.78,2.3,552.92,YESAP53361803532,2025-12-02 05:20:29,UPI_CREDIT_CARD,rooftop,meet-recording/data_sheets_historical/mangal all data sheet/PTM ROOFTOP/TMV ROOFTOP - DECEMBER 2025.xlsx,
2025-12-01 13:19:57,369.0,0.0,0.0,369.0,YESAP53361803532,2025-12-02 05:20:29,UPI,rooftop,meet-recording/data_sheets_historical/mangal all data sheet/PTM ROOFTOP/TMV ROOFTOP - DECEMBER 2025.xlsx,
2025-12-01 13:06:36,1693.0,25.4,4.57,1663.03,YESAP53361803532,2025-12-02 05:20:29,CREDIT_CARD,rooftop,meet-recording/data_sheets_historical/mangal all data sheet/PTM ROOFTOP/TMV ROOFTOP - DECEMBER 2025.xlsx,HDFC
2025-12-01 21:35:10,838.0,0.0,0.0,838.0,YESAP53361803532,2025-12-02 05:20:29,UPI,rooftop,meet-recording/data_sheets_historical/mangal all data sheet/PTM ROOFTOP/TMV ROOFTOP - DECEMBER 2025.xlsx,
2025-12-01 20:59:11,40.0,0.0,0.0,40.0,YESAP53361803532,2025-12-02 05:20:29,UPI,rooftop,meet-recording/data_sheets_historical/mangal all data sheet/PTM ROOFTOP/TMV ROOFTOP - DECEMBER 2025.xlsx,
2025-12-01 20:18:07,429.0,9.65,1.74,417.61,YESAP53361803532,2025-12-02 05:20:29,UPI_CREDIT_CARD,rooftop,meet-recording/data_sheets_historical/mangal all data sheet/PTM ROOFTOP/TMV ROOFTOP - DECEMBER 2025.xlsx,
2025-12-01 20:06:51,2094.0,0.0,0.0,2094.0,YESAP53361803532,2025-12-02 05:20:29,UPI,rooftop,meet-recording/data_sheets_historical/mangal all data sheet/PTM ROOFTOP/TMV ROOFTOP - DECEMBER 2025.xlsx,
2025-12-01 19:24:25,550.0,0.0,0.0,550.0,YESAP53361803532,2025-12-02 05:20:29,UPI,rooftop,meet-recording/data_sheets_historical/mangal all data sheet/PTM ROOFTOP/TMV ROOFTOP - DECEMBER 2025.xlsx,
2025-12-01 18:31:03,60.0,0.0,0.0,60.0,YESAP53361803532,2025-12-02 05:20:29,UPI,rooftop,meet-recording/data_sheets_historical/mangal all data sheet/PTM ROOFTOP/TMV ROOFTOP - DECEMBER 2025.xlsx,
2025-12-01 17:35:35,449.0,0.0,0.0,449.0,YESAP53361803532,2025-12-02 05:20:29,UPI,rooftop,meet-recording/data_sheets_historical/mangal all data sheet/PTM ROOFTOP/TMV ROOFTOP - DECEMBER 2025.xlsx,
2025-12-01 16:07:27,249.0,0.0,0.0,249.0,YESAP53361803532,2025-12-02 05:20:29,UPI,rooftop,meet-recording/data_sheets_historical/mangal all data sheet/PTM ROOFTOP/TMV ROOFTOP - DECEMBER 2025.xlsx,
2025-12-01 15:53:55,568.0,8.52,1.53,557.95,YESAP53361803532,2025-12-02 05:20:29,CREDIT_CARD,rooftop,meet-recording/data_sheets_historical/mangal all data sheet/PTM ROOFTOP/TMV ROOFTOP - DECEMBER 2025.xlsx,INDS
2025-12-01 23:44:13,5924.0,0.0,0.0,5924.0,YESAP53361803532,2025-12-02 05:20:29,UPI,rooftop,meet-recording/data_sheets_historical/mangal all data sheet/PTM ROOFTOP/TMV ROOFTOP - DECEMBER 2025.xlsx,
2025-12-01 23:41:54,2180.0,49.05,8.83,2122.12,YESAP53361803532,2025-12-02 05:20:29,UPI_CREDIT_CARD,rooftop,meet-recording/data_sheets_historical/mangal all data sheet/PTM ROOFTOP/TMV ROOFTOP - DECEMBER 2025.xlsx,
2025-12-01 23:14:34,190.0,0.0,0.0,190.0,YESAP53361803532,2025-12-02 05:20:29,UPI,rooftop,meet-recording/data_sheets_historical/mangal all data sheet/PTM ROOFTOP/TMV ROOFTOP - DECEMBER 2025.xlsx,
2025-12-01 22:39:48,259.0,0.0,0.0,259.0,YESAP53361803532,2025-12-02 05:20:29,UPI,rooftop,meet-recording/data_sheets_historical/mangal all data sheet/PTM ROOFTOP/TMV ROOFTOP - DECEMBER 2025.xlsx,
2025-12-01 22:06:24,83.0,0.0,0.0,83.0,YESAP53361803532,2025-12-02 05:20:29,UPI,rooftop,meet-recording/data_sheets_historical/mangal all data sheet/PTM ROOFTOP/TMV ROOFTOP - DECEMBER 2025.xlsx,
2025-12-01 21:56:34,1056.0,0.0,0.0,1056.0,YESAP53361803532,2025-12-02 05:20:29,UPI,rooftop,meet-recording/data_sheets_historical/mangal all data sheet/PTM ROOFTOP/TMV ROOFTOP - DECEMBER 2025.xlsx,
2025-12-01 21:49:05,36.0,0.0,0.0,36.0,YESAP53361803532,2025-12-02 05:20:29,UPI,rooftop,meet-recording/data_sheets_historical/mangal all data sheet/PTM ROOFTOP/TMV ROOFTOP - DECEMBER 2025.xlsx,
2025-12-01 21:48:49,1157.0,0.0,0.0,1157.0,YESAP53361803532,2025-12-02 05:20:29,UPI,rooftop,meet-recording/data_sheets_historical/mangal all data sheet/PTM ROOFTOP/TMV ROOFTOP - DECEMBER 2025.xlsx,
,,,,,,,,rooftop,meet-recording/data_sheets_historical/mangal all data sheet/PTM ROOFTOP/TMV ROOFTOP - DECEMBER 2025.xlsx,
2025-12-02 09:41:27,20.0,0.0,0.0,20.0,YESAP53371156801,2025-12-03 04:26:06,UPI,rooftop,meet-recording/data_sheets_historical/mangal all data sheet/PTM ROOFTOP/TMV ROOFTOP - DECEMBER 2025.xlsx,
2025-12-02 08:55:53,300.0,0.0,0.0,300.0,YESAP53371156801,2025-12-03 04:26:06,UPI,rooftop,meet-recording/data_sheets_historical/mangal all data sheet/PTM ROOFTOP/TMV ROOFTOP - DECEMBER 2025.xlsx,
2025-12-02 07:58:10,60.0,0.0,0.0,60.0,YESAP53371156801,2025-12-03 04:26:06,UPI,rooftop,meet-recording/data_sheets_historical/mangal all data sheet/PTM ROOFTOP/TMV ROOFTOP - DECEMBER 2025.xlsx,
2025-12-02 07:21:31,40.0,0.0,0.0,40.0,YESAP53371156801,2025-12-03 04:26:06,UPI,rooftop,meet-recording/data_sheets_historical/mangal all data sheet/PTM ROOFTOP/TMV ROOFTOP - DECEMBER 2025.xlsx,
2025-12-02 15:28:06,928.0,0.0,0.0,928.0,YESAP53371156801,2025-12-03 04:26:06,UPI,rooftop,meet-recording/data_sheets_historical/mangal all data sheet/PTM ROOFTOP/TMV ROOFTOP - DECEMBER 2025.xlsx,
2025-12-02 15:09:29,419.0,0.0,0.0,419.0,YESAP53371156801,2025-12-03 04:26:06,UPI,rooftop,meet-recording/data_sheets_historical/mangal all data sheet/PTM ROOFTOP/TMV ROOFTOP - DECEMBER 2025.xlsx,
2025-12-02 10:48:26,40.0,0.0,0.0,40.0,YESAP53371156801,2025-12-03 04:26:06,UPI,rooftop,meet-recording/data_sheets_historical/mangal all data sheet/PTM ROOFTOP/TMV ROOFTOP - DECEMBER 2025.xlsx,
2025-12-02 21:24:19,20.0,0.0,0.0,20.0,YESAP53371156801,2025-12-03 04:26:06,UPI,rooftop,meet-recording/data_sheets_historical/mangal all data sheet/PTM ROOFTOP/TMV ROOFTOP - DECEMBER 2025.xlsx,
2025-12-02 21:00:39,517.0,0.0,0.0,517.0,YESAP53371156801,2025-12-03 04:26:06,UPI,rooftop,meet-recording/data_sheets_historical/mangal all data sheet/PTM ROOFTOP/TMV ROOFTOP - DECEMBER 2025.xlsx,
2025-12-02 21:00:34,1040.0,23.4,4.21,1012.39,YESAP53371156801,2025-12-03 04:26:06,UPI_CREDIT_CARD,rooftop,meet-recording/data_sheets_historical/mangal all data sheet/PTM ROOFTOP/TMV ROOFTOP - DECEMBER 2025.xlsx,
2025-12-02 20:38:34,269.0,0.0,0.0,269.0,YESAP53371156801,2025-12-03 04:26:06,UPI_LITE,rooftop,meet-recording/data_sheets_historical/mangal all data sheet/PTM ROOFTOP/TMV ROOFTOP - DECEMBER 2025.xlsx,
2025-12-02 19:34:59,459.0,0.0,0.0,459.0,YESAP53371156801,2025-12-03 04:26:06,UPI_LITE,rooftop,meet-recording/data_sheets_historical/mangal all data sheet/PTM ROOFTOP/TMV ROOFTOP - DECEMBER 2025.xlsx,
2025-12-02 19:17:08,130.0,0.0,0.0,130.0,YESAP53371156801,2025-12-03 04:26:06,UPI,rooftop,meet-recording/data_sheets_historical/mangal all data sheet/PTM ROOFTOP/TMV ROOFTOP - DECEMBER 2025.xlsx,
2025-12-02 19:06:00,40.0,0.0,0.0,40.0,YESAP53371156801,2025-12-03 04:26:06,UPI,rooftop,meet-recording/data_sheets_historical/mangal all data sheet/PTM ROOFTOP/TMV ROOFTOP - DECEMBER 2025.xlsx,
2025-12-02 18:40:59,60.0,0.0,0.0,60.0,YESAP53371156801,2025-12-03 04:26:06,UPI,rooftop,meet-recording/data_sheets_historical/mangal all data sheet/PTM ROOFTOP/TMV ROOFTOP - DECEMBER 2025.xlsx,
2025-12-02 17:44:45,927.0,20.86,3.75,902.39,YESAP53371156801,2025-12-03 04:26:06,UPI_CREDIT_CARD,rooftop,meet-recording/data_sheets_historical/mangal all data sheet/PTM ROOFTOP/TMV ROOFTOP - DECEMBER 2025.xlsx,
2025-12-02 15:50:16,767.0,0.0,0.0,767.0,YESAP53371156801,2025-12-03 04:26:06,UPI,rooftop,meet-recording/data_sheets_historical/mangal all data sheet/PTM ROOFTOP/TMV ROOFTOP - DECEMBER 2025.xlsx,
2025-12-02 22:20:02,1066.0,0.0,0.0,1066.0,YESAP53371156801,2025-12-03 04:26:06,UPI,rooftop,meet-recording/data_sheets_historical/mangal all data sheet/PTM ROOFTOP/TMV ROOFTOP - DECEMBER 2025.xlsx,
2025-12-02 22:19:54,947.0,0.0,0.0,947.0,YESAP53371156801,2025-12-03 04:26:06,UPI,rooftop,meet-recording/data_sheets_historical/mangal all data sheet/PTM ROOFTOP/TMV ROOFTOP - DECEMBER 2025.xlsx,
2025-12-02 21:59:13,1212.0,0.0,0.0,1212.0,YESAP53371156801,2025-12-03 04:26:06,UPI,rooftop,meet-recording/data_sheets_historical/mangal all data sheet/PTM ROOFTOP/TMV ROOFTOP - DECEMBER 2025.xlsx,
2025-12-02 21:43:40,987.0,0.0,0.0,987.0,YESAP53371156801,2025-12-03 04:26:06,UPI,rooftop,meet-recording/data_sheets_historical/mangal all data sheet/PTM ROOFTOP/TMV ROOFTOP - DECEMBER 2025.xlsx,
,,,,,,,,rooftop,meet-recording/data_sheets_historical/mangal all data sheet/PTM ROOFTOP/TMV ROOFTOP - DECEMBER 2025.xlsx,
2025-12-03 09:35:13,20.0,0.0,0.0,20.0,YESAP53381970785,2025-12-04 05:21:54,UPI,rooftop,meet-recording/data_sheets_historical/mangal all data sheet/PTM ROOFTOP/TMV ROOFTOP - DECEMBER 2025.xlsx,
2025-12-03 08:03:18,60.0,0.0,0.0,60.0,YESAP53381970785,2025-12-04 05:21:54,UPI,rooftop,meet-recording/data_sheets_historical/mangal all data sheet/PTM ROOFTOP/TMV ROOFTOP - DECEMBER 2025.xlsx,
2025-12-03 15:40:49,1247.0,0.0,0.0,1247.0,YESAP53381970785,2025-12-04 05:21:54,UPI,rooftop,meet-recording/data_sheets_historical/mangal all data sheet/PTM ROOFTOP/TMV ROOFTOP - DECEMBER 2025.xlsx,
2025-12-03 15:15:17,778.0,3.11,0.0,774.89,YESAP53381970785,2025-12-04 05:21:54,DEBIT_CARD,rooftop,meet-recording/data_sheets_historical/mangal all data sheet/PTM ROOFTOP/TMV ROOFTOP - DECEMBER 2025.xlsx,AXIS
2025-12-03 14:58:24,888.0,0.0,0.0,888.0,YESAP53381970785,2025-12-04 05:21:54,UPI,rooftop,meet-recording/data_sheets_historical/mangal all data sheet/PTM ROOFTOP/TMV ROOFTOP - DECEMBER 2025.xlsx,
2025-12-03 14:48:34,1886.0,0.0,0.0,1886.0,YESAP53381970785,2025-12-04 05:21:54,UPI,rooftop,meet-recording/data_sheets_historical/mangal all data sheet/PTM ROOFTOP/TMV ROOFTOP - DECEMBER 2025.xlsx,
2025-12-03 12:29:01,419.0,0.0,0.0,419.0,YESAP53381970785,2025-12-04 05:21:54,UPI,rooftop,meet-recording/data_sheets_historical/mangal all data sheet/PTM ROOFTOP/TMV ROOFTOP - DECEMBER 2025.xlsx,
2025-12-03 12:09:37,27.0,0.0,0.0,27.0,YESAP53381970785,2025-12-04 05:21:54,UPI,rooftop,meet-recording/data_sheets_historical/mangal all data sheet/PTM ROOFTOP/TMV ROOFTOP - DECEMBER 2025.xlsx,
2025-12-03 10:58:40,458.0,10.31,1.86,445.83,YESAP53381970785,2025-12-04 05:21:54,UPI_CREDIT_CARD,rooftop,meet-recording/data_sheets_historical/mangal all data sheet/PTM ROOFTOP/TMV ROOFTOP - DECEMBER 2025.xlsx,
2025-12-03 21:39:55,20.0,0.0,0.0,20.0,YESAP53381970785,2025-12-04 05:21:54,UPI,rooftop,meet-recording/data_sheets_historical/mangal all data sheet/PTM ROOFTOP/TMV ROOFTOP - DECEMBER 2025.xlsx,
2025-12-03 21:14:31,1040.0,23.4,4.21,1012.39,YESAP53381970785,2025-12-04 05:21:54,UPI_CREDIT_CARD,rooftop,meet-recording/data_sheets_historical/mangal all data sheet/PTM ROOFTOP/TMV ROOFTOP - DECEMBER 2025.xlsx,
2025-12-03 20:42:37,947.0,0.0,0.0,947.0,YESAP53381970785,2025-12-04 05:21:54,UPI,rooftop,meet-recording/data_sheets_historical/mangal all data sheet/PTM ROOFTOP/TMV ROOFTOP - DECEMBER 2025.xlsx,
2025-12-03 20:39:54,120.0,0.0,0.0,120.0,YESAP53381970785,2025-12-04 05:21:54,UPI,rooftop,meet-recording/data_sheets_historical/mangal all data sheet/PTM ROOFTOP/TMV ROOFTOP - DECEMBER 2025.xlsx,
2025-12-03 20:36:39,469.0,10.55,1.9,456.55,YESAP53381970785,2025-12-04 05:21:54,UPI_CREDIT_CARD,rooftop,meet-recording/data_sheets_historical/mangal all data sheet/PTM ROOFTOP/TMV ROOFTOP - DECEMBER 2025.xlsx,
2025-12-03 18:28:12,498.0,11.21,2.02,484.77,YESAP53381970785,2025-12-04 05:21:54,UPI_CREDIT_CARD,rooftop,meet-recording/data_sheets_historical/mangal all data sheet/PTM ROOFTOP/TMV ROOFTOP - DECEMBER 2025.xlsx,
2025-12-03 15:53:22,968.0,0.0,0.0,968.0,YESAP53381970785,2025-12-04 05:21:54,UPI,rooftop,meet-recording/data_sheets_historical/mangal all data sheet/PTM ROOFTOP/TMV ROOFTOP - DECEMBER 2025.xlsx,
2025-12-03 23:08:12,190.0,0.0,0.0,190.0,YESAP53381970785,2025-12-04 05:21:54,UPI,rooftop,meet-recording/data_sheets_historical/mangal all data sheet/PTM ROOFTOP/TMV ROOFTOP - DECEMBER 2025.xlsx,
2025-12-03 23:02:57,40.0,0.0,0.0,40.0,YESAP53381970785,2025-12-04 05:21:54,UPI,rooftop,meet-recording/data_sheets_historical/mangal all data sheet/PTM ROOFTOP/TMV ROOFTOP - DECEMBER 2025.xlsx,
2025-12-03 22:30:23,996.0,0.0,0.0,996.0,YESAP53381970785,2025-12-04 05:21:54,UPI,rooftop,meet-recording/data_sheets_historical/mangal all data sheet/PTM ROOFTOP/TMV ROOFTOP - DECEMBER 2025.xlsx,
2025-12-03 22:28:55,1633.0,0.0,0.0,1633.0,YESAP53381970785,2025-12-04 05:21:54,UPI,rooftop,meet-recording/data_sheets_historical/mangal all data sheet/PTM ROOFTOP/TMV ROOFTOP - DECEMBER 2025.xlsx,
2025-12-03 21:59:25,1126.0,0.0,0.0,1126.0,YESAP53381970785,2025-12-04 05:21:54,UPI,rooftop,meet-recording/data_sheets_historical/mangal all data sheet/PTM ROOFTOP/TMV ROOFTOP - DECEMBER 2025.xlsx,
,,,,,,,,rooftop,meet-recording/data_sheets_historical/mangal all data sheet/PTM ROOFTOP/TMV ROOFTOP - DECEMBER 2025.xlsx,
2025-12-04 08:18:00,100.0,0.0,0.0,100.0,YESAP53392000862,2025-12-05 05:51:09,UPI,rooftop,meet-recording/data_sheets_historical/mangal all data sheet/PTM ROOFTOP/TMV ROOFTOP - DECEMBER 2025.xlsx,
2025-12-04 07:40:42,240.0,0.0,0.0,240.0,YESAP53392000862,2025-12-05 05:51:09,UPI,rooftop,meet-recording/data_sheets_historical/mangal all data sheet/PTM ROOFTOP/TMV ROOFTOP - DECEMBER 2025.xlsx,
2025-12-04 14:57:44,1008.0,22.68,4.08,981.24,YESAP53392000862,2025-12-05 05:51:09,UPI_CREDIT_CARD,rooftop,meet-recording/data_sheets_historical/mangal all data sheet/PTM ROOFTOP/TMV ROOFTOP - DECEMBER 2025.xlsx,
2025-12-04 13:53:41,2931.0,26.38,4.75,2899.87,YESAP53392000862,2025-12-05 05:51:09,DEBIT_CARD,rooftop,meet-recording/data_sheets_historical/mangal all data sheet/PTM ROOFTOP/TMV ROOFTOP - DECEMBER 2025.xlsx,SBI
2025-12-04 10:16:22,20.0,0.0,0.0,20.0,YESAP53392000862,2025-12-05 05:51:09,UPI,rooftop,meet-recording/data_sheets_historical/mangal all data sheet/PTM ROOFTOP/TMV ROOFTOP - DECEMBER 2025.xlsx,
2025-12-04 09:46:33,20.0,0.45,0.08,19.47,YESAP53392000862,2025-12-05 05:51:09,UPI_CREDIT_CARD,rooftop,meet-recording/data_sheets_historical/mangal all data sheet/PTM ROOFTOP/TMV ROOFTOP - DECEMBER 2025.xlsx,
2025-12-04 21:15:13,99.0,0.4,0.0,98.6,YESAP53392000862,2025-12-05 05:51:09,DEBIT_CARD,rooftop,meet-recording/data_sheets_historical/mangal all data sheet/PTM ROOFTOP/TMV ROOFTOP - DECEMBER 2025.xlsx,ICICI
2025-12-04 16:41:18,6762.0,60.86,10.95,6690.19,YESAP53392000862,2025-12-05 05:51:09,DEBIT_CARD,rooftop,meet-recording/data_sheets_historical/mangal all data sheet/PTM ROOFTOP/TMV ROOFTOP - DECEMBER 2025.xlsx,SBI
2025-12-04 22:41:41,818.0,0.0,0.0,818.0,YESAP53392000862,2025-12-05 05:51:09,UPI,rooftop,meet-recording/data_sheets_historical/mangal all data sheet/PTM ROOFTOP/TMV ROOFTOP - DECEMBER 2025.xlsx,
2025-12-04 22:13:32,2669.0,0.0,0.0,2669.0,YESAP53392000862,2025-12-05 05:51:09,UPI,rooftop,meet-recording/data_sheets_historical/mangal all data sheet/PTM ROOFTOP/TMV ROOFTOP - DECEMBER 2025.xlsx,
2025-12-04 21:56:12,1010.0,4.04,0.0,1005.96,YESAP53392000862,2025-12-05 05:51:09,DEBIT_CARD,rooftop,meet-recording/data_sheets_historical/mangal all data sheet/PTM ROOFTOP/TMV ROOFTOP - DECEMBER 2025.xlsx,SBI
,,,,,,,,rooftop,meet-recording/data_sheets_historical/mangal all data sheet/PTM ROOFTOP/TMV ROOFTOP - DECEMBER 2025.xlsx,
2025-12-05 09:04:19,300.0,6.75,1.22,292.03,YESAP53400947544,2025-12-06 03:49:05,UPI_CREDIT_CARD,rooftop,meet-recording/data_sheets_historical/mangal all data sheet/PTM ROOFTOP/TMV ROOFTOP - DECEMBER 2025.xlsx,
2025-12-05 08:03:23,120.0,0.0,0.0,120.0,YESAP53400947544,2025-12-06 03:49:05,UPI,rooftop,meet-recording/data_sheets_historical/mangal all data sheet/PTM ROOFTOP/TMV ROOFTOP - DECEMBER 2025.xlsx,
2025-12-05 14:53:15,80.0,0.0,0.0,80.0,YESAP53400947544,2025-12-06 03:49:05,UPI,rooftop,meet-recording/data_sheets_historical/mangal all data sheet/PTM ROOFTOP/TMV ROOFTOP - DECEMBER 2025.xlsx,
2025-12-05 14:05:23,389.0,0.0,0.0,389.0,YESAP53400947544,2025-12-06 03:49:05,UPI,rooftop,meet-recording/data_sheets_historical/mangal all data sheet/PTM ROOFTOP/TMV ROOFTOP - DECEMBER 2025.xlsx,
2025-12-05 11:56:55,927.0,0.0,0.0,927.0,YESAP53400947544,2025-12-06 03:49:05,UPI,rooftop,meet-recording/data_sheets_historical/mangal all data sheet/PTM ROOFTOP/TMV ROOFTOP - DECEMBER 2025.xlsx,
2025-12-05 09:57:54,20.0,0.45,0.08,19.47,YESAP53400947544,2025-12-06 03:49:05,UPI_CREDIT_CARD,rooftop,meet-recording/data_sheets_historical/mangal all data sheet/PTM ROOFTOP/TMV ROOFTOP - DECEMBER 2025.xlsx,
2025-12-05 21:21:19,359.0,8.08,1.45,349.47,YESAP53400947544,2025-12-06 03:49:05,UPI_CREDIT_CARD,rooftop,meet-recording/data_sheets_historical/mangal all data sheet/PTM ROOFTOP/TMV ROOFTOP - DECEMBER 2025.xlsx,
2025-12-05 20:57:18,140.0,3.15,0.57,136.28,YESAP53400947544,2025-12-06 03:49:05,UPI_CREDIT_CARD,rooftop,meet-recording/data_sheets_historical/mangal all data sheet/PTM ROOFTOP/TMV ROOFTOP - DECEMBER 2025.xlsx,
2025-12-05 20:41:41,1067.0,24.01,4.32,1038.67,YESAP53400947544,2025-12-06 03:49:05,UPI_CREDIT_CARD,rooftop,meet-recording/data_sheets_historical/mangal all data sheet/PTM ROOFTOP/TMV ROOFTOP - DECEMBER 2025.xlsx,
2025-12-05 20:24:28,300.0,0.0,0.0,300.0,YESAP53400947544,2025-12-06 03:49:05,UPI,rooftop,meet-recording/data_sheets_historical/mangal all data sheet/PTM ROOFTOP/TMV ROOFTOP - DECEMBER 2025.xlsx,
2025-12-05 20:23:58,748.0,0.0,0.0,748.0,YESAP53400947544,2025-12-06 03:49:05,UPI,rooftop,meet-recording/data_sheets_historical/mangal all data sheet/PTM ROOFTOP/TMV ROOFTOP - DECEMBER 2025.xlsx,
2025-12-05 18:27:28,120.0,0.0,0.0,120.0,YESAP53400947544,2025-12-06 03:49:05,UPI,rooftop,meet-recording/data_sheets_historical/mangal all data sheet/PTM ROOFTOP/TMV ROOFTOP - DECEMBER 2025.xlsx,
2025-12-05 18:15:41,60.0,0.0,0.0,60.0,YESAP53400947544,2025-12-06 03:49:05,UPI,rooftop,meet-recording/data_sheets_historical/mangal all data sheet/PTM ROOFTOP/TMV ROOFTOP - DECEMBER 2025.xlsx,
2025-12-05 18:00:47,70.0,0.0,0.0,70.0,YESAP53400947544,2025-12-06 03:49:05,UPI,rooftop,meet-recording/data_sheets_historical/mangal all data sheet/PTM ROOFTOP/TMV ROOFTOP - DECEMBER 2025.xlsx,
2025-12-05 17:46:39,60.0,0.0,0.0,60.0,YESAP53400947544,2025-12-06 03:49:05,UPI,rooftop,meet-recording/data_sheets_historical/mangal all data sheet/PTM ROOFTOP/TMV ROOFTOP - DECEMBER 2025.xlsx,
2025-12-05 16:34:09,120.0,0.0,0.0,120.0,YESAP53400947544,2025-12-06 03:49:05,UPI,rooftop,meet-recording/data_sheets_historical/mangal all data sheet/PTM ROOFTOP/TMV ROOFTOP - DECEMBER 2025.xlsx,
2025-12-05 22:19:35,120.0,0.0,0.0,120.0,YESAP53400947544,2025-12-06 03:49:05,UPI,rooftop,meet-recording/data_sheets_historical/mangal all data sheet/PTM ROOFTOP/TMV ROOFTOP - DECEMBER 2025.xlsx,
2025-12-05 22:19:05,173.0,0.0,0.0,173.0,YESAP53400947544,2025-12-06 03:49:05,UPI,rooftop,meet-recording/data_sheets_historical/mangal all data sheet/PTM ROOFTOP/TMV ROOFTOP - DECEMBER 2025.xlsx,
2025-12-05 22:16:49,882.0,19.85,3.57,858.58,YESAP53400947544,2025-12-06 03:49:05,UPI_CREDIT_CARD,rooftop,meet-recording/data_sheets_historical/mangal all data sheet/PTM ROOFTOP/TMV ROOFTOP - DECEMBER 2025.xlsx,
2025-12-05 22:15:27,768.0,0.0,0.0,768.0,YESAP53400947544,2025-12-06 03:49:05,UPI_LITE,rooftop,meet-recording/data_sheets_historical/mangal all data sheet/PTM ROOFTOP/TMV ROOFTOP - DECEMBER 2025.xlsx,
2025-12-05 22:05:38,1452.0,0.0,0.0,1452.0,YESAP53400947544,2025-12-06 03:49:05,UPI,rooftop,meet-recording/data_sheets_historical/mangal all data sheet/PTM ROOFTOP/TMV ROOFTOP - DECEMBER 2025.xlsx,
2025-12-05 22:05:35,448.0,0.0,0.0,448.0,YESAP53400947544,2025-12-06 03:49:05,UPI,rooftop,meet-recording/data_sheets_historical/mangal all data sheet/PTM ROOFTOP/TMV ROOFTOP - DECEMBER 2025.xlsx,
2025-12-05 21:42:11,699.0,0.0,0.0,699.0,YESAP53400947544,2025-12-06 03:49:05,UPI,rooftop,meet-recording/data_sheets_historical/mangal all data sheet/PTM ROOFTOP/TMV ROOFTOP - DECEMBER 2025.xlsx,
,,,,,,,,rooftop,meet-recording/data_sheets_historical/mangal all data sheet/PTM ROOFTOP/TMV ROOFTOP - DECEMBER 2025.xlsx,
2025-12-06 14:48:24,927.0,0.0,0.0,927.0,YESAP53410173877,2025-12-07 03:22:08,UPI,rooftop,meet-recording/data_sheets_historical/mangal all data sheet/PTM ROOFTOP/TMV ROOFTOP - DECEMBER 2025.xlsx,
2025-12-06 21:32:20,768.0,0.0,0.0,768.0,YESAP53410173877,2025-12-07 03:22:08,UPI,rooftop,meet-recording/data_sheets_historical/mangal all data sheet/PTM ROOFTOP/TMV ROOFTOP - DECEMBER 2025.xlsx,
2025-12-06 21:05:35,940.0,0.0,0.0,940.0,YESAP53410173877,2025-12-07 03:22:08,UPI,rooftop,meet-recording/data_sheets_historical/mangal all data sheet/PTM ROOFTOP/TMV ROOFTOP - DECEMBER 2025.xlsx,
2025-12-06 20:43:32,723.0,10.85,0.0,712.15,YESAP53410173877,2025-12-07 03:22:08,CREDIT_CARD,rooftop,meet-recording/data_sheets_historical/mangal all data sheet/PTM ROOFTOP/TMV ROOFTOP - DECEMBER 2025.xlsx,IDFC
2025-12-06 20:39:18,2315.0,0.0,0.0,2315.0,YESAP53410173877,2025-12-07 03:22:08,UPI,rooftop,meet-recording/data_sheets_historical/mangal all data sheet/PTM ROOFTOP/TMV ROOFTOP - DECEMBER 2025.xlsx,
2025-12-06 20:31:11,847.0,0.0,0.0,847.0,YESAP53410173877,2025-12-07 03:22:08,UPI,rooftop,meet-recording/data_sheets_historical/mangal all data sheet/PTM ROOFTOP/TMV ROOFTOP - DECEMBER 2025.xlsx,
2025-12-06 20:10:42,748.0,0.0,0.0,748.0,YESAP53410173877,2025-12-07 03:22:08,DEBIT_CARD,rooftop,meet-recording/data_sheets_historical/mangal all data sheet/PTM ROOFTOP/TMV ROOFTOP - DECEMBER 2025.xlsx,HDFC
2025-12-06 18:52:22,309.0,6.95,1.25,300.8,YESAP53410173877,2025-12-07 03:22:08,UPI_CREDIT_CARD,rooftop,meet-recording/data_sheets_historical/mangal all data sheet/PTM ROOFTOP/TMV ROOFTOP - DECEMBER 2025.xlsx,
2025-12-06 18:27:42,539.0,0.0,0.0,539.0,YESAP53410173877,2025-12-07 03:22:08,UPI,rooftop,meet-recording/data_sheets_historical/mangal all data sheet/PTM ROOFTOP/TMV ROOFTOP - DECEMBER 2025.xlsx,
2025-12-06 18:00:29,130.0,0.0,0.0,130.0,YESAP53410173877,2025-12-07 03:22:08,UPI,rooftop,meet-recording/data_sheets_historical/mangal all data sheet/PTM ROOFTOP/TMV ROOFTOP - DECEMBER 2025.xlsx,
2025-12-06 16:31:46,180.0,0.0,0.0,180.0,YESAP53410173877,2025-12-07 03:22:08,UPI,rooftop,meet-recording/data_sheets_historical/mangal all data sheet/PTM ROOFTOP/TMV ROOFTOP - DECEMBER 2025.xlsx,
2025-12-06 15:43:42,120.0,0.0,0.0,120.0,YESAP53410173877,2025-12-07 03:22:08,UPI,rooftop,meet-recording/data_sheets_historical/mangal all data sheet/PTM ROOFTOP/TMV ROOFTOP - DECEMBER 2025.xlsx,
2025-12-06 22:54:40,369.0,0.0,0.0,369.0,YESAP53410173877,2025-12-07 03:22:08,UPI,rooftop,meet-recording/data_sheets_historical/mangal all data sheet/PTM ROOFTOP/TMV ROOFTOP - DECEMBER 2025.xlsx,
2025-12-06 22:40:48,717.0,16.13,2.9,697.97,YESAP53410173877,2025-12-07 03:22:08,UPI_CREDIT_CARD,rooftop,meet-recording/data_sheets_historical/mangal all data sheet/PTM ROOFTOP/TMV ROOFTOP - DECEMBER 2025.xlsx,
2025-12-06 22:34:36,100.0,0.0,0.0,100.0,YESAP53410173877,2025-12-07 03:22:08,UPI,rooftop,meet-recording/data_sheets_historical/mangal all data sheet/PTM ROOFTOP/TMV ROOFTOP - DECEMBER 2025.xlsx,
2025-12-06 22:26:35,2147.0,32.21,5.8,2108.99,YESAP53410173877,2025-12-07 03:22:08,CREDIT_CARD,rooftop,meet-recording/data_sheets_historical/mangal all data sheet/PTM ROOFTOP/TMV ROOFTOP - DECEMBER 2025.xlsx,HDFC
2025-12-06 21:54:16,788.0,0.0,0.0,788.0,YESAP53410173877,2025-12-07 03:22:08,UPI,rooftop,meet-recording/data_sheets_historical/mangal all data sheet/PTM ROOFTOP/TMV ROOFTOP - DECEMBER 2025.xlsx,
2025-12-06 21:49:29,528.0,11.88,2.14,513.98,YESAP53410173877,2025-12-07 03:22:08,UPI_CREDIT_CARD,rooftop,meet-recording/data_sheets_historical/mangal all data sheet/PTM ROOFTOP/TMV ROOFTOP - DECEMBER 2025.xlsx,
,,,,,,,,rooftop,meet-recording/data_sheets_historical/mangal all data sheet/PTM ROOFTOP/TMV ROOFTOP - DECEMBER 2025.xlsx,
2025-12-07 15:22:56,489.0,0.0,0.0,489.0,YESAP53421131350,2025-12-08 03:29:01,UPI,rooftop,meet-recording/data_sheets_historical/mangal all data sheet/PTM ROOFTOP/TMV ROOFTOP - DECEMBER 2025.xlsx,
2025-12-07 15:22:55,238.0,0.0,0.0,238.0,YESAP53421131350,2025-12-08 03:29:01,UPI,rooftop,meet-recording/data_sheets_historical/mangal all data sheet/PTM ROOFTOP/TMV ROOFTOP - DECEMBER 2025.xlsx,
2025-12-07 15:16:49,1046.0,0.0,0.0,1046.0,YESAP53421131350,2025-12-08 03:29:01,UPI,rooftop,meet-recording/data_sheets_historical/mangal all data sheet/PTM ROOFTOP/TMV ROOFTOP - DECEMBER 2025.xlsx,
2025-12-07 15:00:30,244.0,0.0,0.0,244.0,YESAP53421131350,2025-12-08 03:29:01,UPI,rooftop,meet-recording/data_sheets_historical/mangal all data sheet/PTM ROOFTOP/TMV ROOFTOP - DECEMBER 2025.xlsx,
2025-12-07 14:34:38,1137.0,0.0,0.0,1137.0,YESAP53421131350,2025-12-08 03:29:01,UPI,rooftop,meet-recording/data_sheets_historical/mangal all data sheet/PTM ROOFTOP/TMV ROOFTOP - DECEMBER 2025.xlsx,
2025-12-07 13:44:14,699.0,0.0,0.0,699.0,YESAP53421131350,2025-12-08 03:29:01,UPI,rooftop,meet-recording/data_sheets_historical/mangal all data sheet/PTM ROOFTOP/TMV ROOFTOP - DECEMBER 2025.xlsx,
2025-12-07 12:14:28,130.0,0.0,0.0,130.0,YESAP53421131350,2025-12-08 03:29:01,UPI,rooftop,meet-recording/data_sheets_historical/mangal all data sheet/PTM ROOFTOP/TMV ROOFTOP - DECEMBER 2025.xlsx,
2025-12-07 21:11:48,559.0,0.0,0.0,559.0,YESAP53421131350,2025-12-08 03:29:01,UPI,rooftop,meet-recording/data_sheets_historical/mangal all data sheet/PTM ROOFTOP/TMV ROOFTOP - DECEMBER 2025.xlsx,
2025-12-07 20:04:48,1007.0,0.0,0.0,1007.0,YESAP53421131350,2025-12-08 03:29:01,UPI,rooftop,meet-recording/data_sheets_historical/mangal all data sheet/PTM ROOFTOP/TMV ROOFTOP - DECEMBER 2025.xlsx,
2025-12-07 19:53:27,947.0,14.21,0.0,932.79,YESAP53421131350,2025-12-08 03:29:01,CREDIT_CARD,rooftop,meet-recording/data_sheets_historical/mangal all data sheet/PTM ROOFTOP/TMV ROOFTOP - DECEMBER 2025.xlsx,AXIS
2025-12-07 19:48:58,638.0,0.0,0.0,638.0,YESAP53421131350,2025-12-08 03:29:01,UPI,rooftop,meet-recording/data_sheets_historical/mangal all data sheet/PTM ROOFTOP/TMV ROOFTOP - DECEMBER 2025.xlsx,
2025-12-07 16:46:28,2315.0,34.73,6.25,2274.02,YESAP53421131350,2025-12-08 03:29:01,CREDIT_CARD,rooftop,meet-recording/data_sheets_historical/mangal all data sheet/PTM ROOFTOP/TMV ROOFTOP - DECEMBER 2025.xlsx,SCAPIA
2025-12-07 22:58:58,70.0,0.0,0.0,70.0,YESAP53421131350,2025-12-08 03:29:01,UPI,rooftop,meet-recording/data_sheets_historical/mangal all data sheet/PTM ROOFTOP/TMV ROOFTOP - DECEMBER 2025.xlsx,
2025-12-07 22:15:54,249.0,0.0,0.0,249.0,YESAP53421131350,2025-12-08 03:29:01,UPI,rooftop,meet-recording/data_sheets_historical/mangal all data sheet/PTM ROOFTOP/TMV ROOFTOP - DECEMBER 2025.xlsx,
,,,,,,,,rooftop,meet-recording/data_sheets_historical/mangal all data sheet/PTM ROOFTOP/TMV ROOFTOP - DECEMBER 2025.xlsx,
2025-12-08 09:07:43,300.0,0.0,0.0,300.0,YESAP53431196092,2025-12-09 03:05:30,UPI,rooftop,meet-recording/data_sheets_historical/mangal all data sheet/PTM ROOFTOP/TMV ROOFTOP - DECEMBER 2025.xlsx,
2025-12-08 15:06:47,459.0,0.0,0.0,459.0,YESAP53431196092,2025-12-09 03:05:30,UPI,rooftop,meet-recording/data_sheets_historical/mangal all data sheet/PTM ROOFTOP/TMV ROOFTOP - DECEMBER 2025.xlsx,
2025-12-08 14:55:19,808.0,0.0,0.0,808.0,YESAP53431196092,2025-12-09 03:05:30,UPI,rooftop,meet-recording/data_sheets_historical/mangal all data sheet/PTM ROOFTOP/TMV ROOFTOP - DECEMBER 2025.xlsx,
2025-12-08 14:29:56,1316.0,0.0,0.0,1316.0,YESAP53431196092,2025-12-09 03:05:30,UPI,rooftop,meet-recording/data_sheets_historical/mangal all data sheet/PTM ROOFTOP/TMV ROOFTOP - DECEMBER 2025.xlsx,
2025-12-08 11:55:02,209.0,0.0,0.0,209.0,YESAP53431196092,2025-12-09 03:05:30,UPI,rooftop,meet-recording/data_sheets_historical/mangal all data sheet/PTM ROOFTOP/TMV ROOFTOP - DECEMBER 2025.xlsx,
2025-12-08 21:37:03,1506.0,0.0,0.0,1506.0,YESAP53431196092,2025-12-09 03:05:30,UPI,rooftop,meet-recording/data_sheets_historical/mangal all data sheet/PTM ROOFTOP/TMV ROOFTOP - DECEMBER 2025.xlsx,
2025-12-08 21:20:29,678.0,0.0,0.0,678.0,YESAP53431196092,2025-12-09 03:05:30,UPI,rooftop,meet-recording/data_sheets_historical/mangal all data sheet/PTM ROOFTOP/TMV ROOFTOP - DECEMBER 2025.xlsx,
2025-12-08 21:07:18,858.0,0.0,0.0,858.0,YESAP53431196092,2025-12-09 03:05:30,UPI,rooftop,meet-recording/data_sheets_historical/mangal all data sheet/PTM ROOFTOP/TMV ROOFTOP - DECEMBER 2025.xlsx,
2025-12-08 21:02:19,1027.0,0.0,0.0,1027.0,YESAP53431196092,2025-12-09 03:05:30,DEBIT_CARD,rooftop,meet-recording/data_sheets_historical/mangal all data sheet/PTM ROOFTOP/TMV ROOFTOP - DECEMBER 2025.xlsx,HDFC
2025-12-08 20:47:59,1315.0,19.73,0.0,1295.27,YESAP53431196092,2025-12-09 03:05:30,CREDIT_CARD,rooftop,meet-recording/data_sheets_historical/mangal all data sheet/PTM ROOFTOP/TMV ROOFTOP - DECEMBER 2025.xlsx,IDFC
2025-12-08 20:44:18,1198.0,0.0,0.0,1198.0,YESAP53431196092,2025-12-09 03:05:30,UPI,rooftop,meet-recording/data_sheets_historical/mangal all data sheet/PTM ROOFTOP/TMV ROOFTOP - DECEMBER 2025.xlsx,
2025-12-08 19:59:53,807.0,0.0,0.0,807.0,YESAP53431196092,2025-12-09 03:05:30,UPI,rooftop,meet-recording/data_sheets_historical/mangal all data sheet/PTM ROOFTOP/TMV ROOFTOP - DECEMBER 2025.xlsx,
2025-12-08 19:54:57,428.0,0.0,0.0,428.0,YESAP53431196092,2025-12-09 03:05:30,UPI,rooftop,meet-recording/data_sheets_historical/mangal all data sheet/PTM ROOFTOP/TMV ROOFTOP - DECEMBER 2025.xlsx,
2025-12-08 19:35:40,40.0,0.0,0.0,40.0,YESAP53431196092,2025-12-09 03:05:30,UPI,rooftop,meet-recording/data_sheets_historical/mangal all data sheet/PTM ROOFTOP/TMV ROOFTOP - DECEMBER 2025.xlsx,
2025-12-08 17:22:21,70.0,0.0,0.0,70.0,YESAP53431196092,2025-12-09 03:05:30,UPI,rooftop,meet-recording/data_sheets_historical/mangal all data sheet/PTM ROOFTOP/TMV ROOFTOP - DECEMBER 2025.xlsx,
2025-12-08 16:55:33,229.0,5.15,0.93,222.92,YESAP53431196092,2025-12-09 03:05:30,UPI_CREDIT_CARD,rooftop,meet-recording/data_sheets_historical/mangal all data sheet/PTM ROOFTOP/TMV ROOFTOP - DECEMBER 2025.xlsx,
2025-12-08 16:43:02,598.0,0.0,0.0,598.0,YESAP53431196092,2025-12-09 03:05:30,UPI,rooftop,meet-recording/data_sheets_historical/mangal all data sheet/PTM ROOFTOP/TMV ROOFTOP - DECEMBER 2025.xlsx,
2025-12-08 16:38:07,120.0,0.0,0.0,120.0,YESAP53431196092,2025-12-09 03:05:30,UPI,rooftop,meet-recording/data_sheets_historical/mangal all data sheet/PTM ROOFTOP/TMV ROOFTOP - DECEMBER 2025.xlsx,
2025-12-08 16:29:02,449.0,0.0,0.0,449.0,YESAP53431196092,2025-12-09 03:05:30,DEBIT_CARD,rooftop,meet-recording/data_sheets_historical/mangal all data sheet/PTM ROOFTOP/TMV ROOFTOP - DECEMBER 2025.xlsx,HDFC
2025-12-08 16:01:57,1954.0,0.0,0.0,1954.0,YESAP53431196092,2025-12-09 03:05:30,UPI,rooftop,meet-recording/data_sheets_historical/mangal all data sheet/PTM ROOFTOP/TMV ROOFTOP - DECEMBER 2025.xlsx,
2025-12-08 23:01:21,677.0,0.0,0.0,677.0,YESAP53431196092,2025-12-09 03:05:30,UPI,rooftop,meet-recording/data_sheets_historical/mangal all data sheet/PTM ROOFTOP/TMV ROOFTOP - DECEMBER 2025.xlsx,
2025-12-08 22:45:52,2224.0,20.02,3.6,2200.38,YESAP53431196092,2025-12-09 03:05:30,DEBIT_CARD,rooftop,meet-recording/data_sheets_historical/mangal all data sheet/PTM ROOFTOP/TMV ROOFTOP - DECEMBER 2025.xlsx,HDFC
2025-12-08 22:29:01,1186.0,17.79,0.0,1168.21,YESAP53431196092,2025-12-09 03:05:30,CREDIT_CARD,rooftop,meet-recording/data_sheets_historical/mangal all data sheet/PTM ROOFTOP/TMV ROOFTOP - DECEMBER 2025.xlsx,ICICI
2025-12-08 22:05:01,2128.0,0.0,0.0,2128.0,YESAP53431196092,2025-12-09 03:05:30,UPI,rooftop,meet-recording/data_sheets_historical/mangal all data sheet/PTM ROOFTOP/TMV ROOFTOP - DECEMBER 2025.xlsx,
2025-12-08 21:44:03,369.0,0.0,0.0,369.0,YESAP53431196092,2025-12-09 03:05:30,UPI_LITE,rooftop,meet-recording/data_sheets_historical/mangal all data sheet/PTM ROOFTOP/TMV ROOFTOP - DECEMBER 2025.xlsx,
2025-12-08 21:43:26,1106.0,4.42,0.0,1101.58,YESAP53431196092,2025-12-09 03:05:30,DEBIT_CARD,rooftop,meet-recording/data_sheets_historical/mangal all data sheet/PTM ROOFTOP/TMV ROOFTOP - DECEMBER 2025.xlsx,ICICI
,,,,,,,,rooftop,meet-recording/data_sheets_historical/mangal all data sheet/PTM ROOFTOP/TMV ROOFTOP - DECEMBER 2025.xlsx,
2025-12-09 15:21:18,709.0,0.0,0.0,709.0,YESAP53440820434,2025-12-10 04:33:38,UPI,rooftop,meet-recording/data_sheets_historical/mangal all data sheet/PTM ROOFTOP/TMV ROOFTOP - DECEMBER 2025.xlsx,
2025-12-09 15:05:12,863.0,0.0,0.0,863.0,YESAP53440820434,2025-12-10 04:33:38,UPI,rooftop,meet-recording/data_sheets_historical/mangal all data sheet/PTM ROOFTOP/TMV ROOFTOP - DECEMBER 2025.xlsx,
2025-12-09 14:08:51,683.0,0.0,0.0,683.0,YESAP53440820434,2025-12-10 04:33:38,UPI,rooftop,meet-recording/data_sheets_historical/mangal all data sheet/PTM ROOFTOP/TMV ROOFTOP - DECEMBER 2025.xlsx,
2025-12-09 14:06:50,120.0,0.0,0.0,120.0,YESAP53440820434,2025-12-10 04:33:38,UPI,rooftop,meet-recording/data_sheets_historical/mangal all data sheet/PTM ROOFTOP/TMV ROOFTOP - DECEMBER 2025.xlsx,
2025-12-09 10:21:39,900.0,20.25,3.65,876.1,YESAP53440820434,2025-12-10 04:33:38,UPI_CREDIT_CARD,rooftop,meet-recording/data_sheets_historical/mangal all data sheet/PTM ROOFTOP/TMV ROOFTOP - DECEMBER 2025.xlsx,
2025-12-09 21:39:22,996.0,22.41,4.03,969.56,YESAP53440820434,2025-12-10 04:33:38,UPI_CREDIT_CARD,rooftop,meet-recording/data_sheets_historical/mangal all data sheet/PTM ROOFTOP/TMV ROOFTOP - DECEMBER 2025.xlsx,
2025-12-09 21:38:50,271.0,0.0,0.0,271.0,YESAP53440820434,2025-12-10 04:33:38,UPI,rooftop,meet-recording/data_sheets_historical/mangal all data sheet/PTM ROOFTOP/TMV ROOFTOP - DECEMBER 2025.xlsx,
2025-12-09 21:35:00,568.0,0.0,0.0,568.0,YESAP53440820434,2025-12-10 04:33:38,UPI,rooftop,meet-recording/data_sheets_historical/mangal all data sheet/PTM ROOFTOP/TMV ROOFTOP - DECEMBER 2025.xlsx,
2025-12-09 21:28:14,838.0,12.57,0.0,825.43,YESAP53440820434,2025-12-10 04:33:38,CREDIT_CARD,rooftop,meet-recording/data_sheets_historical/mangal all data sheet/PTM ROOFTOP/TMV ROOFTOP - DECEMBER 2025.xlsx,HDFC
2025-12-09 21:27:06,619.0,0.0,0.0,619.0,YESAP53440820434,2025-12-10 04:33:38,UPI,rooftop,meet-recording/data_sheets_historical/mangal all data sheet/PTM ROOFTOP/TMV ROOFTOP - DECEMBER 2025.xlsx,
2025-12-09 21:25:31,448.0,0.0,0.0,448.0,YESAP53440820434,2025-12-10 04:33:38,UPI,rooftop,meet-recording/data_sheets_historical/mangal all data sheet/PTM ROOFTOP/TMV ROOFTOP - DECEMBER 2025.xlsx,
2025-12-09 21:07:07,60.0,0.0,0.0,60.0,YESAP53440820434,2025-12-10 04:33:38,UPI,rooftop,meet-recording/data_sheets_historical/mangal all data sheet/PTM ROOFTOP/TMV ROOFTOP - DECEMBER 2025.xlsx,
2025-12-09 20:41:53,60.0,1.35,0.24,58.41,YESAP53440820434,2025-12-10 04:33:38,UPI_CREDIT_CARD,rooftop,meet-recording/data_sheets_historical/mangal all data sheet/PTM ROOFTOP/TMV ROOFTOP - DECEMBER 2025.xlsx,
2025-12-09 20:02:15,778.0,0.0,0.0,778.0,YESAP53440820434,2025-12-10 04:33:38,DEBIT_CARD,rooftop,meet-recording/data_sheets_historical/mangal all data sheet/PTM ROOFTOP/TMV ROOFTOP - DECEMBER 2025.xlsx,HDFC
2025-12-09 19:52:05,379.0,0.0,0.0,379.0,YESAP53440820434,2025-12-10 04:33:38,UPI,rooftop,meet-recording/data_sheets_historical/mangal all data sheet/PTM ROOFTOP/TMV ROOFTOP - DECEMBER 2025.xlsx,
2025-12-09 16:02:40,60.0,0.0,0.0,60.0,YESAP53440820434,2025-12-10 04:33:38,UPI,rooftop,meet-recording/data_sheets_historical/mangal all data sheet/PTM ROOFTOP/TMV ROOFTOP - DECEMBER 2025.xlsx,
2025-12-09 15:45:31,618.0,0.0,0.0,618.0,YESAP53440820434,2025-12-10 04:33:38,UPI,rooftop,meet-recording/data_sheets_historical/mangal all data sheet/PTM ROOFTOP/TMV ROOFTOP - DECEMBER 2025.xlsx,
2025-12-09 22:49:45,978.0,0.0,0.0,978.0,YESAP53440820434,2025-12-10 04:33:38,UPI,rooftop,meet-recording/data_sheets_historical/mangal all data sheet/PTM ROOFTOP/TMV ROOFTOP - DECEMBER 2025.xlsx,
2025-12-09 22:34:09,449.0,0.0,0.0,449.0,YESAP53440820434,2025-12-10 04:33:38,UPI,rooftop,meet-recording/data_sheets_historical/mangal all data sheet/PTM ROOFTOP/TMV ROOFTOP - DECEMBER 2025.xlsx,
2025-12-09 22:21:54,149.0,0.0,0.0,149.0,YESAP53440820434,2025-12-10 04:33:38,UPI,rooftop,meet-recording/data_sheets_historical/mangal all data sheet/PTM ROOFTOP/TMV ROOFTOP - DECEMBER 2025.xlsx,
2025-12-09 22:18:47,708.0,0.0,0.0,708.0,YESAP53440820434,2025-12-10 04:33:38,UPI,rooftop,meet-recording/data_sheets_historical/mangal all data sheet/PTM ROOFTOP/TMV ROOFTOP - DECEMBER 2025.xlsx,
2025-12-09 22:17:06,40.0,0.0,0.0,40.0,YESAP53440820434,2025-12-10 04:33:38,UPI,rooftop,meet-recording/data_sheets_historical/mangal all data sheet/PTM ROOFTOP/TMV ROOFTOP - DECEMBER 2025.xlsx,
2025-12-09 22:11:39,656.0,0.0,0.0,656.0,YESAP53440820434,2025-12-10 04:33:38,UPI,rooftop,meet-recording/data_sheets_historical/mangal all data sheet/PTM ROOFTOP/TMV ROOFTOP - DECEMBER 2025.xlsx,
2025-12-09 22:09:04,727.0,0.0,0.0,727.0,YESAP53440820434,2025-12-10 04:33:38,UPI,rooftop,meet-recording/data_sheets_historical/mangal all data sheet/PTM ROOFTOP/TMV ROOFTOP - DECEMBER 2025.xlsx,
2025-12-09 22:01:30,349.0,0.0,0.0,349.0,YESAP53440820434,2025-12-10 04:33:38,UPI,rooftop,meet-recording/data_sheets_historical/mangal all data sheet/PTM ROOFTOP/TMV ROOFTOP - DECEMBER 2025.xlsx,
2025-12-09 21:48:06,269.0,0.0,0.0,269.0,YESAP53440820434,2025-12-10 04:33:38,UPI,rooftop,meet-recording/data_sheets_historical/mangal all data sheet/PTM ROOFTOP/TMV ROOFTOP - DECEMBER 2025.xlsx,
,,,,,,,,rooftop,meet-recording/data_sheets_historical/mangal all data sheet/PTM ROOFTOP/TMV ROOFTOP - DECEMBER 2025.xlsx,
2025-12-10 09:33:23,318.0,0.0,0.0,318.0,YESAP53450150091,2025-12-11 02:10:17,UPI,rooftop,meet-recording/data_sheets_historical/mangal all data sheet/PTM ROOFTOP/TMV ROOFTOP - DECEMBER 2025.xlsx,
2025-12-10 09:30:39,600.0,0.0,0.0,600.0,YESAP53450150091,2025-12-11 02:10:17,UPI,rooftop,meet-recording/data_sheets_historical/mangal all data sheet/PTM ROOFTOP/TMV ROOFTOP - DECEMBER 2025.xlsx,
2025-12-10 14:45:06,933.0,0.0,0.0,933.0,YESAP53450150091,2025-12-11 02:10:17,UPI,rooftop,meet-recording/data_sheets_historical/mangal all data sheet/PTM ROOFTOP/TMV ROOFTOP - DECEMBER 2025.xlsx,
2025-12-10 14:35:58,1416.0,0.0,0.0,1416.0,YESAP53450150091,2025-12-11 02:10:17,UPI,rooftop,meet-recording/data_sheets_historical/mangal all data sheet/PTM ROOFTOP/TMV ROOFTOP - DECEMBER 2025.xlsx,
2025-12-10 14:23:33,1148.0,25.83,4.65,1117.52,YESAP53450150091,2025-12-11 02:10:17,UPI_CREDIT_CARD,rooftop,meet-recording/data_sheets_historical/mangal all data sheet/PTM ROOFTOP/TMV ROOFTOP - DECEMBER 2025.xlsx,
2025-12-10 13:27:21,559.0,0.0,0.0,559.0,YESAP53450150091,2025-12-11 02:10:17,UPI,rooftop,meet-recording/data_sheets_historical/mangal all data sheet/PTM ROOFTOP/TMV ROOFTOP - DECEMBER 2025.xlsx,
2025-12-10 12:21:38,120.0,0.0,0.0,120.0,YESAP53450150091,2025-12-11 02:10:17,UPI,rooftop,meet-recording/data_sheets_historical/mangal all data sheet/PTM ROOFTOP/TMV ROOFTOP - DECEMBER 2025.xlsx,
2025-12-10 09:57:19,600.0,0.0,0.0,600.0,YESAP53450150091,2025-12-11 02:10:17,UPI,rooftop,meet-recording/data_sheets_historical/mangal all data sheet/PTM ROOFTOP/TMV ROOFTOP - DECEMBER 2025.xlsx,
2025-12-10 21:30:58,168.0,0.0,0.0,168.0,YESAP53450150091,2025-12-11 02:10:17,UPI,rooftop,meet-recording/data_sheets_historical/mangal all data sheet/PTM ROOFTOP/TMV ROOFTOP - DECEMBER 2025.xlsx,
2025-12-10 21:02:28,1436.0,32.31,5.82,1397.87,YESAP53450150091,2025-12-11 02:10:17,UPI_CREDIT_CARD,rooftop,meet-recording/data_sheets_historical/mangal all data sheet/PTM ROOFTOP/TMV ROOFTOP - DECEMBER 2025.xlsx,
2025-12-10 20:08:59,3617.0,0.0,0.0,3617.0,YESAP53450150091,2025-12-11 02:10:17,UPI,rooftop,meet-recording/data_sheets_historical/mangal all data sheet/PTM ROOFTOP/TMV ROOFTOP - DECEMBER 2025.xlsx,
2025-12-10 19:20:32,1208.0,0.0,0.0,1208.0,YESAP53450150091,2025-12-11 02:10:17,UPI,rooftop,meet-recording/data_sheets_historical/mangal all data sheet/PTM ROOFTOP/TMV ROOFTOP - DECEMBER 2025.xlsx,
2025-12-10 22:51:36,1326.0,0.0,0.0,1326.0,YESAP53450150091,2025-12-11 02:10:17,UPI,rooftop,meet-recording/data_sheets_historical/mangal all data sheet/PTM ROOFTOP/TMV ROOFTOP - DECEMBER 2025.xlsx,
2025-12-10 22:29:39,469.0,0.0,0.0,469.0,YESAP53450150091,2025-12-11 02:10:17,UPI,rooftop,meet-recording/data_sheets_historical/mangal all data sheet/PTM ROOFTOP/TMV ROOFTOP - DECEMBER 2025.xlsx,
2025-12-10 21:56:07,1906.0,0.0,0.0,1906.0,YESAP53450150091,2025-12-11 02:10:17,UPI,rooftop,meet-recording/data_sheets_historical/mangal all data sheet/PTM ROOFTOP/TMV ROOFTOP - DECEMBER 2025.xlsx,
2025-12-10 21:45:11,2610.0,0.0,0.0,2610.0,YESAP53450150091,2025-12-11 02:10:17,UPI,rooftop,meet-recording/data_sheets_historical/mangal all data sheet/PTM ROOFTOP/TMV ROOFTOP - DECEMBER 2025.xlsx,
2025-12-10 21:43:21,3485.0,52.28,9.41,3423.31,YESAP53450150091,2025-12-11 02:10:17,CREDIT_CARD,rooftop,meet-recording/data_sheets_historical/mangal all data sheet/PTM ROOFTOP/TMV ROOFTOP - DECEMBER 2025.xlsx,HDFC
,,,,,,,,rooftop,meet-recording/data_sheets_historical/mangal all data sheet/PTM ROOFTOP/TMV ROOFTOP - DECEMBER 2025.xlsx,
2025-12-11 09:00:18,20.0,0.0,0.0,20.0,YESAP53460536926,2025-12-12 04:09:02,UPI_LITE,rooftop,meet-recording/data_sheets_historical/mangal all data sheet/PTM ROOFTOP/TMV ROOFTOP - DECEMBER 2025.xlsx,
2025-12-11 13:32:02,1376.0,20.64,0.0,1355.36,YESAP53460536926,2025-12-12 04:09:02,CREDIT_CARD,rooftop,meet-recording/data_sheets_historical/mangal all data sheet/PTM ROOFTOP/TMV ROOFTOP - DECEMBER 2025.xlsx,SBI
2025-12-11 13:01:19,628.0,14.13,2.54,611.33,YESAP53460536926,2025-12-12 04:09:02,UPI_CREDIT_CARD,rooftop,meet-recording/data_sheets_historical/mangal all data sheet/PTM ROOFTOP/TMV ROOFTOP - DECEMBER 2025.xlsx,
2025-12-11 12:25:40,568.0,0.0,0.0,568.0,YESAP53460536926,2025-12-12 04:09:02,UPI,rooftop,meet-recording/data_sheets_historical/mangal all data sheet/PTM ROOFTOP/TMV ROOFTOP - DECEMBER 2025.xlsx,
2025-12-11 21:40:21,1585.0,0.0,0.0,1585.0,YESAP53460536926,2025-12-12 04:09:02,UPI,rooftop,meet-recording/data_sheets_historical/mangal all data sheet/PTM ROOFTOP/TMV ROOFTOP - DECEMBER 2025.xlsx,
2025-12-11 21:32:42,20.0,0.0,0.0,20.0,YESAP53460536926,2025-12-12 04:09:02,UPI,rooftop,meet-recording/data_sheets_historical/mangal all data sheet/PTM ROOFTOP/TMV ROOFTOP - DECEMBER 2025.xlsx,
2025-12-11 21:19:20,60.0,0.0,0.0,60.0,YESAP53460536926,2025-12-12 04:09:02,UPI,rooftop,meet-recording/data_sheets_historical/mangal all data sheet/PTM ROOFTOP/TMV ROOFTOP - DECEMBER 2025.xlsx,
2025-12-11 21:17:25,1975.0,0.0,0.0,1975.0,YESAP53460536926,2025-12-12 04:09:02,UPI,rooftop,meet-recording/data_sheets_historical/mangal all data sheet/PTM ROOFTOP/TMV ROOFTOP - DECEMBER 2025.xlsx,
2025-12-11 21:10:20,40.0,0.0,0.0,40.0,YESAP53460536926,2025-12-12 04:09:02,UPI,rooftop,meet-recording/data_sheets_historical/mangal all data sheet/PTM ROOFTOP/TMV ROOFTOP - DECEMBER 2025.xlsx,
2025-12-11 21:06:14,299.0,0.0,0.0,299.0,YESAP53460536926,2025-12-12 04:09:02,UPI,rooftop,meet-recording/data_sheets_historical/mangal all data sheet/PTM ROOFTOP/TMV ROOFTOP - DECEMBER 2025.xlsx,
2025-12-11 21:00:21,120.0,0.0,0.0,120.0,YESAP53460536926,2025-12-12 04:09:02,UPI,rooftop,meet-recording/data_sheets_historical/mangal all data sheet/PTM ROOFTOP/TMV ROOFTOP - DECEMBER 2025.xlsx,
2025-12-11 20:53:01,1146.0,0.0,0.0,1146.0,YESAP53460536926,2025-12-12 04:09:02,UPI,rooftop,meet-recording/data_sheets_historical/mangal all data sheet/PTM ROOFTOP/TMV ROOFTOP - DECEMBER 2025.xlsx,
2025-12-11 20:15:43,1772.0,39.87,7.18,1724.95,YESAP53460536926,2025-12-12 04:09:02,UPI_CREDIT_CARD,rooftop,meet-recording/data_sheets_historical/mangal all data sheet/PTM ROOFTOP/TMV ROOFTOP - DECEMBER 2025.xlsx,
2025-12-11 18:53:15,418.0,0.0,0.0,418.0,YESAP53460536926,2025-12-12 04:09:02,UPI_PPIWALLET,rooftop,meet-recording/data_sheets_historical/mangal all data sheet/PTM ROOFTOP/TMV ROOFTOP - DECEMBER 2025.xlsx,
2025-12-11 16:28:28,698.0,0.0,0.0,698.0,YESAP53460536926,2025-12-12 04:09:02,UPI,rooftop,meet-recording/data_sheets_historical/mangal all data sheet/PTM ROOFTOP/TMV ROOFTOP - DECEMBER 2025.xlsx,
2025-12-11 15:56:46,358.0,8.06,1.45,348.49,YESAP53460536926,2025-12-12 04:09:02,UPI_CREDIT_CARD,rooftop,meet-recording/data_sheets_historical/mangal all data sheet/PTM ROOFTOP/TMV ROOFTOP - DECEMBER 2025.xlsx,
,,,,,,,,rooftop,meet-recording/data_sheets_historical/mangal all data sheet/PTM ROOFTOP/TMV ROOFTOP - DECEMBER 2025.xlsx,
2025-12-12 15:36:12,548.0,0.0,0.0,548.0,YESAP53470079081,2025-12-13 09:16:48,UPI,rooftop,meet-recording/data_sheets_historical/mangal all data sheet/PTM ROOFTOP/TMV ROOFTOP - DECEMBER 2025.xlsx,
2025-12-12 15:24:17,798.0,0.0,0.0,798.0,YESAP53470079081,2025-12-13 09:16:48,UPI,rooftop,meet-recording/data_sheets_historical/mangal all data sheet/PTM ROOFTOP/TMV ROOFTOP - DECEMBER 2025.xlsx,
2025-12-12 15:11:27,1187.0,0.0,0.0,1187.0,YESAP53470079081,2025-12-13 09:16:48,UPI,rooftop,meet-recording/data_sheets_historical/mangal all data sheet/PTM ROOFTOP/TMV ROOFTOP - DECEMBER 2025.xlsx,
2025-12-12 14:51:46,1073.0,0.0,0.0,1073.0,YESAP53470079081,2025-12-13 09:16:48,UPI,rooftop,meet-recording/data_sheets_historical/mangal all data sheet/PTM ROOFTOP/TMV ROOFTOP - DECEMBER 2025.xlsx,
2025-12-12 11:53:50,120.0,0.0,0.0,120.0,YESAP53470079081,2025-12-13 09:16:48,UPI,rooftop,meet-recording/data_sheets_historical/mangal all data sheet/PTM ROOFTOP/TMV ROOFTOP - DECEMBER 2025.xlsx,
2025-12-12 10:10:48,300.0,0.0,0.0,300.0,YESAP53470079081,2025-12-13 09:16:48,UPI,rooftop,meet-recording/data_sheets_historical/mangal all data sheet/PTM ROOFTOP/TMV ROOFTOP - DECEMBER 2025.xlsx,
2025-12-12 21:30:08,401.0,0.0,0.0,401.0,YESAP53470079081,2025-12-13 09:16:48,UPI,rooftop,meet-recording/data_sheets_historical/mangal all data sheet/PTM ROOFTOP/TMV ROOFTOP - DECEMBER 2025.xlsx,
2025-12-12 21:04:57,4032.0,0.0,0.0,4032.0,YESAP53470079081,2025-12-13 09:16:48,UPI,rooftop,meet-recording/data_sheets_historical/mangal all data sheet/PTM ROOFTOP/TMV ROOFTOP - DECEMBER 2025.xlsx,
2025-12-12 20:58:27,4086.0,61.29,11.03,4013.68,YESAP53470079081,2025-12-13 09:16:48,CREDIT_CARD,rooftop,meet-recording/data_sheets_historical/mangal all data sheet/PTM ROOFTOP/TMV ROOFTOP - DECEMBER 2025.xlsx,ICICI
2025-12-12 20:47:42,798.0,17.96,3.23,776.81,YESAP53470079081,2025-12-13 09:16:48,UPI_CREDIT_CARD,rooftop,meet-recording/data_sheets_historical/mangal all data sheet/PTM ROOFTOP/TMV ROOFTOP - DECEMBER 2025.xlsx,
2025-12-12 20:01:47,1979.0,29.69,0.0,1949.31,YESAP53470079081,2025-12-13 09:16:48,CREDIT_CARD,rooftop,meet-recording/data_sheets_historical/mangal all data sheet/PTM ROOFTOP/TMV ROOFTOP - DECEMBER 2025.xlsx,ICICI
2025-12-12 19:56:45,873.0,0.0,0.0,873.0,YESAP53470079081,2025-12-13 09:16:48,UPI,rooftop,meet-recording/data_sheets_historical/mangal all data sheet/PTM ROOFTOP/TMV ROOFTOP - DECEMBER 2025.xlsx,
2025-12-12 19:43:48,120.0,0.0,0.0,120.0,YESAP53470079081,2025-12-13 09:16:48,UPI,rooftop,meet-recording/data_sheets_historical/mangal all data sheet/PTM ROOFTOP/TMV ROOFTOP - DECEMBER 2025.xlsx,
2025-12-12 18:31:58,200.0,0.0,0.0,200.0,YESAP53470079081,2025-12-13 09:16:48,UPI,rooftop,meet-recording/data_sheets_historical/mangal all data sheet/PTM ROOFTOP/TMV ROOFTOP - DECEMBER 2025.xlsx,
2025-12-12 16:11:43,489.0,0.0,0.0,489.0,YESAP53470079081,2025-12-13 09:16:48,UPI,rooftop,meet-recording/data_sheets_historical/mangal all data sheet/PTM ROOFTOP/TMV ROOFTOP - DECEMBER 2025.xlsx,
2025-12-12 23:48:04,7246.0,0.0,0.0,7246.0,YESAP53470079081,2025-12-13 09:16:48,UPI,rooftop,meet-recording/data_sheets_historical/mangal all data sheet/PTM ROOFTOP/TMV ROOFTOP - DECEMBER 2025.xlsx,
2025-12-12 22:27:49,239.0,0.0,0.0,239.0,YESAP53470079081,2025-12-13 09:16:48,UPI,rooftop,meet-recording/data_sheets_historical/mangal all data sheet/PTM ROOFTOP/TMV ROOFTOP - DECEMBER 2025.xlsx,
2025-12-12 22:14:34,896.0,20.16,3.63,872.21,YESAP53470079081,2025-12-13 09:16:48,UPI_CREDIT_CARD,rooftop,meet-recording/data_sheets_historical/mangal all data sheet/PTM ROOFTOP/TMV ROOFTOP - DECEMBER 2025.xlsx,
2025-12-12 22:06:33,349.0,0.0,0.0,349.0,YESAP53470079081,2025-12-13 09:16:48,UPI,rooftop,meet-recording/data_sheets_historical/mangal all data sheet/PTM ROOFTOP/TMV ROOFTOP - DECEMBER 2025.xlsx,
2025-12-12 22:04:02,149.0,0.0,0.0,149.0,YESAP53470079081,2025-12-13 09:16:48,UPI,rooftop,meet-recording/data_sheets_historical/mangal all data sheet/PTM ROOFTOP/TMV ROOFTOP - DECEMBER 2025.xlsx,
2025-12-12 21:55:35,668.0,0.0,0.0,668.0,YESAP53470079081,2025-12-13 09:16:48,UPI,rooftop,meet-recording/data_sheets_historical/mangal all data sheet/PTM ROOFTOP/TMV ROOFTOP - DECEMBER 2025.xlsx,
2025-12-12 21:55:06,1491.0,22.37,0.0,1468.63,YESAP53470079081,2025-12-13 09:16:48,CREDIT_CARD,rooftop,meet-recording/data_sheets_historical/mangal all data sheet/PTM ROOFTOP/TMV ROOFTOP - DECEMBER 2025.xlsx,SBI
2025-12-12 21:49:33,398.0,0.0,0.0,398.0,YESAP53470079081,2025-12-13 09:16:48,UPI,rooftop,meet-recording/data_sheets_historical/mangal all data sheet/PTM ROOFTOP/TMV ROOFTOP - DECEMBER 2025.xlsx,
2025-12-12 21:49:12,783.0,0.0,0.0,783.0,YESAP53470079081,2025-12-13 09:16:48,UPI,rooftop,meet-recording/data_sheets_historical/mangal all data sheet/PTM ROOFTOP/TMV ROOFTOP - DECEMBER 2025.xlsx,
2025-12-12 21:48:44,1006.0,22.64,4.08,979.28,YESAP53470079081,2025-12-13 09:16:48,UPI_CREDIT_CARD,rooftop,meet-recording/data_sheets_historical/mangal all data sheet/PTM ROOFTOP/TMV ROOFTOP - DECEMBER 2025.xlsx,
,,,,,,,,rooftop,meet-recording/data_sheets_historical/mangal all data sheet/PTM ROOFTOP/TMV ROOFTOP - DECEMBER 2025.xlsx,
2025-12-13 15:22:54,767.0,0.0,0.0,767.0,YESAP53480773917,2025-12-14 04:48:59,UPI_LITE,rooftop,meet-recording/data_sheets_historical/mangal all data sheet/PTM ROOFTOP/TMV ROOFTOP - DECEMBER 2025.xlsx,
2025-12-13 14:09:25,898.0,13.47,0.0,884.53,YESAP53480773917,2025-12-14 04:48:59,CREDIT_CARD,rooftop,meet-recording/data_sheets_historical/mangal all data sheet/PTM ROOFTOP/TMV ROOFTOP - DECEMBER 2025.xlsx,HDFC
2025-12-13 13:40:06,684.0,15.39,2.77,665.84,YESAP53480773917,2025-12-14 04:48:59,UPI_CREDIT_CARD,rooftop,meet-recording/data_sheets_historical/mangal all data sheet/PTM ROOFTOP/TMV ROOFTOP - DECEMBER 2025.xlsx,
2025-12-13 21:16:46,897.0,0.0,0.0,897.0,YESAP53480773917,2025-12-14 04:48:59,UPI,rooftop,meet-recording/data_sheets_historical/mangal all data sheet/PTM ROOFTOP/TMV ROOFTOP - DECEMBER 2025.xlsx,
2025-12-13 21:15:00,10.0,0.0,0.0,10.0,YESAP53480773917,2025-12-14 04:48:59,UPI,rooftop,meet-recording/data_sheets_historical/mangal all data sheet/PTM ROOFTOP/TMV ROOFTOP - DECEMBER 2025.xlsx,
2025-12-13 21:14:08,497.0,0.0,0.0,497.0,YESAP53480773917,2025-12-14 04:48:59,UPI,rooftop,meet-recording/data_sheets_historical/mangal all data sheet/PTM ROOFTOP/TMV ROOFTOP - DECEMBER 2025.xlsx,
2025-12-13 21:13:58,554.0,0.0,0.0,554.0,YESAP53480773917,2025-12-14 04:48:59,UPI,rooftop,meet-recording/data_sheets_historical/mangal all data sheet/PTM ROOFTOP/TMV ROOFTOP - DECEMBER 2025.xlsx,
2025-12-13 21:08:37,1287.0,28.96,5.21,1252.83,YESAP53480773917,2025-12-14 04:48:59,UPI_CREDIT_CARD,rooftop,meet-recording/data_sheets_historical/mangal all data sheet/PTM ROOFTOP/TMV ROOFTOP - DECEMBER 2025.xlsx,
2025-12-13 21:02:12,962.0,21.16,0.0,940.84,YESAP53480773917,2025-12-14 04:48:59,DEBIT_CARD,rooftop,meet-recording/data_sheets_historical/mangal all data sheet/PTM ROOFTOP/TMV ROOFTOP - DECEMBER 2025.xlsx,HDFC
2025-12-13 20:55:17,2219.0,0.0,0.0,2219.0,YESAP53480773917,2025-12-14 04:48:59,UPI,rooftop,meet-recording/data_sheets_historical/mangal all data sheet/PTM ROOFTOP/TMV ROOFTOP - DECEMBER 2025.xlsx,
2025-12-13 20:54:54,1515.0,0.0,0.0,1515.0,YESAP53480773917,2025-12-14 04:48:59,UPI,rooftop,meet-recording/data_sheets_historical/mangal all data sheet/PTM ROOFTOP/TMV ROOFTOP - DECEMBER 2025.xlsx,
2025-12-13 20:38:38,40.0,0.9,0.16,38.94,YESAP53480773917,2025-12-14 04:48:59,UPI_CREDIT_CARD,rooftop,meet-recording/data_sheets_historical/mangal all data sheet/PTM ROOFTOP/TMV ROOFTOP - DECEMBER 2025.xlsx,
2025-12-13 20:28:06,2434.0,0.0,0.0,2434.0,YESAP53480773917,2025-12-14 04:48:59,UPI,rooftop,meet-recording/data_sheets_historical/mangal all data sheet/PTM ROOFTOP/TMV ROOFTOP - DECEMBER 2025.xlsx,
2025-12-13 19:55:40,797.0,17.93,3.23,775.84,YESAP53480773917,2025-12-14 04:48:59,UPI_CREDIT_CARD,rooftop,meet-recording/data_sheets_historical/mangal all data sheet/PTM ROOFTOP/TMV ROOFTOP - DECEMBER 2025.xlsx,
2025-12-13 19:44:34,70.0,0.0,0.0,70.0,YESAP53480773917,2025-12-14 04:48:59,UPI,rooftop,meet-recording/data_sheets_historical/mangal all data sheet/PTM ROOFTOP/TMV ROOFTOP - DECEMBER 2025.xlsx,
2025-12-13 19:39:00,120.0,0.0,0.0,120.0,YESAP53480773917,2025-12-14 04:48:59,UPI,rooftop,meet-recording/data_sheets_historical/mangal all data sheet/PTM ROOFTOP/TMV ROOFTOP - DECEMBER 2025.xlsx,
2025-12-13 19:19:46,1206.0,27.14,4.89,1173.97,YESAP53480773917,2025-12-14 04:48:59,UPI_CREDIT_CARD,rooftop,meet-recording/data_sheets_historical/mangal all data sheet/PTM ROOFTOP/TMV ROOFTOP - DECEMBER 2025.xlsx,
2025-12-13 17:45:04,1167.0,26.26,4.73,1136.01,YESAP53480773917,2025-12-14 04:48:59,UPI_CREDIT_CARD,rooftop,meet-recording/data_sheets_historical/mangal all data sheet/PTM ROOFTOP/TMV ROOFTOP - DECEMBER 2025.xlsx,
2025-12-13 17:40:45,120.0,0.0,0.0,120.0,YESAP53480773917,2025-12-14 04:48:59,UPI,rooftop,meet-recording/data_sheets_historical/mangal all data sheet/PTM ROOFTOP/TMV ROOFTOP - DECEMBER 2025.xlsx,
2025-12-13 16:10:23,1017.0,0.0,0.0,1017.0,YESAP53480773917,2025-12-14 04:48:59,UPI,rooftop,meet-recording/data_sheets_historical/mangal all data sheet/PTM ROOFTOP/TMV ROOFTOP - DECEMBER 2025.xlsx,
2025-12-13 23:19:18,40.0,0.0,0.0,40.0,YESAP53480773917,2025-12-14 04:48:59,UPI,rooftop,meet-recording/data_sheets_historical/mangal all data sheet/PTM ROOFTOP/TMV ROOFTOP - DECEMBER 2025.xlsx,
2025-12-13 22:21:02,688.0,0.0,0.0,688.0,YESAP53480773917,2025-12-14 04:48:59,UPI,rooftop,meet-recording/data_sheets_historical/mangal all data sheet/PTM ROOFTOP/TMV ROOFTOP - DECEMBER 2025.xlsx,
2025-12-13 22:04:07,2023.0,0.0,0.0,2023.0,YESAP53480773917,2025-12-14 04:48:59,UPI,rooftop,meet-recording/data_sheets_historical/mangal all data sheet/PTM ROOFTOP/TMV ROOFTOP - DECEMBER 2025.xlsx,
2025-12-13 21:59:59,1555.0,0.0,0.0,1555.0,YESAP53480773917,2025-12-14 04:48:59,UPI,rooftop,meet-recording/data_sheets_historical/mangal all data sheet/PTM ROOFTOP/TMV ROOFTOP - DECEMBER 2025.xlsx,
2025-12-13 21:49:21,747.0,16.81,3.03,727.16,YESAP53480773917,2025-12-14 04:48:59,UPI_CREDIT_CARD,rooftop,meet-recording/data_sheets_historical/mangal all data sheet/PTM ROOFTOP/TMV ROOFTOP - DECEMBER 2025.xlsx,
,,,,,,,,rooftop,meet-recording/data_sheets_historical/mangal all data sheet/PTM ROOFTOP/TMV ROOFTOP - DECEMBER 2025.xlsx,
2025-12-14 09:39:55,40.0,0.0,0.0,40.0,YESAP53491828541,2025-12-15 04:47:34,UPI,rooftop,meet-recording/data_sheets_historical/mangal all data sheet/PTM ROOFTOP/TMV ROOFTOP - DECEMBER 2025.xlsx,
2025-12-14 08:53:07,600.0,0.0,0.0,600.0,YESAP53491828541,2025-12-15 04:47:34,UPI,rooftop,meet-recording/data_sheets_historical/mangal all data sheet/PTM ROOFTOP/TMV ROOFTOP - DECEMBER 2025.xlsx,
2025-12-14 15:03:07,813.0,0.0,0.0,813.0,YESAP53491828541,2025-12-15 04:47:34,UPI,rooftop,meet-recording/data_sheets_historical/mangal all data sheet/PTM ROOFTOP/TMV ROOFTOP - DECEMBER 2025.xlsx,
2025-12-14 14:45:12,379.0,0.0,0.0,379.0,YESAP53491828541,2025-12-15 04:47:34,UPI,rooftop,meet-recording/data_sheets_historical/mangal all data sheet/PTM ROOFTOP/TMV ROOFTOP - DECEMBER 2025.xlsx,
2025-12-14 21:35:38,14315.0,0.0,0.0,14315.0,YESAP53491828541,2025-12-15 04:47:34,DEBIT_CARD,rooftop,meet-recording/data_sheets_historical/mangal all data sheet/PTM ROOFTOP/TMV ROOFTOP - DECEMBER 2025.xlsx,IDBI
2025-12-14 21:33:55,718.0,0.0,0.0,718.0,YESAP53491828541,2025-12-15 04:47:34,UPI,rooftop,meet-recording/data_sheets_historical/mangal all data sheet/PTM ROOFTOP/TMV ROOFTOP - DECEMBER 2025.xlsx,
2025-12-14 21:20:02,838.0,0.0,0.0,838.0,YESAP53491828541,2025-12-15 04:47:34,UPI,rooftop,meet-recording/data_sheets_historical/mangal all data sheet/PTM ROOFTOP/TMV ROOFTOP - DECEMBER 2025.xlsx,
2025-12-14 21:07:29,1356.0,0.0,0.0,1356.0,YESAP53491828541,2025-12-15 04:47:34,UPI,rooftop,meet-recording/data_sheets_historical/mangal all data sheet/PTM ROOFTOP/TMV ROOFTOP - DECEMBER 2025.xlsx,
2025-12-14 20:53:29,40.0,0.0,0.0,40.0,YESAP53491828541,2025-12-15 04:47:34,UPI,rooftop,meet-recording/data_sheets_historical/mangal all data sheet/PTM ROOFTOP/TMV ROOFTOP - DECEMBER 2025.xlsx,
2025-12-14 20:37:34,489.0,0.0,0.0,489.0,YESAP53491828541,2025-12-15 04:47:34,UPI,rooftop,meet-recording/data_sheets_historical/mangal all data sheet/PTM ROOFTOP/TMV ROOFTOP - DECEMBER 2025.xlsx,
2025-12-14 19:33:04,70.0,0.0,0.0,70.0,YESAP53491828541,2025-12-15 04:47:34,UPI,rooftop,meet-recording/data_sheets_historical/mangal all data sheet/PTM ROOFTOP/TMV ROOFTOP - DECEMBER 2025.xlsx,
2025-12-14 18:45:00,594.0,13.37,2.41,578.22,YESAP53491828541,2025-12-15 04:47:34,UPI_CREDIT_CARD,rooftop,meet-recording/data_sheets_historical/mangal all data sheet/PTM ROOFTOP/TMV ROOFTOP - DECEMBER 2025.xlsx,
2025-12-14 16:55:06,60.0,0.0,0.0,60.0,YESAP53491828541,2025-12-15 04:47:34,UPI,rooftop,meet-recording/data_sheets_historical/mangal all data sheet/PTM ROOFTOP/TMV ROOFTOP - DECEMBER 2025.xlsx,
2025-12-14 22:56:06,1087.0,0.0,0.0,1087.0,YESAP53491828541,2025-12-15 04:47:34,UPI,rooftop,meet-recording/data_sheets_historical/mangal all data sheet/PTM ROOFTOP/TMV ROOFTOP - DECEMBER 2025.xlsx,
2025-12-14 22:35:42,1526.0,0.0,0.0,1526.0,YESAP53491828541,2025-12-15 04:47:34,UPI,rooftop,meet-recording/data_sheets_historical/mangal all data sheet/PTM ROOFTOP/TMV ROOFTOP - DECEMBER 2025.xlsx,
2025-12-14 22:28:23,99.0,0.0,0.0,99.0,YESAP53491828541,2025-12-15 04:47:34,UPI,rooftop,meet-recording/data_sheets_historical/mangal all data sheet/PTM ROOFTOP/TMV ROOFTOP - DECEMBER 2025.xlsx,
2025-12-14 22:07:20,1604.0,6.42,0.0,1597.58,YESAP53491828541,2025-12-15 04:47:34,DEBIT_CARD,rooftop,meet-recording/data_sheets_historical/mangal all data sheet/PTM ROOFTOP/TMV ROOFTOP - DECEMBER 2025.xlsx,SBI
2025-12-14 21:47:38,40.0,0.0,0.0,40.0,YESAP53491828541,2025-12-15 04:47:34,UPI,rooftop,meet-recording/data_sheets_historical/mangal all data sheet/PTM ROOFTOP/TMV ROOFTOP - DECEMBER 2025.xlsx,
,,,,,,,,rooftop,meet-recording/data_sheets_historical/mangal all data sheet/PTM ROOFTOP/TMV ROOFTOP - DECEMBER 2025.xlsx,
2025-12-15 09:33:36,150.0,0.0,0.0,150.0,YESAP53501558150,2025-12-16 04:32:23,UPI,rooftop,meet-recording/data_sheets_historical/mangal all data sheet/PTM ROOFTOP/TMV ROOFTOP - DECEMBER 2025.xlsx,
2025-12-15 15:04:14,379.0,0.0,0.0,379.0,YESAP53501558150,2025-12-16 04:32:23,UPI,rooftop,meet-recording/data_sheets_historical/mangal all data sheet/PTM ROOFTOP/TMV ROOFTOP - DECEMBER 2025.xlsx,
2025-12-15 14:39:28,708.0,0.0,0.0,708.0,YESAP53501558150,2025-12-16 04:32:23,UPI,rooftop,meet-recording/data_sheets_historical/mangal all data sheet/PTM ROOFTOP/TMV ROOFTOP - DECEMBER 2025.xlsx,
2025-12-15 13:05:14,40.0,0.0,0.0,40.0,YESAP53501558150,2025-12-16 04:32:23,UPI,rooftop,meet-recording/data_sheets_historical/mangal all data sheet/PTM ROOFTOP/TMV ROOFTOP - DECEMBER 2025.xlsx,
2025-12-15 11:59:58,198.0,0.0,0.0,198.0,YESAP53501558150,2025-12-16 04:32:23,UPI,rooftop,meet-recording/data_sheets_historical/mangal all data sheet/PTM ROOFTOP/TMV ROOFTOP - DECEMBER 2025.xlsx,
2025-12-15 09:58:22,300.0,0.0,0.0,300.0,YESAP53501558150,2025-12-16 04:32:23,UPI,rooftop,meet-recording/data_sheets_historical/mangal all data sheet/PTM ROOFTOP/TMV ROOFTOP - DECEMBER 2025.xlsx,
2025-12-15 21:32:11,40.0,0.0,0.0,40.0,YESAP53501558150,2025-12-16 04:32:23,UPI,rooftop,meet-recording/data_sheets_historical/mangal all data sheet/PTM ROOFTOP/TMV ROOFTOP - DECEMBER 2025.xlsx,
2025-12-15 21:13:30,747.0,0.0,0.0,747.0,YESAP53501558150,2025-12-16 04:32:23,UPI,rooftop,meet-recording/data_sheets_historical/mangal all data sheet/PTM ROOFTOP/TMV ROOFTOP - DECEMBER 2025.xlsx,
2025-12-15 20:57:15,3227.0,0.0,0.0,3227.0,YESAP53501558150,2025-12-16 04:32:23,UPI,rooftop,meet-recording/data_sheets_historical/mangal all data sheet/PTM ROOFTOP/TMV ROOFTOP - DECEMBER 2025.xlsx,
2025-12-15 18:25:23,60.0,0.0,0.0,60.0,YESAP53501558150,2025-12-16 04:32:23,UPI,rooftop,meet-recording/data_sheets_historical/mangal all data sheet/PTM ROOFTOP/TMV ROOFTOP - DECEMBER 2025.xlsx,
2025-12-15 17:54:26,1730.0,38.93,7.01,1684.06,YESAP53501558150,2025-12-16 04:32:23,UPI_CREDIT_CARD,rooftop,meet-recording/data_sheets_historical/mangal all data sheet/PTM ROOFTOP/TMV ROOFTOP - DECEMBER 2025.xlsx,
2025-12-15 17:51:49,3227.0,48.41,8.71,3169.88,YESAP53501558150,2025-12-16 04:32:23,CREDIT_CARD,rooftop,meet-recording/data_sheets_historical/mangal all data sheet/PTM ROOFTOP/TMV ROOFTOP - DECEMBER 2025.xlsx,SBI
2025-12-15 17:29:14,803.0,0.0,0.0,803.0,YESAP53501558150,2025-12-16 04:32:23,UPI,rooftop,meet-recording/data_sheets_historical/mangal all data sheet/PTM ROOFTOP/TMV ROOFTOP - DECEMBER 2025.xlsx,
2025-12-15 16:28:00,988.0,0.0,0.0,988.0,YESAP53501558150,2025-12-16 04:32:23,UPI,rooftop,meet-recording/data_sheets_historical/mangal all data sheet/PTM ROOFTOP/TMV ROOFTOP - DECEMBER 2025.xlsx,
2025-12-15 16:11:20,429.0,0.0,0.0,429.0,YESAP53501558150,2025-12-16 04:32:23,UPI,rooftop,meet-recording/data_sheets_historical/mangal all data sheet/PTM ROOFTOP/TMV ROOFTOP - DECEMBER 2025.xlsx,
2025-12-15 16:08:10,60.0,0.0,0.0,60.0,YESAP53501558150,2025-12-16 04:32:23,UPI,rooftop,meet-recording/data_sheets_historical/mangal all data sheet/PTM ROOFTOP/TMV ROOFTOP - DECEMBER 2025.xlsx,
2025-12-15 15:57:57,60.0,0.0,0.0,60.0,YESAP53501558150,2025-12-16 04:32:23,UPI,rooftop,meet-recording/data_sheets_historical/mangal all data sheet/PTM ROOFTOP/TMV ROOFTOP - DECEMBER 2025.xlsx,
2025-12-15 22:55:38,1464.0,0.0,0.0,1464.0,YESAP53501558150,2025-12-16 04:32:23,UPI,rooftop,meet-recording/data_sheets_historical/mangal all data sheet/PTM ROOFTOP/TMV ROOFTOP - DECEMBER 2025.xlsx,
2025-12-15 22:19:39,797.0,0.0,0.0,797.0,YESAP53501558150,2025-12-16 04:32:23,UPI,rooftop,meet-recording/data_sheets_historical/mangal all data sheet/PTM ROOFTOP/TMV ROOFTOP - DECEMBER 2025.xlsx,
2025-12-15 22:06:32,729.0,0.0,0.0,729.0,YESAP53501558150,2025-12-16 04:32:23,UPI,rooftop,meet-recording/data_sheets_historical/mangal all data sheet/PTM ROOFTOP/TMV ROOFTOP - DECEMBER 2025.xlsx,
,,,,,,,,rooftop,meet-recording/data_sheets_historical/mangal all data sheet/PTM ROOFTOP/TMV ROOFTOP - DECEMBER 2025.xlsx,
2025-12-16 07:48:18,20.0,0.0,0.0,20.0,YESAP53511047156,2025-12-17 03:57:51,UPI,rooftop,meet-recording/data_sheets_historical/mangal all data sheet/PTM ROOFTOP/TMV ROOFTOP - DECEMBER 2025.xlsx,
2025-12-16 15:19:38,629.0,0.0,0.0,629.0,YESAP53511047156,2025-12-17 03:57:51,UPI,rooftop,meet-recording/data_sheets_historical/mangal all data sheet/PTM ROOFTOP/TMV ROOFTOP - DECEMBER 2025.xlsx,
2025-12-16 09:56:24,300.0,0.0,0.0,300.0,YESAP53511047156,2025-12-17 03:57:51,UPI,rooftop,meet-recording/data_sheets_historical/mangal all data sheet/PTM ROOFTOP/TMV ROOFTOP - DECEMBER 2025.xlsx,
2025-12-16 09:49:00,99.0,0.0,0.0,99.0,YESAP53511047156,2025-12-17 03:57:51,UPI,rooftop,meet-recording/data_sheets_historical/mangal all data sheet/PTM ROOFTOP/TMV ROOFTOP - DECEMBER 2025.xlsx,
2025-12-16 21:38:58,950.0,0.0,0.0,950.0,YESAP53511047156,2025-12-17 03:57:51,UPI,rooftop,meet-recording/data_sheets_historical/mangal all data sheet/PTM ROOFTOP/TMV ROOFTOP - DECEMBER 2025.xlsx,
2025-12-16 21:26:50,349.0,0.0,0.0,349.0,YESAP53511047156,2025-12-17 03:57:51,UPI,rooftop,meet-recording/data_sheets_historical/mangal all data sheet/PTM ROOFTOP/TMV ROOFTOP - DECEMBER 2025.xlsx,
2025-12-16 20:59:12,289.0,6.5,1.17,281.33,YESAP53511047156,2025-12-17 03:57:51,UPI_CREDIT_CARD,rooftop,meet-recording/data_sheets_historical/mangal all data sheet/PTM ROOFTOP/TMV ROOFTOP - DECEMBER 2025.xlsx,
2025-12-16 20:25:29,179.0,0.0,0.0,179.0,YESAP53511047156,2025-12-17 03:57:51,UPI,rooftop,meet-recording/data_sheets_historical/mangal all data sheet/PTM ROOFTOP/TMV ROOFTOP - DECEMBER 2025.xlsx,
2025-12-16 23:05:32,709.0,0.0,0.0,709.0,YESAP53511047156,2025-12-17 03:57:51,UPI,rooftop,meet-recording/data_sheets_historical/mangal all data sheet/PTM ROOFTOP/TMV ROOFTOP - DECEMBER 2025.xlsx,
2025-12-16 22:59:50,1900.0,0.0,0.0,1900.0,YESAP53511047156,2025-12-17 03:57:51,UPI,rooftop,meet-recording/data_sheets_historical/mangal all data sheet/PTM ROOFTOP/TMV ROOFTOP - DECEMBER 2025.xlsx,
2025-12-16 22:32:01,1296.0,0.0,0.0,1296.0,YESAP53511047156,2025-12-17 03:57:51,UPI,rooftop,meet-recording/data_sheets_historical/mangal all data sheet/PTM ROOFTOP/TMV ROOFTOP - DECEMBER 2025.xlsx,
2025-12-16 22:20:45,10450.0,0.0,0.0,10450.0,YESAP53511047156,2025-12-17 03:57:51,DEBIT_CARD,rooftop,meet-recording/data_sheets_historical/mangal all data sheet/PTM ROOFTOP/TMV ROOFTOP - DECEMBER 2025.xlsx,IDBI
2025-12-16 22:20:17,20.0,0.0,0.0,20.0,YESAP53511047156,2025-12-17 03:57:51,UPI,rooftop,meet-recording/data_sheets_historical/mangal all data sheet/PTM ROOFTOP/TMV ROOFTOP - DECEMBER 2025.xlsx,
2025-12-16 21:54:40,1731.0,0.0,0.0,1731.0,YESAP53511047156,2025-12-17 03:57:51,UPI,rooftop,meet-recording/data_sheets_historical/mangal all data sheet/PTM ROOFTOP/TMV ROOFTOP - DECEMBER 2025.xlsx,
2025-12-16 21:42:08,748.0,0.0,0.0,748.0,YESAP53511047156,2025-12-17 03:57:51,UPI,rooftop,meet-recording/data_sheets_historical/mangal all data sheet/PTM ROOFTOP/TMV ROOFTOP - DECEMBER 2025.xlsx,
,,,,,,,,rooftop,meet-recording/data_sheets_historical/mangal all data sheet/PTM ROOFTOP/TMV ROOFTOP - DECEMBER 2025.xlsx,
2025-12-17 15:26:16,597.0,0.0,0.0,597.0,YESAP53521008543,2025-12-18 04:06:15,UPI,rooftop,meet-recording/data_sheets_historical/mangal all data sheet/PTM ROOFTOP/TMV ROOFTOP - DECEMBER 2025.xlsx,
2025-12-17 21:39:08,1336.0,0.0,0.0,1336.0,YESAP53521008543,2025-12-18 04:06:15,UPI,rooftop,meet-recording/data_sheets_historical/mangal all data sheet/PTM ROOFTOP/TMV ROOFTOP - DECEMBER 2025.xlsx,
2025-12-17 21:31:40,907.0,0.0,0.0,907.0,YESAP53521008543,2025-12-18 04:06:15,UPI,rooftop,meet-recording/data_sheets_historical/mangal all data sheet/PTM ROOFTOP/TMV ROOFTOP - DECEMBER 2025.xlsx,
2025-12-17 21:06:13,513.0,0.0,0.0,513.0,YESAP53521008543,2025-12-18 04:06:15,UPI,rooftop,meet-recording/data_sheets_historical/mangal all data sheet/PTM ROOFTOP/TMV ROOFTOP - DECEMBER 2025.xlsx,
2025-12-17 21:05:27,978.0,14.67,0.0,963.33,YESAP53521008543,2025-12-18 04:06:15,CREDIT_CARD,rooftop,meet-recording/data_sheets_historical/mangal all data sheet/PTM ROOFTOP/TMV ROOFTOP - DECEMBER 2025.xlsx,SBI
2025-12-17 21:02:53,1291.0,0.0,0.0,1291.0,YESAP53521008543,2025-12-18 04:06:15,UPI,rooftop,meet-recording/data_sheets_historical/mangal all data sheet/PTM ROOFTOP/TMV ROOFTOP - DECEMBER 2025.xlsx,
2025-12-17 20:47:57,748.0,0.0,0.0,748.0,YESAP53521008543,2025-12-18 04:06:15,UPI,rooftop,meet-recording/data_sheets_historical/mangal all data sheet/PTM ROOFTOP/TMV ROOFTOP - DECEMBER 2025.xlsx,
2025-12-17 20:46:55,1370.0,0.0,0.0,1370.0,YESAP53521008543,2025-12-18 04:06:15,UPI,rooftop,meet-recording/data_sheets_historical/mangal all data sheet/PTM ROOFTOP/TMV ROOFTOP - DECEMBER 2025.xlsx,
2025-12-17 20:09:42,757.0,0.0,0.0,757.0,YESAP53521008543,2025-12-18 04:06:15,UPI,rooftop,meet-recording/data_sheets_historical/mangal all data sheet/PTM ROOFTOP/TMV ROOFTOP - DECEMBER 2025.xlsx,
2025-12-17 19:33:35,798.0,0.0,0.0,798.0,YESAP53521008543,2025-12-18 04:06:15,UPI,rooftop,meet-recording/data_sheets_historical/mangal all data sheet/PTM ROOFTOP/TMV ROOFTOP - DECEMBER 2025.xlsx,
2025-12-17 18:51:49,120.0,0.0,0.0,120.0,YESAP53521008543,2025-12-18 04:06:15,UPI,rooftop,meet-recording/data_sheets_historical/mangal all data sheet/PTM ROOFTOP/TMV ROOFTOP - DECEMBER 2025.xlsx,
2025-12-17 18:07:49,309.0,0.0,0.0,309.0,YESAP53521008543,2025-12-18 04:06:15,UPI,rooftop,meet-recording/data_sheets_historical/mangal all data sheet/PTM ROOFTOP/TMV ROOFTOP - DECEMBER 2025.xlsx,
2025-12-17 16:09:08,369.0,0.0,0.0,369.0,YESAP53521008543,2025-12-18 04:06:15,UPI,rooftop,meet-recording/data_sheets_historical/mangal all data sheet/PTM ROOFTOP/TMV ROOFTOP - DECEMBER 2025.xlsx,
2025-12-17 22:09:01,797.0,0.0,0.0,797.0,YESAP53521008543,2025-12-18 04:06:15,UPI,rooftop,meet-recording/data_sheets_historical/mangal all data sheet/PTM ROOFTOP/TMV ROOFTOP - DECEMBER 2025.xlsx,
,,,,,,,,rooftop,meet-recording/data_sheets_historical/mangal all data sheet/PTM ROOFTOP/TMV ROOFTOP - DECEMBER 2025.xlsx,
2025-12-18 08:51:08,300.0,0.0,0.0,300.0,YESAP53530014289,2025-12-19 02:18:41,UPI,rooftop,meet-recording/data_sheets_historical/mangal all data sheet/PTM ROOFTOP/TMV ROOFTOP - DECEMBER 2025.xlsx,
2025-12-18 07:44:20,180.0,0.0,0.0,180.0,YESAP53530014289,2025-12-19 02:18:41,UPI,rooftop,meet-recording/data_sheets_historical/mangal all data sheet/PTM ROOFTOP/TMV ROOFTOP - DECEMBER 2025.xlsx,
2025-12-18 15:35:41,400.0,0.0,0.0,400.0,YESAP53530014289,2025-12-19 02:18:41,UPI,rooftop,meet-recording/data_sheets_historical/mangal all data sheet/PTM ROOFTOP/TMV ROOFTOP - DECEMBER 2025.xlsx,
2025-12-18 14:09:40,818.0,12.27,0.0,805.73,YESAP53530014289,2025-12-19 02:18:41,CREDIT_CARD,rooftop,meet-recording/data_sheets_historical/mangal all data sheet/PTM ROOFTOP/TMV ROOFTOP - DECEMBER 2025.xlsx,HDFC
2025-12-18 11:43:24,20.0,0.0,0.0,20.0,YESAP53530014289,2025-12-19 02:18:41,UPI,rooftop,meet-recording/data_sheets_historical/mangal all data sheet/PTM ROOFTOP/TMV ROOFTOP - DECEMBER 2025.xlsx,
2025-12-18 21:40:26,1529.0,0.0,0.0,1529.0,YESAP53530014289,2025-12-19 02:18:41,UPI,rooftop,meet-recording/data_sheets_historical/mangal all data sheet/PTM ROOFTOP/TMV ROOFTOP - DECEMBER 2025.xlsx,
2025-12-18 21:39:36,70.0,1.58,0.28,68.14,YESAP53530014289,2025-12-19 02:18:41,UPI_CREDIT_CARD,rooftop,meet-recording/data_sheets_historical/mangal all data sheet/PTM ROOFTOP/TMV ROOFTOP - DECEMBER 2025.xlsx,
2025-12-18 21:30:06,130.0,2.93,0.53,126.54,YESAP53530014289,2025-12-19 02:18:41,UPI_CREDIT_CARD,rooftop,meet-recording/data_sheets_historical/mangal all data sheet/PTM ROOFTOP/TMV ROOFTOP - DECEMBER 2025.xlsx,
2025-12-18 21:27:19,80.0,0.0,0.0,80.0,YESAP53530014289,2025-12-19 02:18:41,UPI,rooftop,meet-recording/data_sheets_historical/mangal all data sheet/PTM ROOFTOP/TMV ROOFTOP - DECEMBER 2025.xlsx,
2025-12-18 21:18:04,509.0,7.64,0.0,501.36,YESAP53530014289,2025-12-19 02:18:41,CREDIT_CARD,rooftop,meet-recording/data_sheets_historical/mangal all data sheet/PTM ROOFTOP/TMV ROOFTOP - DECEMBER 2025.xlsx,AXIS
2025-12-18 21:11:57,1815.0,0.0,0.0,1815.0,YESAP53530014289,2025-12-19 02:18:41,UPI,rooftop,meet-recording/data_sheets_historical/mangal all data sheet/PTM ROOFTOP/TMV ROOFTOP - DECEMBER 2025.xlsx,
2025-12-18 20:58:32,883.0,0.0,0.0,883.0,YESAP53530014289,2025-12-19 02:18:41,UPI,rooftop,meet-recording/data_sheets_historical/mangal all data sheet/PTM ROOFTOP/TMV ROOFTOP - DECEMBER 2025.xlsx,
2025-12-18 20:56:46,817.0,0.0,0.0,817.0,YESAP53530014289,2025-12-19 02:18:41,UPI,rooftop,meet-recording/data_sheets_historical/mangal all data sheet/PTM ROOFTOP/TMV ROOFTOP - DECEMBER 2025.xlsx,
2025-12-18 20:53:39,1515.0,22.73,0.0,1492.27,YESAP53530014289,2025-12-19 02:18:41,CREDIT_CARD,rooftop,meet-recording/data_sheets_historical/mangal all data sheet/PTM ROOFTOP/TMV ROOFTOP - DECEMBER 2025.xlsx,HDFC
2025-12-18 20:25:47,1187.0,41.55,0.0,1145.45,YESAP53530014289,2025-12-19 02:18:41,DEBIT_CARD,rooftop,meet-recording/data_sheets_historical/mangal all data sheet/PTM ROOFTOP/TMV ROOFTOP - DECEMBER 2025.xlsx,WIPA
2025-12-18 20:24:06,1096.0,0.0,0.0,1096.0,YESAP53530014289,2025-12-19 02:18:41,UPI,rooftop,meet-recording/data_sheets_historical/mangal all data sheet/PTM ROOFTOP/TMV ROOFTOP - DECEMBER 2025.xlsx,
2025-12-18 18:01:23,120.0,0.0,0.0,120.0,YESAP53530014289,2025-12-19 02:18:41,UPI,rooftop,meet-recording/data_sheets_historical/mangal all data sheet/PTM ROOFTOP/TMV ROOFTOP - DECEMBER 2025.xlsx,
2025-12-18 16:55:59,20.0,0.0,0.0,20.0,YESAP53530014289,2025-12-19 02:18:41,UPI,rooftop,meet-recording/data_sheets_historical/mangal all data sheet/PTM ROOFTOP/TMV ROOFTOP - DECEMBER 2025.xlsx,
2025-12-18 16:15:46,1342.0,0.0,0.0,1342.0,YESAP53530014289,2025-12-19 02:18:41,UPI,rooftop,meet-recording/data_sheets_historical/mangal all data sheet/PTM ROOFTOP/TMV ROOFTOP - DECEMBER 2025.xlsx,
2025-12-18 23:15:47,20.0,0.45,0.08,19.47,YESAP53530014289,2025-12-19 02:18:41,UPI_CREDIT_CARD,rooftop,meet-recording/data_sheets_historical/mangal all data sheet/PTM ROOFTOP/TMV ROOFTOP - DECEMBER 2025.xlsx,
2025-12-18 22:40:10,858.0,0.0,0.0,858.0,YESAP53530014289,2025-12-19 02:18:41,UPI,rooftop,meet-recording/data_sheets_historical/mangal all data sheet/PTM ROOFTOP/TMV ROOFTOP - DECEMBER 2025.xlsx,
2025-12-18 22:33:08,850.0,0.0,0.0,850.0,YESAP53530014289,2025-12-19 02:18:41,UPI,rooftop,meet-recording/data_sheets_historical/mangal all data sheet/PTM ROOFTOP/TMV ROOFTOP - DECEMBER 2025.xlsx,
2025-12-18 22:18:29,568.0,0.0,0.0,568.0,YESAP53530014289,2025-12-19 02:18:41,UPI,rooftop,meet-recording/data_sheets_historical/mangal all data sheet/PTM ROOFTOP/TMV ROOFTOP - DECEMBER 2025.xlsx,
2025-12-18 22:13:40,1025.0,0.0,0.0,1025.0,YESAP53530014289,2025-12-19 02:18:41,UPI,rooftop,meet-recording/data_sheets_historical/mangal all data sheet/PTM ROOFTOP/TMV ROOFTOP - DECEMBER 2025.xlsx,
2025-12-18 22:06:40,249.0,0.0,0.0,249.0,YESAP53530014289,2025-12-19 02:18:41,UPI,rooftop,meet-recording/data_sheets_historical/mangal all data sheet/PTM ROOFTOP/TMV ROOFTOP - DECEMBER 2025.xlsx,
,,,,,,,,rooftop,meet-recording/data_sheets_historical/mangal all data sheet/PTM ROOFTOP/TMV ROOFTOP - DECEMBER 2025.xlsx,
2025-12-19 08:14:11,20.0,0.0,0.0,20.0,YESAP53540221692,2025-12-20 02:18:19,UPI,rooftop,meet-recording/data_sheets_historical/mangal all data sheet/PTM ROOFTOP/TMV ROOFTOP - DECEMBER 2025.xlsx,
2025-12-19 15:03:02,1355.0,0.0,0.0,1355.0,YESAP53540221692,2025-12-20 02:18:19,UPI,rooftop,meet-recording/data_sheets_historical/mangal all data sheet/PTM ROOFTOP/TMV ROOFTOP - DECEMBER 2025.xlsx,
2025-12-19 14:32:19,1641.0,0.0,0.0,1641.0,YESAP53540221692,2025-12-20 02:18:19,UPI,rooftop,meet-recording/data_sheets_historical/mangal all data sheet/PTM ROOFTOP/TMV ROOFTOP - DECEMBER 2025.xlsx,
2025-12-19 10:09:06,300.0,0.0,0.0,300.0,YESAP53540221692,2025-12-20 02:18:19,UPI,rooftop,meet-recording/data_sheets_historical/mangal all data sheet/PTM ROOFTOP/TMV ROOFTOP - DECEMBER 2025.xlsx,
2025-12-19 21:35:26,1586.0,0.0,0.0,1586.0,YESAP53540221692,2025-12-20 02:18:19,UPI,rooftop,meet-recording/data_sheets_historical/mangal all data sheet/PTM ROOFTOP/TMV ROOFTOP - DECEMBER 2025.xlsx,
2025-12-19 21:27:05,249.0,0.0,0.0,249.0,YESAP53540221692,2025-12-20 02:18:19,UPI,rooftop,meet-recording/data_sheets_historical/mangal all data sheet/PTM ROOFTOP/TMV ROOFTOP - DECEMBER 2025.xlsx,
2025-12-19 21:21:28,249.0,0.0,0.0,249.0,YESAP53540221692,2025-12-20 02:18:19,UPI,rooftop,meet-recording/data_sheets_historical/mangal all data sheet/PTM ROOFTOP/TMV ROOFTOP - DECEMBER 2025.xlsx,
2025-12-19 21:20:54,548.0,0.0,0.0,548.0,YESAP53540221692,2025-12-20 02:18:19,UPI,rooftop,meet-recording/data_sheets_historical/mangal all data sheet/PTM ROOFTOP/TMV ROOFTOP - DECEMBER 2025.xlsx,
2025-12-19 20:57:34,1744.0,0.0,0.0,1744.0,YESAP53540221692,2025-12-20 02:18:19,UPI,rooftop,meet-recording/data_sheets_historical/mangal all data sheet/PTM ROOFTOP/TMV ROOFTOP - DECEMBER 2025.xlsx,
2025-12-19 20:21:30,458.0,10.31,1.86,445.83,YESAP53540221692,2025-12-20 02:18:19,UPI_CREDIT_CARD,rooftop,meet-recording/data_sheets_historical/mangal all data sheet/PTM ROOFTOP/TMV ROOFTOP - DECEMBER 2025.xlsx,
2025-12-19 20:16:00,1634.0,24.51,0.0,1609.49,YESAP53540221692,2025-12-20 02:18:19,CREDIT_CARD,rooftop,meet-recording/data_sheets_historical/mangal all data sheet/PTM ROOFTOP/TMV ROOFTOP - DECEMBER 2025.xlsx,SBI
2025-12-19 20:12:55,40.0,0.0,0.0,40.0,YESAP53540221692,2025-12-20 02:18:19,UPI,rooftop,meet-recording/data_sheets_historical/mangal all data sheet/PTM ROOFTOP/TMV ROOFTOP - DECEMBER 2025.xlsx,
2025-12-19 19:40:11,993.0,0.0,0.0,993.0,YESAP53540221692,2025-12-20 02:18:19,UPI,rooftop,meet-recording/data_sheets_historical/mangal all data sheet/PTM ROOFTOP/TMV ROOFTOP - DECEMBER 2025.xlsx,
2025-12-19 18:57:47,20.0,0.0,0.0,20.0,YESAP53540221692,2025-12-20 02:18:19,UPI,rooftop,meet-recording/data_sheets_historical/mangal all data sheet/PTM ROOFTOP/TMV ROOFTOP - DECEMBER 2025.xlsx,
2025-12-19 18:16:24,120.0,0.0,0.0,120.0,YESAP53540221692,2025-12-20 02:18:19,UPI,rooftop,meet-recording/data_sheets_historical/mangal all data sheet/PTM ROOFTOP/TMV ROOFTOP - DECEMBER 2025.xlsx,
2025-12-19 17:44:54,1376.0,48.16,0.0,1327.84,YESAP53540221692,2025-12-20 02:18:19,CREDIT_CARD,rooftop,meet-recording/data_sheets_historical/mangal all data sheet/PTM ROOFTOP/TMV ROOFTOP - DECEMBER 2025.xlsx,ADBA
2025-12-19 22:55:19,3041.0,106.44,19.16,2915.4,YESAP53540221692,2025-12-20 02:18:19,DEBIT_CARD,rooftop,meet-recording/data_sheets_historical/mangal all data sheet/PTM ROOFTOP/TMV ROOFTOP - DECEMBER 2025.xlsx,XBVM
2025-12-19 22:42:50,199.0,0.0,0.0,199.0,YESAP53540221692,2025-12-20 02:18:19,UPI,rooftop,meet-recording/data_sheets_historical/mangal all data sheet/PTM ROOFTOP/TMV ROOFTOP - DECEMBER 2025.xlsx,
2025-12-19 22:36:58,20.0,0.0,0.0,20.0,YESAP53540221692,2025-12-20 02:18:19,UPI,rooftop,meet-recording/data_sheets_historical/mangal all data sheet/PTM ROOFTOP/TMV ROOFTOP - DECEMBER 2025.xlsx,
2025-12-19 22:30:46,1087.0,0.0,0.0,1087.0,YESAP53540221692,2025-12-20 02:18:19,UPI,rooftop,meet-recording/data_sheets_historical/mangal all data sheet/PTM ROOFTOP/TMV ROOFTOP - DECEMBER 2025.xlsx,
2025-12-19 22:11:40,2691.0,0.0,0.0,2691.0,YESAP53540221692,2025-12-20 02:18:19,UPI,rooftop,meet-recording/data_sheets_historical/mangal all data sheet/PTM ROOFTOP/TMV ROOFTOP - DECEMBER 2025.xlsx,
2025-12-19 22:05:45,514.0,0.0,0.0,514.0,YESAP53540221692,2025-12-20 02:18:19,UPI,rooftop,meet-recording/data_sheets_historical/mangal all data sheet/PTM ROOFTOP/TMV ROOFTOP - DECEMBER 2025.xlsx,
2025-12-19 22:01:22,1336.0,0.0,0.0,1336.0,YESAP53540221692,2025-12-20 02:18:19,UPI,rooftop,meet-recording/data_sheets_historical/mangal all data sheet/PTM ROOFTOP/TMV ROOFTOP - DECEMBER 2025.xlsx,
2025-12-19 21:45:50,289.0,0.0,0.0,289.0,YESAP53540221692,2025-12-20 02:18:19,UPI,rooftop,meet-recording/data_sheets_historical/mangal all data sheet/PTM ROOFTOP/TMV ROOFTOP - DECEMBER 2025.xlsx,
,,,,,,,,rooftop,meet-recording/data_sheets_historical/mangal all data sheet/PTM ROOFTOP/TMV ROOFTOP - DECEMBER 2025.xlsx,
2025-12-20 09:21:13,300.0,0.0,0.0,300.0,YESAP53550234004,2025-12-21 02:21:45,UPI_LITE,rooftop,meet-recording/data_sheets_historical/mangal all data sheet/PTM ROOFTOP/TMV ROOFTOP - DECEMBER 2025.xlsx,
2025-12-20 14:19:38,80.0,0.0,0.0,80.0,YESAP53550234004,2025-12-21 02:21:45,UPI,rooftop,meet-recording/data_sheets_historical/mangal all data sheet/PTM ROOFTOP/TMV ROOFTOP - DECEMBER 2025.xlsx,
2025-12-20 14:05:01,678.0,0.0,0.0,678.0,YESAP53550234004,2025-12-21 02:21:45,UPI,rooftop,meet-recording/data_sheets_historical/mangal all data sheet/PTM ROOFTOP/TMV ROOFTOP - DECEMBER 2025.xlsx,
2025-12-20 21:40:16,489.0,0.0,0.0,489.0,YESAP53550234004,2025-12-21 02:21:45,UPI,rooftop,meet-recording/data_sheets_historical/mangal all data sheet/PTM ROOFTOP/TMV ROOFTOP - DECEMBER 2025.xlsx,
2025-12-20 21:30:12,40.0,0.0,0.0,40.0,YESAP53550234004,2025-12-21 02:21:45,UPI,rooftop,meet-recording/data_sheets_historical/mangal all data sheet/PTM ROOFTOP/TMV ROOFTOP - DECEMBER 2025.xlsx,
2025-12-20 21:16:07,828.0,0.0,0.0,828.0,YESAP53550234004,2025-12-21 02:21:45,UPI,rooftop,meet-recording/data_sheets_historical/mangal all data sheet/PTM ROOFTOP/TMV ROOFTOP - DECEMBER 2025.xlsx,
2025-12-20 21:07:37,1564.0,0.0,0.0,1564.0,YESAP53550234004,2025-12-21 02:21:45,UPI,rooftop,meet-recording/data_sheets_historical/mangal all data sheet/PTM ROOFTOP/TMV ROOFTOP - DECEMBER 2025.xlsx,
2025-12-20 21:07:10,249.0,5.6,1.01,242.39,YESAP53550234004,2025-12-21 02:21:45,UPI_CREDIT_CARD,rooftop,meet-recording/data_sheets_historical/mangal all data sheet/PTM ROOFTOP/TMV ROOFTOP - DECEMBER 2025.xlsx,
2025-12-20 20:51:31,1651.0,0.0,0.0,1651.0,YESAP53550234004,2025-12-21 02:21:45,UPI,rooftop,meet-recording/data_sheets_historical/mangal all data sheet/PTM ROOFTOP/TMV ROOFTOP - DECEMBER 2025.xlsx,
2025-12-20 20:42:08,1152.0,25.92,4.67,1121.41,YESAP53550234004,2025-12-21 02:21:45,UPI_CREDIT_CARD,rooftop,meet-recording/data_sheets_historical/mangal all data sheet/PTM ROOFTOP/TMV ROOFTOP - DECEMBER 2025.xlsx,
2025-12-20 20:21:50,399.0,0.0,0.0,399.0,YESAP53550234004,2025-12-21 02:21:45,UPI,rooftop,meet-recording/data_sheets_historical/mangal all data sheet/PTM ROOFTOP/TMV ROOFTOP - DECEMBER 2025.xlsx,
2025-12-20 20:18:11,598.0,0.0,0.0,598.0,YESAP53550234004,2025-12-21 02:21:45,UPI,rooftop,meet-recording/data_sheets_historical/mangal all data sheet/PTM ROOFTOP/TMV ROOFTOP - DECEMBER 2025.xlsx,
2025-12-20 19:49:42,967.0,0.0,0.0,967.0,YESAP53550234004,2025-12-21 02:21:45,UPI,rooftop,meet-recording/data_sheets_historical/mangal all data sheet/PTM ROOFTOP/TMV ROOFTOP - DECEMBER 2025.xlsx,
2025-12-20 19:37:59,808.0,0.0,0.0,808.0,YESAP53550234004,2025-12-21 02:21:45,UPI,rooftop,meet-recording/data_sheets_historical/mangal all data sheet/PTM ROOFTOP/TMV ROOFTOP - DECEMBER 2025.xlsx,
2025-12-20 18:15:29,70.0,0.0,0.0,70.0,YESAP53550234004,2025-12-21 02:21:45,UPI,rooftop,meet-recording/data_sheets_historical/mangal all data sheet/PTM ROOFTOP/TMV ROOFTOP - DECEMBER 2025.xlsx,
2025-12-20 15:52:31,1355.0,0.0,0.0,1355.0,YESAP53550234004,2025-12-21 02:21:45,UPI,rooftop,meet-recording/data_sheets_historical/mangal all data sheet/PTM ROOFTOP/TMV ROOFTOP - DECEMBER 2025.xlsx,
2025-12-20 23:07:14,1607.0,0.0,0.0,1607.0,YESAP53550234004,2025-12-21 02:21:45,UPI,rooftop,meet-recording/data_sheets_historical/mangal all data sheet/PTM ROOFTOP/TMV ROOFTOP - DECEMBER 2025.xlsx,
2025-12-20 22:57:21,40.0,0.0,0.0,40.0,YESAP53550234004,2025-12-21 02:21:45,UPI,rooftop,meet-recording/data_sheets_historical/mangal all data sheet/PTM ROOFTOP/TMV ROOFTOP - DECEMBER 2025.xlsx,
2025-12-20 22:47:06,299.0,4.49,0.0,294.51,YESAP53550234004,2025-12-21 02:21:45,CREDIT_CARD,rooftop,meet-recording/data_sheets_historical/mangal all data sheet/PTM ROOFTOP/TMV ROOFTOP - DECEMBER 2025.xlsx,HDFC
2025-12-20 22:38:19,1038.0,0.0,0.0,1038.0,YESAP53550234004,2025-12-21 02:21:45,UPI,rooftop,meet-recording/data_sheets_historical/mangal all data sheet/PTM ROOFTOP/TMV ROOFTOP - DECEMBER 2025.xlsx,
2025-12-20 22:01:32,60.0,0.0,0.0,60.0,YESAP53550234004,2025-12-21 02:21:45,UPI,rooftop,meet-recording/data_sheets_historical/mangal all data sheet/PTM ROOFTOP/TMV ROOFTOP - DECEMBER 2025.xlsx,
2025-12-20 22:00:05,378.0,0.0,0.0,378.0,YESAP53550234004,2025-12-21 02:21:45,UPI,rooftop,meet-recording/data_sheets_historical/mangal all data sheet/PTM ROOFTOP/TMV ROOFTOP - DECEMBER 2025.xlsx,
2025-12-20 21:59:43,500.0,0.0,0.0,500.0,YESAP53550234004,2025-12-21 02:21:45,UPI,rooftop,meet-recording/data_sheets_historical/mangal all data sheet/PTM ROOFTOP/TMV ROOFTOP - DECEMBER 2025.xlsx,
,,,,,,,,rooftop,meet-recording/data_sheets_historical/mangal all data sheet/PTM ROOFTOP/TMV ROOFTOP - DECEMBER 2025.xlsx,
2025-12-21 09:26:52,450.0,0.0,0.0,450.0,YESAP53560136351,2025-12-22 03:05:35,UPI,rooftop,meet-recording/data_sheets_historical/mangal all data sheet/PTM ROOFTOP/TMV ROOFTOP - DECEMBER 2025.xlsx,
2025-12-21 15:40:27,1146.0,0.0,0.0,1146.0,YESAP53560136351,2025-12-22 03:05:35,UPI,rooftop,meet-recording/data_sheets_historical/mangal all data sheet/PTM ROOFTOP/TMV ROOFTOP - DECEMBER 2025.xlsx,
2025-12-21 15:24:03,1425.0,0.0,0.0,1425.0,YESAP53560136351,2025-12-22 03:05:35,UPI,rooftop,meet-recording/data_sheets_historical/mangal all data sheet/PTM ROOFTOP/TMV ROOFTOP - DECEMBER 2025.xlsx,
2025-12-21 15:16:27,1545.0,23.18,0.0,1521.82,YESAP53560136351,2025-12-22 03:05:35,CREDIT_CARD,rooftop,meet-recording/data_sheets_historical/mangal all data sheet/PTM ROOFTOP/TMV ROOFTOP - DECEMBER 2025.xlsx,ICICI
2025-12-21 13:51:26,609.0,0.0,0.0,609.0,YESAP53560136351,2025-12-22 03:05:35,UPI,rooftop,meet-recording/data_sheets_historical/mangal all data sheet/PTM ROOFTOP/TMV ROOFTOP - DECEMBER 2025.xlsx,
2025-12-21 21:33:21,678.0,0.0,0.0,678.0,YESAP53560136351,2025-12-22 03:05:35,UPI,rooftop,meet-recording/data_sheets_historical/mangal all data sheet/PTM ROOFTOP/TMV ROOFTOP - DECEMBER 2025.xlsx,
2025-12-21 21:27:59,240.0,0.0,0.0,240.0,YESAP53560136351,2025-12-22 03:05:35,UPI,rooftop,meet-recording/data_sheets_historical/mangal all data sheet/PTM ROOFTOP/TMV ROOFTOP - DECEMBER 2025.xlsx,
2025-12-21 21:24:25,977.0,0.0,0.0,977.0,YESAP53560136351,2025-12-22 03:05:35,UPI,rooftop,meet-recording/data_sheets_historical/mangal all data sheet/PTM ROOFTOP/TMV ROOFTOP - DECEMBER 2025.xlsx,
2025-12-21 21:21:55,40.0,0.0,0.0,40.0,YESAP53560136351,2025-12-22 03:05:35,UPI,rooftop,meet-recording/data_sheets_historical/mangal all data sheet/PTM ROOFTOP/TMV ROOFTOP - DECEMBER 2025.xlsx,
2025-12-21 21:21:13,1266.0,18.99,0.0,1247.01,YESAP53560136351,2025-12-22 03:05:35,CREDIT_CARD,rooftop,meet-recording/data_sheets_historical/mangal all data sheet/PTM ROOFTOP/TMV ROOFTOP - DECEMBER 2025.xlsx,AXIS
2025-12-21 21:17:05,5051.0,0.0,0.0,5051.0,YESAP53560136351,2025-12-22 03:05:35,UPI,rooftop,meet-recording/data_sheets_historical/mangal all data sheet/PTM ROOFTOP/TMV ROOFTOP - DECEMBER 2025.xlsx,
2025-12-21 20:34:40,1564.0,0.0,0.0,1564.0,YESAP53560136351,2025-12-22 03:05:35,UPI,rooftop,meet-recording/data_sheets_historical/mangal all data sheet/PTM ROOFTOP/TMV ROOFTOP - DECEMBER 2025.xlsx,
2025-12-21 20:33:29,60.0,0.0,0.0,60.0,YESAP53560136351,2025-12-22 03:05:35,UPI,rooftop,meet-recording/data_sheets_historical/mangal all data sheet/PTM ROOFTOP/TMV ROOFTOP - DECEMBER 2025.xlsx,
2025-12-21 20:25:01,732.0,0.0,0.0,732.0,YESAP53560136351,2025-12-22 03:05:35,UPI,rooftop,meet-recording/data_sheets_historical/mangal all data sheet/PTM ROOFTOP/TMV ROOFTOP - DECEMBER 2025.xlsx,
2025-12-21 19:34:47,249.0,0.0,0.0,249.0,YESAP53560136351,2025-12-22 03:05:35,UPI,rooftop,meet-recording/data_sheets_historical/mangal all data sheet/PTM ROOFTOP/TMV ROOFTOP - DECEMBER 2025.xlsx,
2025-12-21 18:37:36,20.0,0.0,0.0,20.0,YESAP53560136351,2025-12-22 03:05:35,UPI,rooftop,meet-recording/data_sheets_historical/mangal all data sheet/PTM ROOFTOP/TMV ROOFTOP - DECEMBER 2025.xlsx,
2025-12-21 18:21:55,60.0,1.35,0.24,58.41,YESAP53560136351,2025-12-22 03:05:35,UPI_CREDIT_CARD,rooftop,meet-recording/data_sheets_historical/mangal all data sheet/PTM ROOFTOP/TMV ROOFTOP - DECEMBER 2025.xlsx,
2025-12-21 18:19:21,60.0,0.0,0.0,60.0,YESAP53560136351,2025-12-22 03:05:35,UPI,rooftop,meet-recording/data_sheets_historical/mangal all data sheet/PTM ROOFTOP/TMV ROOFTOP - DECEMBER 2025.xlsx,
2025-12-21 17:36:51,389.0,0.0,0.0,389.0,YESAP53560136351,2025-12-22 03:05:35,UPI,rooftop,meet-recording/data_sheets_historical/mangal all data sheet/PTM ROOFTOP/TMV ROOFTOP - DECEMBER 2025.xlsx,
2025-12-21 16:50:33,2559.0,0.0,0.0,2559.0,YESAP53560136351,2025-12-22 03:05:35,UPI,rooftop,meet-recording/data_sheets_historical/mangal all data sheet/PTM ROOFTOP/TMV ROOFTOP - DECEMBER 2025.xlsx,
2025-12-21 16:30:23,678.0,10.17,0.0,667.83,YESAP53560136351,2025-12-22 03:05:35,CREDIT_CARD,rooftop,meet-recording/data_sheets_historical/mangal all data sheet/PTM ROOFTOP/TMV ROOFTOP - DECEMBER 2025.xlsx,ONEC
2025-12-21 23:21:08,887.0,19.96,3.59,863.45,YESAP53560136351,2025-12-22 03:05:35,UPI_CREDIT_CARD,rooftop,meet-recording/data_sheets_historical/mangal all data sheet/PTM ROOFTOP/TMV ROOFTOP - DECEMBER 2025.xlsx,
2025-12-21 22:54:59,448.0,10.08,1.81,436.11,YESAP53560136351,2025-12-22 03:05:35,UPI_CREDIT_CARD,rooftop,meet-recording/data_sheets_historical/mangal all data sheet/PTM ROOFTOP/TMV ROOFTOP - DECEMBER 2025.xlsx,
2025-12-21 22:48:44,569.0,0.0,0.0,569.0,YESAP53560136351,2025-12-22 03:05:35,UPI,rooftop,meet-recording/data_sheets_historical/mangal all data sheet/PTM ROOFTOP/TMV ROOFTOP - DECEMBER 2025.xlsx,
2025-12-21 22:16:52,1006.0,0.0,0.0,1006.0,YESAP53560136351,2025-12-22 03:05:35,UPI,rooftop,meet-recording/data_sheets_historical/mangal all data sheet/PTM ROOFTOP/TMV ROOFTOP - DECEMBER 2025.xlsx,
2025-12-21 21:59:37,20.0,0.0,0.0,20.0,YESAP53560136351,2025-12-22 03:05:35,UPI,rooftop,meet-recording/data_sheets_historical/mangal all data sheet/PTM ROOFTOP/TMV ROOFTOP - DECEMBER 2025.xlsx,
2025-12-21 21:58:26,977.0,0.0,0.0,977.0,YESAP53560136351,2025-12-22 03:05:35,UPI,rooftop,meet-recording/data_sheets_historical/mangal all data sheet/PTM ROOFTOP/TMV ROOFTOP - DECEMBER 2025.xlsx,
2025-12-21 21:55:45,1207.0,18.11,0.0,1188.89,YESAP53560136351,2025-12-22 03:05:35,CREDIT_CARD,rooftop,meet-recording/data_sheets_historical/mangal all data sheet/PTM ROOFTOP/TMV ROOFTOP - DECEMBER 2025.xlsx,FDEB
2025-12-21 21:55:17,499.0,7.49,0.0,491.51,YESAP53560136351,2025-12-22 03:05:35,CREDIT_CARD,rooftop,meet-recording/data_sheets_historical/mangal all data sheet/PTM ROOFTOP/TMV ROOFTOP - DECEMBER 2025.xlsx,FDEB
2025-12-21 21:43:35,40.0,0.9,0.16,38.94,YESAP53560136351,2025-12-22 03:05:35,UPI_CREDIT_CARD,rooftop,meet-recording/data_sheets_historical/mangal all data sheet/PTM ROOFTOP/TMV ROOFTOP - DECEMBER 2025.xlsx,
,,,,,,,,rooftop,meet-recording/data_sheets_historical/mangal all data sheet/PTM ROOFTOP/TMV ROOFTOP - DECEMBER 2025.xlsx,
2025-12-22 00:31:32,40.0,0.9,0.16,38.94,YESAP53571466891,2025-12-23 04:39:22,UPI_CREDIT_CARD,rooftop,meet-recording/data_sheets_historical/mangal all data sheet/PTM ROOFTOP/TMV ROOFTOP - DECEMBER 2025.xlsx,
2025-12-22 09:09:38,40.0,0.0,0.0,40.0,YESAP53571466891,2025-12-23 04:39:22,UPI,rooftop,meet-recording/data_sheets_historical/mangal all data sheet/PTM ROOFTOP/TMV ROOFTOP - DECEMBER 2025.xlsx,
2025-12-22 07:14:46,40.0,0.0,0.0,40.0,YESAP53571466891,2025-12-23 04:39:22,UPI,rooftop,meet-recording/data_sheets_historical/mangal all data sheet/PTM ROOFTOP/TMV ROOFTOP - DECEMBER 2025.xlsx,
2025-12-22 14:54:09,249.0,0.0,0.0,249.0,YESAP53571466891,2025-12-23 04:39:22,UPI,rooftop,meet-recording/data_sheets_historical/mangal all data sheet/PTM ROOFTOP/TMV ROOFTOP - DECEMBER 2025.xlsx,
2025-12-22 14:33:36,359.0,8.08,1.45,349.47,YESAP53571466891,2025-12-23 04:39:22,UPI_CREDIT_CARD,rooftop,meet-recording/data_sheets_historical/mangal all data sheet/PTM ROOFTOP/TMV ROOFTOP - DECEMBER 2025.xlsx,
2025-12-22 14:10:09,1037.0,0.0,0.0,1037.0,YESAP53571466891,2025-12-23 04:39:22,UPI,rooftop,meet-recording/data_sheets_historical/mangal all data sheet/PTM ROOFTOP/TMV ROOFTOP - DECEMBER 2025.xlsx,
2025-12-22 10:54:13,40.0,0.0,0.0,40.0,YESAP53571466891,2025-12-23 04:39:22,UPI,rooftop,meet-recording/data_sheets_historical/mangal all data sheet/PTM ROOFTOP/TMV ROOFTOP - DECEMBER 2025.xlsx,
2025-12-22 21:40:56,768.0,0.0,0.0,768.0,YESAP53571466891,2025-12-23 04:39:22,UPI,rooftop,meet-recording/data_sheets_historical/mangal all data sheet/PTM ROOFTOP/TMV ROOFTOP - DECEMBER 2025.xlsx,
2025-12-22 21:26:20,784.0,0.0,0.0,784.0,YESAP53571466891,2025-12-23 04:39:22,UPI,rooftop,meet-recording/data_sheets_historical/mangal all data sheet/PTM ROOFTOP/TMV ROOFTOP - DECEMBER 2025.xlsx,
2025-12-22 21:25:02,1193.0,41.76,0.0,1151.24,YESAP53571466891,2025-12-23 04:39:22,CREDIT_CARD,rooftop,meet-recording/data_sheets_historical/mangal all data sheet/PTM ROOFTOP/TMV ROOFTOP - DECEMBER 2025.xlsx,CAPB
2025-12-22 21:09:30,249.0,0.0,0.0,249.0,YESAP53571466891,2025-12-23 04:39:22,UPI,rooftop,meet-recording/data_sheets_historical/mangal all data sheet/PTM ROOFTOP/TMV ROOFTOP - DECEMBER 2025.xlsx,
2025-12-22 21:02:01,349.0,5.24,0.0,343.76,YESAP53571466891,2025-12-23 04:39:22,CREDIT_CARD,rooftop,meet-recording/data_sheets_historical/mangal all data sheet/PTM ROOFTOP/TMV ROOFTOP - DECEMBER 2025.xlsx,ICICI
2025-12-22 20:46:03,3549.0,0.0,0.0,3549.0,YESAP53571466891,2025-12-23 04:39:22,UPI,rooftop,meet-recording/data_sheets_historical/mangal all data sheet/PTM ROOFTOP/TMV ROOFTOP - DECEMBER 2025.xlsx,
2025-12-22 20:45:44,767.0,0.0,0.0,767.0,YESAP53571466891,2025-12-23 04:39:22,UPI,rooftop,meet-recording/data_sheets_historical/mangal all data sheet/PTM ROOFTOP/TMV ROOFTOP - DECEMBER 2025.xlsx,
2025-12-22 20:33:39,3290.0,49.35,8.88,3231.77,YESAP53571466891,2025-12-23 04:39:22,CREDIT_CARD,rooftop,meet-recording/data_sheets_historical/mangal all data sheet/PTM ROOFTOP/TMV ROOFTOP - DECEMBER 2025.xlsx,AXIS
2025-12-22 18:13:23,120.0,2.7,0.49,116.81,YESAP53571466891,2025-12-23 04:39:22,UPI_CREDIT_CARD,rooftop,meet-recording/data_sheets_historical/mangal all data sheet/PTM ROOFTOP/TMV ROOFTOP - DECEMBER 2025.xlsx,
2025-12-22 16:57:24,1207.0,0.0,0.0,1207.0,YESAP53571466891,2025-12-23 04:39:22,UPI,rooftop,meet-recording/data_sheets_historical/mangal all data sheet/PTM ROOFTOP/TMV ROOFTOP - DECEMBER 2025.xlsx,
2025-12-22 16:54:33,1237.0,0.0,0.0,1237.0,YESAP53571466891,2025-12-23 04:39:22,UPI,rooftop,meet-recording/data_sheets_historical/mangal all data sheet/PTM ROOFTOP/TMV ROOFTOP - DECEMBER 2025.xlsx,
2025-12-22 16:39:14,478.0,7.17,0.0,470.83,YESAP53571466891,2025-12-23 04:39:22,CREDIT_CARD,rooftop,meet-recording/data_sheets_historical/mangal all data sheet/PTM ROOFTOP/TMV ROOFTOP - DECEMBER 2025.xlsx,NKMB
2025-12-22 16:28:44,768.0,17.28,3.11,747.61,YESAP53571466891,2025-12-23 04:39:22,UPI_CREDIT_CARD,rooftop,meet-recording/data_sheets_historical/mangal all data sheet/PTM ROOFTOP/TMV ROOFTOP - DECEMBER 2025.xlsx,
2025-12-22 16:21:18,120.0,0.0,0.0,120.0,YESAP53571466891,2025-12-23 04:39:22,UPI,rooftop,meet-recording/data_sheets_historical/mangal all data sheet/PTM ROOFTOP/TMV ROOFTOP - DECEMBER 2025.xlsx,
2025-12-22 22:44:21,847.0,0.0,0.0,847.0,YESAP53571466891,2025-12-23 04:39:22,UPI,rooftop,meet-recording/data_sheets_historical/mangal all data sheet/PTM ROOFTOP/TMV ROOFTOP - DECEMBER 2025.xlsx,
2025-12-22 22:43:33,40.0,0.0,0.0,40.0,YESAP53571466891,2025-12-23 04:39:22,UPI,rooftop,meet-recording/data_sheets_historical/mangal all data sheet/PTM ROOFTOP/TMV ROOFTOP - DECEMBER 2025.xlsx,
2025-12-22 22:36:20,618.0,0.0,0.0,618.0,YESAP53571466891,2025-12-23 04:39:22,UPI,rooftop,meet-recording/data_sheets_historical/mangal all data sheet/PTM ROOFTOP/TMV ROOFTOP - DECEMBER 2025.xlsx,
2025-12-22 22:33:46,60.0,1.35,0.24,58.41,YESAP53571466891,2025-12-23 04:39:22,UPI_CREDIT_CARD,rooftop,meet-recording/data_sheets_historical/mangal all data sheet/PTM ROOFTOP/TMV ROOFTOP - DECEMBER 2025.xlsx,
2025-12-22 22:22:56,978.0,0.0,0.0,978.0,YESAP53571466891,2025-12-23 04:39:22,UPI,rooftop,meet-recording/data_sheets_historical/mangal all data sheet/PTM ROOFTOP/TMV ROOFTOP - DECEMBER 2025.xlsx,
2025-12-22 22:08:06,1177.0,0.0,0.0,1177.0,YESAP53571466891,2025-12-23 04:39:22,UPI,rooftop,meet-recording/data_sheets_historical/mangal all data sheet/PTM ROOFTOP/TMV ROOFTOP - DECEMBER 2025.xlsx,
2025-12-22 21:45:31,448.0,0.0,0.0,448.0,YESAP53571466891,2025-12-23 04:39:22,UPI,rooftop,meet-recording/data_sheets_historical/mangal all data sheet/PTM ROOFTOP/TMV ROOFTOP - DECEMBER 2025.xlsx,
2025-12-22 21:44:30,1783.0,0.0,0.0,1783.0,YESAP53571466891,2025-12-23 04:39:22,UPI,rooftop,meet-recording/data_sheets_historical/mangal all data sheet/PTM ROOFTOP/TMV ROOFTOP - DECEMBER 2025.xlsx,
,,,,,,,,rooftop,meet-recording/data_sheets_historical/mangal all data sheet/PTM ROOFTOP/TMV ROOFTOP - DECEMBER 2025.xlsx,
2025-12-23 15:39:28,269.0,0.0,0.0,269.0,YESAP53580331663,2025-12-24 02:59:10,UPI,rooftop,meet-recording/data_sheets_historical/mangal all data sheet/PTM ROOFTOP/TMV ROOFTOP - DECEMBER 2025.xlsx,
2025-12-23 15:25:08,1449.0,32.6,5.87,1410.53,YESAP53580331663,2025-12-24 02:59:10,UPI_CREDIT_CARD,rooftop,meet-recording/data_sheets_historical/mangal all data sheet/PTM ROOFTOP/TMV ROOFTOP - DECEMBER 2025.xlsx,
2025-12-23 14:32:45,718.0,0.0,0.0,718.0,YESAP53580331663,2025-12-24 02:59:10,UPI,rooftop,meet-recording/data_sheets_historical/mangal all data sheet/PTM ROOFTOP/TMV ROOFTOP - DECEMBER 2025.xlsx,
2025-12-23 13:48:37,249.0,5.6,1.01,242.39,YESAP53580331663,2025-12-24 02:59:10,UPI_CREDIT_CARD,rooftop,meet-recording/data_sheets_historical/mangal all data sheet/PTM ROOFTOP/TMV ROOFTOP - DECEMBER 2025.xlsx,
2025-12-23 21:22:29,1061.0,0.0,0.0,1061.0,YESAP53580331663,2025-12-24 02:59:10,UPI,rooftop,meet-recording/data_sheets_historical/mangal all data sheet/PTM ROOFTOP/TMV ROOFTOP - DECEMBER 2025.xlsx,
2025-12-23 21:21:20,1754.0,26.31,0.0,1727.69,YESAP53580331663,2025-12-24 02:59:10,CREDIT_CARD,rooftop,meet-recording/data_sheets_historical/mangal all data sheet/PTM ROOFTOP/TMV ROOFTOP - DECEMBER 2025.xlsx,SBI
2025-12-23 21:12:20,799.0,0.0,0.0,799.0,YESAP53580331663,2025-12-24 02:59:10,UPI,rooftop,meet-recording/data_sheets_historical/mangal all data sheet/PTM ROOFTOP/TMV ROOFTOP - DECEMBER 2025.xlsx,
2025-12-23 21:10:43,563.0,0.0,0.0,563.0,YESAP53580331663,2025-12-24 02:59:10,UPI,rooftop,meet-recording/data_sheets_historical/mangal all data sheet/PTM ROOFTOP/TMV ROOFTOP - DECEMBER 2025.xlsx,
2025-12-23 20:59:48,1633.0,57.16,0.0,1575.84,YESAP53580331663,2025-12-24 02:59:10,DEBIT_CARD,rooftop,meet-recording/data_sheets_historical/mangal all data sheet/PTM ROOFTOP/TMV ROOFTOP - DECEMBER 2025.xlsx,MONZ
2025-12-23 20:42:53,777.0,0.0,0.0,777.0,YESAP53580331663,2025-12-24 02:59:10,UPI,rooftop,meet-recording/data_sheets_historical/mangal all data sheet/PTM ROOFTOP/TMV ROOFTOP - DECEMBER 2025.xlsx,
2025-12-23 20:29:48,663.0,9.95,0.0,653.05,YESAP53580331663,2025-12-24 02:59:10,CREDIT_CARD,rooftop,meet-recording/data_sheets_historical/mangal all data sheet/PTM ROOFTOP/TMV ROOFTOP - DECEMBER 2025.xlsx,ICICI
2025-12-23 20:16:37,1126.0,0.0,0.0,1126.0,YESAP53580331663,2025-12-24 02:59:10,UPI,rooftop,meet-recording/data_sheets_historical/mangal all data sheet/PTM ROOFTOP/TMV ROOFTOP - DECEMBER 2025.xlsx,
2025-12-23 20:00:18,878.0,0.0,0.0,878.0,YESAP53580331663,2025-12-24 02:59:10,UPI,rooftop,meet-recording/data_sheets_historical/mangal all data sheet/PTM ROOFTOP/TMV ROOFTOP - DECEMBER 2025.xlsx,
2025-12-23 19:43:04,364.0,0.0,0.0,364.0,YESAP53580331663,2025-12-24 02:59:10,UPI,rooftop,meet-recording/data_sheets_historical/mangal all data sheet/PTM ROOFTOP/TMV ROOFTOP - DECEMBER 2025.xlsx,
2025-12-23 18:17:53,60.0,0.0,0.0,60.0,YESAP53580331663,2025-12-24 02:59:10,UPI,rooftop,meet-recording/data_sheets_historical/mangal all data sheet/PTM ROOFTOP/TMV ROOFTOP - DECEMBER 2025.xlsx,
2025-12-23 17:20:36,1605.0,0.0,0.0,1605.0,YESAP53580331663,2025-12-24 02:59:10,UPI,rooftop,meet-recording/data_sheets_historical/mangal all data sheet/PTM ROOFTOP/TMV ROOFTOP - DECEMBER 2025.xlsx,
2025-12-23 16:55:56,838.0,0.0,0.0,838.0,YESAP53580331663,2025-12-24 02:59:10,UPI,rooftop,meet-recording/data_sheets_historical/mangal all data sheet/PTM ROOFTOP/TMV ROOFTOP - DECEMBER 2025.xlsx,
2025-12-23 16:27:06,299.0,0.0,0.0,299.0,YESAP53580331663,2025-12-24 02:59:10,UPI,rooftop,meet-recording/data_sheets_historical/mangal all data sheet/PTM ROOFTOP/TMV ROOFTOP - DECEMBER 2025.xlsx,
2025-12-23 16:12:03,345.0,0.0,0.0,345.0,YESAP53580331663,2025-12-24 02:59:10,UPI,rooftop,meet-recording/data_sheets_historical/mangal all data sheet/PTM ROOFTOP/TMV ROOFTOP - DECEMBER 2025.xlsx,
2025-12-23 16:04:46,309.0,0.0,0.0,309.0,YESAP53580331663,2025-12-24 02:59:10,UPI,rooftop,meet-recording/data_sheets_historical/mangal all data sheet/PTM ROOFTOP/TMV ROOFTOP - DECEMBER 2025.xlsx,
2025-12-23 15:46:31,448.0,0.0,0.0,448.0,YESAP53580331663,2025-12-24 02:59:10,UPI,rooftop,meet-recording/data_sheets_historical/mangal all data sheet/PTM ROOFTOP/TMV ROOFTOP - DECEMBER 2025.xlsx,
2025-12-23 15:42:48,399.0,8.98,1.62,388.4,YESAP53580331663,2025-12-24 02:59:10,UPI_CREDIT_CARD,rooftop,meet-recording/data_sheets_historical/mangal all data sheet/PTM ROOFTOP/TMV ROOFTOP - DECEMBER 2025.xlsx,
2025-12-23 23:12:57,2339.0,52.63,9.47,2276.9,YESAP53580331663,2025-12-24 02:59:10,UPI_CREDIT_CARD,rooftop,meet-recording/data_sheets_historical/mangal all data sheet/PTM ROOFTOP/TMV ROOFTOP - DECEMBER 2025.xlsx,
2025-12-23 22:45:12,349.0,0.0,0.0,349.0,YESAP53580331663,2025-12-24 02:59:10,UPI,rooftop,meet-recording/data_sheets_historical/mangal all data sheet/PTM ROOFTOP/TMV ROOFTOP - DECEMBER 2025.xlsx,
2025-12-23 22:28:43,1872.0,0.0,0.0,1872.0,YESAP53580331663,2025-12-24 02:59:10,UPI,rooftop,meet-recording/data_sheets_historical/mangal all data sheet/PTM ROOFTOP/TMV ROOFTOP - DECEMBER 2025.xlsx,
2025-12-23 21:49:24,1440.0,0.0,0.0,1440.0,YESAP53580331663,2025-12-24 02:59:10,UPI,rooftop,meet-recording/data_sheets_historical/mangal all data sheet/PTM ROOFTOP/TMV ROOFTOP - DECEMBER 2025.xlsx,
,,,,,,,,rooftop,meet-recording/data_sheets_historical/mangal all data sheet/PTM ROOFTOP/TMV ROOFTOP - DECEMBER 2025.xlsx,
2025-12-24 08:54:53,1271.0,19.07,0.0,1251.93,YESAP53594170641,2025-12-25 07:52:54,CREDIT_CARD,rooftop,meet-recording/data_sheets_historical/mangal all data sheet/PTM ROOFTOP/TMV ROOFTOP - DECEMBER 2025.xlsx,HDFC
2025-12-24 14:40:09,240.0,0.0,0.0,240.0,YESAP53594170641,2025-12-25 07:52:54,UPI,rooftop,meet-recording/data_sheets_historical/mangal all data sheet/PTM ROOFTOP/TMV ROOFTOP - DECEMBER 2025.xlsx,
2025-12-24 14:13:54,853.0,0.0,0.0,853.0,YESAP53594170641,2025-12-25 07:52:54,UPI,rooftop,meet-recording/data_sheets_historical/mangal all data sheet/PTM ROOFTOP/TMV ROOFTOP - DECEMBER 2025.xlsx,
2025-12-24 10:31:23,20.0,0.0,0.0,20.0,YESAP53594170641,2025-12-25 07:52:54,UPI,rooftop,meet-recording/data_sheets_historical/mangal all data sheet/PTM ROOFTOP/TMV ROOFTOP - DECEMBER 2025.xlsx,
2025-12-24 21:39:03,1387.0,0.0,0.0,1387.0,YESAP53594170641,2025-12-25 07:52:54,UPI,rooftop,meet-recording/data_sheets_historical/mangal all data sheet/PTM ROOFTOP/TMV ROOFTOP - DECEMBER 2025.xlsx,
2025-12-24 21:37:18,1286.0,28.94,5.21,1251.85,YESAP53594170641,2025-12-25 07:52:54,UPI_CREDIT_CARD,rooftop,meet-recording/data_sheets_historical/mangal all data sheet/PTM ROOFTOP/TMV ROOFTOP - DECEMBER 2025.xlsx,
2025-12-24 21:13:23,1384.0,48.44,0.0,1335.56,YESAP53594170641,2025-12-25 07:52:54,DEBIT_CARD,rooftop,meet-recording/data_sheets_historical/mangal all data sheet/PTM ROOFTOP/TMV ROOFTOP - DECEMBER 2025.xlsx,MONZ
2025-12-24 21:01:18,878.0,0.0,0.0,878.0,YESAP53594170641,2025-12-25 07:52:54,UPI,rooftop,meet-recording/data_sheets_historical/mangal all data sheet/PTM ROOFTOP/TMV ROOFTOP - DECEMBER 2025.xlsx,
2025-12-24 20:58:26,738.0,0.0,0.0,738.0,YESAP53594170641,2025-12-25 07:52:54,UPI,rooftop,meet-recording/data_sheets_historical/mangal all data sheet/PTM ROOFTOP/TMV ROOFTOP - DECEMBER 2025.xlsx,
2025-12-24 20:49:58,1227.0,18.41,0.0,1208.59,YESAP53594170641,2025-12-25 07:52:54,CREDIT_CARD,rooftop,meet-recording/data_sheets_historical/mangal all data sheet/PTM ROOFTOP/TMV ROOFTOP - DECEMBER 2025.xlsx,IDFC
2025-12-24 20:16:52,888.0,0.0,0.0,888.0,YESAP53594170641,2025-12-25 07:52:54,UPI,rooftop,meet-recording/data_sheets_historical/mangal all data sheet/PTM ROOFTOP/TMV ROOFTOP - DECEMBER 2025.xlsx,
2025-12-24 20:03:12,528.0,0.0,0.0,528.0,YESAP53594170641,2025-12-25 07:52:54,UPI,rooftop,meet-recording/data_sheets_historical/mangal all data sheet/PTM ROOFTOP/TMV ROOFTOP - DECEMBER 2025.xlsx,
2025-12-24 18:19:04,369.0,5.54,0.0,363.46,YESAP53594170641,2025-12-25 07:52:54,CREDIT_CARD,rooftop,meet-recording/data_sheets_historical/mangal all data sheet/PTM ROOFTOP/TMV ROOFTOP - DECEMBER 2025.xlsx,HDFC
2025-12-24 16:50:16,180.0,6.3,0.0,173.7,YESAP53594170641,2025-12-25 07:52:54,DEBIT_CARD,rooftop,meet-recording/data_sheets_historical/mangal all data sheet/PTM ROOFTOP/TMV ROOFTOP - DECEMBER 2025.xlsx,MONZ
2025-12-24 16:25:09,489.0,11.0,1.98,476.02,YESAP53594170641,2025-12-25 07:52:54,UPI_CREDIT_CARD,rooftop,meet-recording/data_sheets_historical/mangal all data sheet/PTM ROOFTOP/TMV ROOFTOP - DECEMBER 2025.xlsx,
2025-12-24 16:04:31,579.0,8.69,0.0,570.31,YESAP53594170641,2025-12-25 07:52:54,CREDIT_CARD,rooftop,meet-recording/data_sheets_historical/mangal all data sheet/PTM ROOFTOP/TMV ROOFTOP - DECEMBER 2025.xlsx,AXIS
2025-12-24 15:58:49,1296.0,19.44,0.0,1276.56,YESAP53594170641,2025-12-25 07:52:54,CREDIT_CARD,rooftop,meet-recording/data_sheets_historical/mangal all data sheet/PTM ROOFTOP/TMV ROOFTOP - DECEMBER 2025.xlsx,ICICI
2025-12-24 15:44:45,514.0,0.0,0.0,514.0,YESAP53594170641,2025-12-25 07:52:54,UPI,rooftop,meet-recording/data_sheets_historical/mangal all data sheet/PTM ROOFTOP/TMV ROOFTOP - DECEMBER 2025.xlsx,
2025-12-24 22:43:09,1166.0,17.49,0.0,1148.51,YESAP53594170641,2025-12-25 07:52:54,CREDIT_CARD,rooftop,meet-recording/data_sheets_historical/mangal all data sheet/PTM ROOFTOP/TMV ROOFTOP - DECEMBER 2025.xlsx,ICICI
2025-12-24 22:23:20,977.0,0.0,0.0,977.0,YESAP53594170641,2025-12-25 07:52:54,UPI,rooftop,meet-recording/data_sheets_historical/mangal all data sheet/PTM ROOFTOP/TMV ROOFTOP - DECEMBER 2025.xlsx,
2025-12-24 22:19:38,1764.0,0.0,0.0,1764.0,YESAP53594170641,2025-12-25 07:52:54,UPI,rooftop,meet-recording/data_sheets_historical/mangal all data sheet/PTM ROOFTOP/TMV ROOFTOP - DECEMBER 2025.xlsx,
2025-12-24 22:17:31,1047.0,0.0,0.0,1047.0,YESAP53594170641,2025-12-25 07:52:54,UPI,rooftop,meet-recording/data_sheets_historical/mangal all data sheet/PTM ROOFTOP/TMV ROOFTOP - DECEMBER 2025.xlsx,
2025-12-24 22:12:30,4324.0,0.0,0.0,4324.0,YESAP53594170641,2025-12-25 07:52:54,UPI,rooftop,meet-recording/data_sheets_historical/mangal all data sheet/PTM ROOFTOP/TMV ROOFTOP - DECEMBER 2025.xlsx,
2025-12-24 22:11:43,937.0,14.06,0.0,922.94,YESAP53594170641,2025-12-25 07:52:54,CREDIT_CARD,rooftop,meet-recording/data_sheets_historical/mangal all data sheet/PTM ROOFTOP/TMV ROOFTOP - DECEMBER 2025.xlsx,HDFC
2025-12-24 22:09:43,588.0,15.29,0.0,572.71,YESAP53594170641,2025-12-25 07:52:54,CREDIT_CARD,rooftop,meet-recording/data_sheets_historical/mangal all data sheet/PTM ROOFTOP/TMV ROOFTOP - DECEMBER 2025.xlsx,AMEX
2025-12-24 22:08:35,544.0,0.0,0.0,544.0,YESAP53594170641,2025-12-25 07:52:54,UPI,rooftop,meet-recording/data_sheets_historical/mangal all data sheet/PTM ROOFTOP/TMV ROOFTOP - DECEMBER 2025.xlsx,
2025-12-24 21:58:20,1216.0,0.0,0.0,1216.0,YESAP53594170641,2025-12-25 07:52:54,UPI,rooftop,meet-recording/data_sheets_historical/mangal all data sheet/PTM ROOFTOP/TMV ROOFTOP - DECEMBER 2025.xlsx,
2025-12-24 21:45:54,609.0,0.0,0.0,609.0,YESAP53594170641,2025-12-25 07:52:54,UPI,rooftop,meet-recording/data_sheets_historical/mangal all data sheet/PTM ROOFTOP/TMV ROOFTOP - DECEMBER 2025.xlsx,
,,,,,,,,rooftop,meet-recording/data_sheets_historical/mangal all data sheet/PTM ROOFTOP/TMV ROOFTOP - DECEMBER 2025.xlsx,
2025-12-25 01:02:07,60.0,0.0,0.0,60.0,YESAP53602019417,2025-12-26 04:59:05,UPI,rooftop,meet-recording/data_sheets_historical/mangal all data sheet/PTM ROOFTOP/TMV ROOFTOP - DECEMBER 2025.xlsx,
2025-12-25 15:36:24,1426.0,21.39,0.0,1404.61,YESAP53602019417,2025-12-26 04:59:05,CREDIT_CARD,rooftop,meet-recording/data_sheets_historical/mangal all data sheet/PTM ROOFTOP/TMV ROOFTOP - DECEMBER 2025.xlsx,HDFC
2025-12-25 15:34:25,479.0,0.0,0.0,479.0,YESAP53602019417,2025-12-26 04:59:05,UPI,rooftop,meet-recording/data_sheets_historical/mangal all data sheet/PTM ROOFTOP/TMV ROOFTOP - DECEMBER 2025.xlsx,
2025-12-25 15:25:35,639.0,0.0,0.0,639.0,YESAP53602019417,2025-12-26 04:59:05,UPI,rooftop,meet-recording/data_sheets_historical/mangal all data sheet/PTM ROOFTOP/TMV ROOFTOP - DECEMBER 2025.xlsx,
2025-12-25 15:21:14,933.0,20.99,3.78,908.23,YESAP53602019417,2025-12-26 04:59:05,UPI_CREDIT_CARD,rooftop,meet-recording/data_sheets_historical/mangal all data sheet/PTM ROOFTOP/TMV ROOFTOP - DECEMBER 2025.xlsx,
2025-12-25 14:41:26,4907.0,0.0,0.0,4907.0,YESAP53602019417,2025-12-26 04:59:05,UPI,rooftop,meet-recording/data_sheets_historical/mangal all data sheet/PTM ROOFTOP/TMV ROOFTOP - DECEMBER 2025.xlsx,
2025-12-25 14:40:09,1721.0,38.72,6.97,1675.31,YESAP53602019417,2025-12-26 04:59:05,UPI_CREDIT_CARD,rooftop,meet-recording/data_sheets_historical/mangal all data sheet/PTM ROOFTOP/TMV ROOFTOP - DECEMBER 2025.xlsx,
2025-12-25 14:17:39,837.0,0.0,0.0,837.0,YESAP53602019417,2025-12-26 04:59:05,UPI,rooftop,meet-recording/data_sheets_historical/mangal all data sheet/PTM ROOFTOP/TMV ROOFTOP - DECEMBER 2025.xlsx,
2025-12-25 14:02:38,1565.0,0.0,0.0,1565.0,YESAP53602019417,2025-12-26 04:59:05,UPI,rooftop,meet-recording/data_sheets_historical/mangal all data sheet/PTM ROOFTOP/TMV ROOFTOP - DECEMBER 2025.xlsx,
2025-12-25 11:41:43,756.0,0.0,0.0,756.0,YESAP53602019417,2025-12-26 04:59:05,UPI,rooftop,meet-recording/data_sheets_historical/mangal all data sheet/PTM ROOFTOP/TMV ROOFTOP - DECEMBER 2025.xlsx,
2025-12-25 11:23:23,926.0,0.0,0.0,926.0,YESAP53602019417,2025-12-26 04:59:05,UPI,rooftop,meet-recording/data_sheets_historical/mangal all data sheet/PTM ROOFTOP/TMV ROOFTOP - DECEMBER 2025.xlsx,
2025-12-25 09:58:42,20.0,0.0,0.0,20.0,YESAP53602019417,2025-12-26 04:59:05,UPI,rooftop,meet-recording/data_sheets_historical/mangal all data sheet/PTM ROOFTOP/TMV ROOFTOP - DECEMBER 2025.xlsx,
2025-12-25 21:41:27,907.0,31.75,0.0,875.25,YESAP53602019417,2025-12-26 04:59:05,DEBIT_CARD,rooftop,meet-recording/data_sheets_historical/mangal all data sheet/PTM ROOFTOP/TMV ROOFTOP - DECEMBER 2025.xlsx,REVO
2025-12-25 21:39:49,887.0,0.0,0.0,887.0,YESAP53602019417,2025-12-26 04:59:05,UPI_LITE,rooftop,meet-recording/data_sheets_historical/mangal all data sheet/PTM ROOFTOP/TMV ROOFTOP - DECEMBER 2025.xlsx,
2025-12-25 21:26:26,1864.0,0.0,0.0,1864.0,YESAP53602019417,2025-12-26 04:59:05,UPI,rooftop,meet-recording/data_sheets_historical/mangal all data sheet/PTM ROOFTOP/TMV ROOFTOP - DECEMBER 2025.xlsx,
2025-12-25 21:22:32,498.0,12.95,0.0,485.05,YESAP53602019417,2025-12-26 04:59:05,CREDIT_CARD,rooftop,meet-recording/data_sheets_historical/mangal all data sheet/PTM ROOFTOP/TMV ROOFTOP - DECEMBER 2025.xlsx,AMEX
2025-12-25 21:00:04,2013.0,0.0,0.0,2013.0,YESAP53602019417,2025-12-26 04:59:05,UPI,rooftop,meet-recording/data_sheets_historical/mangal all data sheet/PTM ROOFTOP/TMV ROOFTOP - DECEMBER 2025.xlsx,
2025-12-25 20:57:28,40.0,0.0,0.0,40.0,YESAP53602019417,2025-12-26 04:59:05,UPI,rooftop,meet-recording/data_sheets_historical/mangal all data sheet/PTM ROOFTOP/TMV ROOFTOP - DECEMBER 2025.xlsx,
2025-12-25 20:28:16,1196.0,0.0,0.0,1196.0,YESAP53602019417,2025-12-26 04:59:05,UPI,rooftop,meet-recording/data_sheets_historical/mangal all data sheet/PTM ROOFTOP/TMV ROOFTOP - DECEMBER 2025.xlsx,
2025-12-25 20:08:24,1336.0,30.06,5.41,1300.53,YESAP53602019417,2025-12-26 04:59:05,UPI_CREDIT_CARD,rooftop,meet-recording/data_sheets_historical/mangal all data sheet/PTM ROOFTOP/TMV ROOFTOP - DECEMBER 2025.xlsx,
2025-12-25 20:04:42,309.0,0.0,0.0,309.0,YESAP53602019417,2025-12-26 04:59:05,UPI,rooftop,meet-recording/data_sheets_historical/mangal all data sheet/PTM ROOFTOP/TMV ROOFTOP - DECEMBER 2025.xlsx,
2025-12-25 19:04:15,1535.0,0.0,0.0,1535.0,YESAP53602019417,2025-12-26 04:59:05,UPI,rooftop,meet-recording/data_sheets_historical/mangal all data sheet/PTM ROOFTOP/TMV ROOFTOP - DECEMBER 2025.xlsx,
2025-12-25 18:49:46,199.0,0.0,0.0,199.0,YESAP53602019417,2025-12-26 04:59:05,UPI,rooftop,meet-recording/data_sheets_historical/mangal all data sheet/PTM ROOFTOP/TMV ROOFTOP - DECEMBER 2025.xlsx,
2025-12-25 18:49:20,419.0,0.0,0.0,419.0,YESAP53602019417,2025-12-26 04:59:05,UPI,rooftop,meet-recording/data_sheets_historical/mangal all data sheet/PTM ROOFTOP/TMV ROOFTOP - DECEMBER 2025.xlsx,
2025-12-25 18:07:02,239.0,0.0,0.0,239.0,YESAP53602019417,2025-12-26 04:59:05,UPI,rooftop,meet-recording/data_sheets_historical/mangal all data sheet/PTM ROOFTOP/TMV ROOFTOP - DECEMBER 2025.xlsx,
2025-12-25 18:01:22,180.0,0.0,0.0,180.0,YESAP53602019417,2025-12-26 04:59:05,UPI,rooftop,meet-recording/data_sheets_historical/mangal all data sheet/PTM ROOFTOP/TMV ROOFTOP - DECEMBER 2025.xlsx,
2025-12-25 16:20:34,688.0,15.48,2.79,669.73,YESAP53602019417,2025-12-26 04:59:05,UPI_CREDIT_CARD,rooftop,meet-recording/data_sheets_historical/mangal all data sheet/PTM ROOFTOP/TMV ROOFTOP - DECEMBER 2025.xlsx,
2025-12-25 15:43:25,120.0,0.0,0.0,120.0,YESAP53602019417,2025-12-26 04:59:05,UPI,rooftop,meet-recording/data_sheets_historical/mangal all data sheet/PTM ROOFTOP/TMV ROOFTOP - DECEMBER 2025.xlsx,
2025-12-25 22:53:32,479.0,0.0,0.0,479.0,YESAP53602019417,2025-12-26 04:59:05,UPI,rooftop,meet-recording/data_sheets_historical/mangal all data sheet/PTM ROOFTOP/TMV ROOFTOP - DECEMBER 2025.xlsx,
2025-12-25 22:47:31,758.0,0.0,0.0,758.0,YESAP53602019417,2025-12-26 04:59:05,UPI,rooftop,meet-recording/data_sheets_historical/mangal all data sheet/PTM ROOFTOP/TMV ROOFTOP - DECEMBER 2025.xlsx,
2025-12-25 22:26:31,928.0,0.0,0.0,928.0,YESAP53602019417,2025-12-26 04:59:05,UPI,rooftop,meet-recording/data_sheets_historical/mangal all data sheet/PTM ROOFTOP/TMV ROOFTOP - DECEMBER 2025.xlsx,
2025-12-25 22:20:20,798.0,0.0,0.0,798.0,YESAP53602019417,2025-12-26 04:59:05,UPI,rooftop,meet-recording/data_sheets_historical/mangal all data sheet/PTM ROOFTOP/TMV ROOFTOP - DECEMBER 2025.xlsx,
2025-12-25 22:14:04,120.0,0.0,0.0,120.0,YESAP53602019417,2025-12-26 04:59:05,UPI,rooftop,meet-recording/data_sheets_historical/mangal all data sheet/PTM ROOFTOP/TMV ROOFTOP - DECEMBER 2025.xlsx,
2025-12-25 22:07:28,1092.0,0.0,0.0,1092.0,YESAP53602019417,2025-12-26 04:59:05,UPI,rooftop,meet-recording/data_sheets_historical/mangal all data sheet/PTM ROOFTOP/TMV ROOFTOP - DECEMBER 2025.xlsx,
2025-12-25 22:05:40,677.0,10.16,0.0,666.84,YESAP53602019417,2025-12-26 04:59:05,CREDIT_CARD,rooftop,meet-recording/data_sheets_historical/mangal all data sheet/PTM ROOFTOP/TMV ROOFTOP - DECEMBER 2025.xlsx,ICICI
2025-12-25 21:59:29,906.0,0.0,0.0,906.0,YESAP53602019417,2025-12-26 04:59:05,UPI,rooftop,meet-recording/data_sheets_historical/mangal all data sheet/PTM ROOFTOP/TMV ROOFTOP - DECEMBER 2025.xlsx,
2025-12-25 21:48:20,1655.0,0.0,0.0,1655.0,YESAP53602019417,2025-12-26 04:59:05,UPI,rooftop,meet-recording/data_sheets_historical/mangal all data sheet/PTM ROOFTOP/TMV ROOFTOP - DECEMBER 2025.xlsx,
,,,,,,,,rooftop,meet-recording/data_sheets_historical/mangal all data sheet/PTM ROOFTOP/TMV ROOFTOP - DECEMBER 2025.xlsx,
2025-12-26 00:04:19,20.0,0.0,0.0,20.0,YESAP53610035949,2025-12-27 02:15:28,UPI,rooftop,meet-recording/data_sheets_historical/mangal all data sheet/PTM ROOFTOP/TMV ROOFTOP - DECEMBER 2025.xlsx,
2025-12-26 07:52:41,20.0,0.0,0.0,20.0,YESAP53610035949,2025-12-27 02:15:28,UPI,rooftop,meet-recording/data_sheets_historical/mangal all data sheet/PTM ROOFTOP/TMV ROOFTOP - DECEMBER 2025.xlsx,
2025-12-26 15:35:42,112.0,2.52,0.45,109.03,YESAP53610035949,2025-12-27 02:15:28,UPI_CREDIT_CARD,rooftop,meet-recording/data_sheets_historical/mangal all data sheet/PTM ROOFTOP/TMV ROOFTOP - DECEMBER 2025.xlsx,
2025-12-26 15:32:00,312.0,7.02,1.26,303.72,YESAP53610035949,2025-12-27 02:15:28,UPI_CREDIT_CARD,rooftop,meet-recording/data_sheets_historical/mangal all data sheet/PTM ROOFTOP/TMV ROOFTOP - DECEMBER 2025.xlsx,
2025-12-26 13:25:56,2174.0,0.0,0.0,2174.0,YESAP53610035949,2025-12-27 02:15:28,UPI,rooftop,meet-recording/data_sheets_historical/mangal all data sheet/PTM ROOFTOP/TMV ROOFTOP - DECEMBER 2025.xlsx,
2025-12-26 13:01:14,260.0,0.0,0.0,260.0,YESAP53610035949,2025-12-27 02:15:28,UPI,rooftop,meet-recording/data_sheets_historical/mangal all data sheet/PTM ROOFTOP/TMV ROOFTOP - DECEMBER 2025.xlsx,
2025-12-26 09:44:48,300.0,6.75,1.22,292.03,YESAP53610035949,2025-12-27 02:15:28,UPI_CREDIT_CARD,rooftop,meet-recording/data_sheets_historical/mangal all data sheet/PTM ROOFTOP/TMV ROOFTOP - DECEMBER 2025.xlsx,
2025-12-26 21:38:57,1366.0,20.49,0.0,1345.51,YESAP53610035949,2025-12-27 02:15:28,CREDIT_CARD,rooftop,meet-recording/data_sheets_historical/mangal all data sheet/PTM ROOFTOP/TMV ROOFTOP - DECEMBER 2025.xlsx,SBI
2025-12-26 21:34:57,1586.0,23.79,0.0,1562.21,YESAP53610035949,2025-12-27 02:15:28,CREDIT_CARD,rooftop,meet-recording/data_sheets_historical/mangal all data sheet/PTM ROOFTOP/TMV ROOFTOP - DECEMBER 2025.xlsx,SBI
2025-12-26 21:33:41,509.0,11.45,2.06,495.49,YESAP53610035949,2025-12-27 02:15:28,UPI_CREDIT_CARD,rooftop,meet-recording/data_sheets_historical/mangal all data sheet/PTM ROOFTOP/TMV ROOFTOP - DECEMBER 2025.xlsx,
2025-12-26 21:30:30,728.0,0.0,0.0,728.0,YESAP53610035949,2025-12-27 02:15:28,UPI,rooftop,meet-recording/data_sheets_historical/mangal all data sheet/PTM ROOFTOP/TMV ROOFTOP - DECEMBER 2025.xlsx,
2025-12-26 21:27:24,947.0,0.0,0.0,947.0,YESAP53610035949,2025-12-27 02:15:28,UPI,rooftop,meet-recording/data_sheets_historical/mangal all data sheet/PTM ROOFTOP/TMV ROOFTOP - DECEMBER 2025.xlsx,
2025-12-26 21:24:45,300.0,0.0,0.0,300.0,YESAP53610035949,2025-12-27 02:15:28,UPI,rooftop,meet-recording/data_sheets_historical/mangal all data sheet/PTM ROOFTOP/TMV ROOFTOP - DECEMBER 2025.xlsx,
2025-12-26 21:17:20,578.0,0.0,0.0,578.0,YESAP53610035949,2025-12-27 02:15:28,UPI,rooftop,meet-recording/data_sheets_historical/mangal all data sheet/PTM ROOFTOP/TMV ROOFTOP - DECEMBER 2025.xlsx,
2025-12-26 21:02:27,658.0,0.0,0.0,658.0,YESAP53610035949,2025-12-27 02:15:28,UPI,rooftop,meet-recording/data_sheets_historical/mangal all data sheet/PTM ROOFTOP/TMV ROOFTOP - DECEMBER 2025.xlsx,
2025-12-26 20:58:25,2305.0,51.86,9.33,2243.81,YESAP53610035949,2025-12-27 02:15:28,UPI_CREDIT_CARD,rooftop,meet-recording/data_sheets_historical/mangal all data sheet/PTM ROOFTOP/TMV ROOFTOP - DECEMBER 2025.xlsx,
2025-12-26 20:50:58,778.0,0.0,0.0,778.0,YESAP53610035949,2025-12-27 02:15:28,UPI,rooftop,meet-recording/data_sheets_historical/mangal all data sheet/PTM ROOFTOP/TMV ROOFTOP - DECEMBER 2025.xlsx,
2025-12-26 20:41:36,20.0,0.0,0.0,20.0,YESAP53610035949,2025-12-27 02:15:28,UPI,rooftop,meet-recording/data_sheets_historical/mangal all data sheet/PTM ROOFTOP/TMV ROOFTOP - DECEMBER 2025.xlsx,
2025-12-26 20:39:39,40.0,0.0,0.0,40.0,YESAP53610035949,2025-12-27 02:15:28,UPI,rooftop,meet-recording/data_sheets_historical/mangal all data sheet/PTM ROOFTOP/TMV ROOFTOP - DECEMBER 2025.xlsx,
2025-12-26 20:30:06,1500.0,0.0,0.0,1500.0,YESAP53610035949,2025-12-27 02:15:28,UPI,rooftop,meet-recording/data_sheets_historical/mangal all data sheet/PTM ROOFTOP/TMV ROOFTOP - DECEMBER 2025.xlsx,
2025-12-26 20:23:35,6520.0,146.7,26.41,6346.89,YESAP53610035949,2025-12-27 02:15:28,UPI_CREDIT_CARD,rooftop,meet-recording/data_sheets_historical/mangal all data sheet/PTM ROOFTOP/TMV ROOFTOP - DECEMBER 2025.xlsx,
2025-12-26 20:07:57,60.0,1.35,0.24,58.41,YESAP53610035949,2025-12-27 02:15:28,UPI_CREDIT_CARD,rooftop,meet-recording/data_sheets_historical/mangal all data sheet/PTM ROOFTOP/TMV ROOFTOP - DECEMBER 2025.xlsx,
2025-12-26 17:03:59,988.0,0.0,0.0,988.0,YESAP53610035949,2025-12-27 02:15:28,UPI,rooftop,meet-recording/data_sheets_historical/mangal all data sheet/PTM ROOFTOP/TMV ROOFTOP - DECEMBER 2025.xlsx,
2025-12-26 16:43:27,319.0,1.28,0.0,317.72,YESAP53610035949,2025-12-27 02:15:28,DEBIT_CARD,rooftop,meet-recording/data_sheets_historical/mangal all data sheet/PTM ROOFTOP/TMV ROOFTOP - DECEMBER 2025.xlsx,NKMB
2025-12-26 16:34:36,249.0,0.0,0.0,249.0,YESAP53610035949,2025-12-27 02:15:28,UPI,rooftop,meet-recording/data_sheets_historical/mangal all data sheet/PTM ROOFTOP/TMV ROOFTOP - DECEMBER 2025.xlsx,
2025-12-26 16:16:10,1326.0,0.0,0.0,1326.0,YESAP53610035949,2025-12-27 02:15:28,UPI,rooftop,meet-recording/data_sheets_historical/mangal all data sheet/PTM ROOFTOP/TMV ROOFTOP - DECEMBER 2025.xlsx,
2025-12-26 15:48:39,1905.0,0.0,0.0,1905.0,YESAP53610035949,2025-12-27 02:15:28,UPI,rooftop,meet-recording/data_sheets_historical/mangal all data sheet/PTM ROOFTOP/TMV ROOFTOP - DECEMBER 2025.xlsx,
2025-12-26 15:43:04,768.0,11.52,0.0,756.48,YESAP53610035949,2025-12-27 02:15:28,CREDIT_CARD,rooftop,meet-recording/data_sheets_historical/mangal all data sheet/PTM ROOFTOP/TMV ROOFTOP - DECEMBER 2025.xlsx,INDS
2025-12-26 22:38:29,469.0,0.0,0.0,469.0,YESAP53610035949,2025-12-27 02:15:28,UPI,rooftop,meet-recording/data_sheets_historical/mangal all data sheet/PTM ROOFTOP/TMV ROOFTOP - DECEMBER 2025.xlsx,
2025-12-26 22:35:19,1586.0,0.0,0.0,1586.0,YESAP53610035949,2025-12-27 02:15:28,UPI,rooftop,meet-recording/data_sheets_historical/mangal all data sheet/PTM ROOFTOP/TMV ROOFTOP - DECEMBER 2025.xlsx,
2025-12-26 22:33:27,818.0,12.27,0.0,805.73,YESAP53610035949,2025-12-27 02:15:28,CREDIT_CARD,rooftop,meet-recording/data_sheets_historical/mangal all data sheet/PTM ROOFTOP/TMV ROOFTOP - DECEMBER 2025.xlsx,HDFC
2025-12-26 22:28:32,50.0,0.0,0.0,50.0,YESAP53610035949,2025-12-27 02:15:28,UPI,rooftop,meet-recording/data_sheets_historical/mangal all data sheet/PTM ROOFTOP/TMV ROOFTOP - DECEMBER 2025.xlsx,
2025-12-26 22:27:55,593.0,0.0,0.0,593.0,YESAP53610035949,2025-12-27 02:15:28,UPI,rooftop,meet-recording/data_sheets_historical/mangal all data sheet/PTM ROOFTOP/TMV ROOFTOP - DECEMBER 2025.xlsx,
2025-12-26 22:26:56,700.0,0.0,0.0,700.0,YESAP53610035949,2025-12-27 02:15:28,UPI,rooftop,meet-recording/data_sheets_historical/mangal all data sheet/PTM ROOFTOP/TMV ROOFTOP - DECEMBER 2025.xlsx,
2025-12-26 22:14:53,727.0,0.0,0.0,727.0,YESAP53610035949,2025-12-27 02:15:28,UPI,rooftop,meet-recording/data_sheets_historical/mangal all data sheet/PTM ROOFTOP/TMV ROOFTOP - DECEMBER 2025.xlsx,
2025-12-26 22:08:59,1754.0,0.0,0.0,1754.0,YESAP53610035949,2025-12-27 02:15:28,UPI,rooftop,meet-recording/data_sheets_historical/mangal all data sheet/PTM ROOFTOP/TMV ROOFTOP - DECEMBER 2025.xlsx,
2025-12-26 22:02:45,25.0,0.0,0.0,25.0,YESAP53610035949,2025-12-27 02:15:28,UPI,rooftop,meet-recording/data_sheets_historical/mangal all data sheet/PTM ROOFTOP/TMV ROOFTOP - DECEMBER 2025.xlsx,
2025-12-26 22:00:42,409.0,0.0,0.0,409.0,YESAP53610035949,2025-12-27 02:15:28,UPI,rooftop,meet-recording/data_sheets_historical/mangal all data sheet/PTM ROOFTOP/TMV ROOFTOP - DECEMBER 2025.xlsx,
2025-12-26 21:55:38,837.0,0.0,0.0,837.0,YESAP53610035949,2025-12-27 02:15:28,UPI,rooftop,meet-recording/data_sheets_historical/mangal all data sheet/PTM ROOFTOP/TMV ROOFTOP - DECEMBER 2025.xlsx,
2025-12-26 21:54:33,1276.0,0.0,0.0,1276.0,YESAP53610035949,2025-12-27 02:15:28,UPI,rooftop,meet-recording/data_sheets_historical/mangal all data sheet/PTM ROOFTOP/TMV ROOFTOP - DECEMBER 2025.xlsx,
2025-12-26 21:50:59,1621.0,0.0,0.0,1621.0,YESAP53610035949,2025-12-27 02:15:28,UPI,rooftop,meet-recording/data_sheets_historical/mangal all data sheet/PTM ROOFTOP/TMV ROOFTOP - DECEMBER 2025.xlsx,
2025-12-26 21:42:34,1998.0,29.97,0.0,1968.03,YESAP53610035949,2025-12-27 02:15:28,CREDIT_CARD,rooftop,meet-recording/data_sheets_historical/mangal all data sheet/PTM ROOFTOP/TMV ROOFTOP - DECEMBER 2025.xlsx,HSBC
,,,,,,,,rooftop,meet-recording/data_sheets_historical/mangal all data sheet/PTM ROOFTOP/TMV ROOFTOP - DECEMBER 2025.xlsx,
2025-12-27 15:40:13,838.0,0.0,0.0,838.0,YESAP53621660615,2025-12-28 04:51:13,UPI,rooftop,meet-recording/data_sheets_historical/mangal all data sheet/PTM ROOFTOP/TMV ROOFTOP - DECEMBER 2025.xlsx,
2025-12-27 15:18:38,1068.0,0.0,0.0,1068.0,YESAP53621660615,2025-12-28 04:51:13,UPI,rooftop,meet-recording/data_sheets_historical/mangal all data sheet/PTM ROOFTOP/TMV ROOFTOP - DECEMBER 2025.xlsx,
2025-12-27 14:46:09,808.0,0.0,0.0,808.0,YESAP53621660615,2025-12-28 04:51:13,UPI,rooftop,meet-recording/data_sheets_historical/mangal all data sheet/PTM ROOFTOP/TMV ROOFTOP - DECEMBER 2025.xlsx,
2025-12-27 14:46:01,1296.0,19.44,0.0,1276.56,YESAP53621660615,2025-12-28 04:51:13,CREDIT_CARD,rooftop,meet-recording/data_sheets_historical/mangal all data sheet/PTM ROOFTOP/TMV ROOFTOP - DECEMBER 2025.xlsx,HSBC
2025-12-27 14:42:54,777.0,0.0,0.0,777.0,YESAP53621660615,2025-12-28 04:51:13,UPI,rooftop,meet-recording/data_sheets_historical/mangal all data sheet/PTM ROOFTOP/TMV ROOFTOP - DECEMBER 2025.xlsx,
2025-12-27 14:18:19,648.0,0.0,0.0,648.0,YESAP53621660615,2025-12-28 04:51:13,UPI,rooftop,meet-recording/data_sheets_historical/mangal all data sheet/PTM ROOFTOP/TMV ROOFTOP - DECEMBER 2025.xlsx,
2025-12-27 14:03:58,1824.0,41.04,7.39,1775.57,YESAP53621660615,2025-12-28 04:51:13,UPI_CREDIT_CARD,rooftop,meet-recording/data_sheets_historical/mangal all data sheet/PTM ROOFTOP/TMV ROOFTOP - DECEMBER 2025.xlsx,
2025-12-27 10:15:56,900.0,20.25,3.65,876.1,YESAP53621660615,2025-12-28 04:51:13,UPI_CREDIT_CARD,rooftop,meet-recording/data_sheets_historical/mangal all data sheet/PTM ROOFTOP/TMV ROOFTOP - DECEMBER 2025.xlsx,
2025-12-27 21:34:44,1161.0,0.0,0.0,1161.0,YESAP53621660615,2025-12-28 04:51:13,UPI,rooftop,meet-recording/data_sheets_historical/mangal all data sheet/PTM ROOFTOP/TMV ROOFTOP - DECEMBER 2025.xlsx,
2025-12-27 21:14:14,458.0,0.0,0.0,458.0,YESAP53621660615,2025-12-28 04:51:13,UPI,rooftop,meet-recording/data_sheets_historical/mangal all data sheet/PTM ROOFTOP/TMV ROOFTOP - DECEMBER 2025.xlsx,
2025-12-27 21:13:16,1747.0,39.31,7.08,1700.61,YESAP53621660615,2025-12-28 04:51:13,UPI_CREDIT_CARD,rooftop,meet-recording/data_sheets_historical/mangal all data sheet/PTM ROOFTOP/TMV ROOFTOP - DECEMBER 2025.xlsx,
2025-12-27 20:55:04,2233.0,0.0,0.0,2233.0,YESAP53621660615,2025-12-28 04:51:13,UPI,rooftop,meet-recording/data_sheets_historical/mangal all data sheet/PTM ROOFTOP/TMV ROOFTOP - DECEMBER 2025.xlsx,
2025-12-27 20:19:06,817.0,0.0,0.0,817.0,YESAP53621660615,2025-12-28 04:51:13,UPI,rooftop,meet-recording/data_sheets_historical/mangal all data sheet/PTM ROOFTOP/TMV ROOFTOP - DECEMBER 2025.xlsx,
2025-12-27 20:16:08,479.0,0.0,0.0,479.0,YESAP53621660615,2025-12-28 04:51:13,UPI,rooftop,meet-recording/data_sheets_historical/mangal all data sheet/PTM ROOFTOP/TMV ROOFTOP - DECEMBER 2025.xlsx,
2025-12-27 20:10:04,2584.0,0.0,0.0,2584.0,YESAP53621660615,2025-12-28 04:51:13,UPI,rooftop,meet-recording/data_sheets_historical/mangal all data sheet/PTM ROOFTOP/TMV ROOFTOP - DECEMBER 2025.xlsx,
2025-12-27 20:02:10,1187.0,0.0,0.0,1187.0,YESAP53621660615,2025-12-28 04:51:13,UPI,rooftop,meet-recording/data_sheets_historical/mangal all data sheet/PTM ROOFTOP/TMV ROOFTOP - DECEMBER 2025.xlsx,
2025-12-27 16:45:11,1745.0,26.18,0.0,1718.82,YESAP53621660615,2025-12-28 04:51:13,CREDIT_CARD,rooftop,meet-recording/data_sheets_historical/mangal all data sheet/PTM ROOFTOP/TMV ROOFTOP - DECEMBER 2025.xlsx,HDFC
2025-12-27 16:29:31,2933.0,0.0,0.0,2933.0,YESAP53621660615,2025-12-28 04:51:13,UPI,rooftop,meet-recording/data_sheets_historical/mangal all data sheet/PTM ROOFTOP/TMV ROOFTOP - DECEMBER 2025.xlsx,
2025-12-27 16:16:25,4613.0,0.0,0.0,4613.0,YESAP53621660615,2025-12-28 04:51:13,UPI,rooftop,meet-recording/data_sheets_historical/mangal all data sheet/PTM ROOFTOP/TMV ROOFTOP - DECEMBER 2025.xlsx,
2025-12-27 23:13:29,80.0,0.0,0.0,80.0,YESAP53621660615,2025-12-28 04:51:13,UPI,rooftop,meet-recording/data_sheets_historical/mangal all data sheet/PTM ROOFTOP/TMV ROOFTOP - DECEMBER 2025.xlsx,
2025-12-27 22:33:12,1015.0,0.0,0.0,1015.0,YESAP53621660615,2025-12-28 04:51:13,UPI,rooftop,meet-recording/data_sheets_historical/mangal all data sheet/PTM ROOFTOP/TMV ROOFTOP - DECEMBER 2025.xlsx,
2025-12-27 22:30:43,1695.0,0.0,0.0,1695.0,YESAP53621660615,2025-12-28 04:51:13,UPI,rooftop,meet-recording/data_sheets_historical/mangal all data sheet/PTM ROOFTOP/TMV ROOFTOP - DECEMBER 2025.xlsx,
2025-12-27 22:16:38,997.0,22.43,4.04,970.53,YESAP53621660615,2025-12-28 04:51:13,UPI_CREDIT_CARD,rooftop,meet-recording/data_sheets_historical/mangal all data sheet/PTM ROOFTOP/TMV ROOFTOP - DECEMBER 2025.xlsx,
2025-12-27 22:16:03,499.0,11.23,2.02,485.75,YESAP53621660615,2025-12-28 04:51:13,UPI_CREDIT_CARD,rooftop,meet-recording/data_sheets_historical/mangal all data sheet/PTM ROOFTOP/TMV ROOFTOP - DECEMBER 2025.xlsx,
2025-12-27 22:13:15,947.0,0.0,0.0,947.0,YESAP53621660615,2025-12-28 04:51:13,UPI,rooftop,meet-recording/data_sheets_historical/mangal all data sheet/PTM ROOFTOP/TMV ROOFTOP - DECEMBER 2025.xlsx,
2025-12-27 22:13:05,120.0,0.0,0.0,120.0,YESAP53621660615,2025-12-28 04:51:13,UPI,rooftop,meet-recording/data_sheets_historical/mangal all data sheet/PTM ROOFTOP/TMV ROOFTOP - DECEMBER 2025.xlsx,
2025-12-27 22:08:22,1167.0,26.26,4.73,1136.01,YESAP53621660615,2025-12-28 04:51:13,UPI_CREDIT_CARD,rooftop,meet-recording/data_sheets_historical/mangal all data sheet/PTM ROOFTOP/TMV ROOFTOP - DECEMBER 2025.xlsx,
2025-12-27 22:04:31,1565.0,35.21,6.34,1523.45,YESAP53621660615,2025-12-28 04:51:13,UPI_CREDIT_CARD,rooftop,meet-recording/data_sheets_historical/mangal all data sheet/PTM ROOFTOP/TMV ROOFTOP - DECEMBER 2025.xlsx,
2025-12-27 22:03:02,1036.0,0.0,0.0,1036.0,YESAP53621660615,2025-12-28 04:51:13,UPI,rooftop,meet-recording/data_sheets_historical/mangal all data sheet/PTM ROOFTOP/TMV ROOFTOP - DECEMBER 2025.xlsx,
2025-12-27 21:54:30,1096.0,0.0,0.0,1096.0,YESAP53621660615,2025-12-28 04:51:13,UPI,rooftop,meet-recording/data_sheets_historical/mangal all data sheet/PTM ROOFTOP/TMV ROOFTOP - DECEMBER 2025.xlsx,
,,,,,,,,rooftop,meet-recording/data_sheets_historical/mangal all data sheet/PTM ROOFTOP/TMV ROOFTOP - DECEMBER 2025.xlsx,
2025-12-28 09:37:32,120.0,0.0,0.0,120.0,YESAP53632051211,2025-12-29 04:45:11,UPI,rooftop,meet-recording/data_sheets_historical/mangal all data sheet/PTM ROOFTOP/TMV ROOFTOP - DECEMBER 2025.xlsx,
2025-12-28 09:00:50,450.0,0.0,0.0,450.0,YESAP53632051211,2025-12-29 04:45:11,UPI,rooftop,meet-recording/data_sheets_historical/mangal all data sheet/PTM ROOFTOP/TMV ROOFTOP - DECEMBER 2025.xlsx,
2025-12-28 08:46:16,60.0,0.0,0.0,60.0,YESAP53632051211,2025-12-29 04:45:11,UPI,rooftop,meet-recording/data_sheets_historical/mangal all data sheet/PTM ROOFTOP/TMV ROOFTOP - DECEMBER 2025.xlsx,
2025-12-28 08:18:20,40.0,0.0,0.0,40.0,YESAP53632051211,2025-12-29 04:45:11,UPI,rooftop,meet-recording/data_sheets_historical/mangal all data sheet/PTM ROOFTOP/TMV ROOFTOP - DECEMBER 2025.xlsx,
2025-12-28 15:37:38,489.0,0.0,0.0,489.0,YESAP53632051211,2025-12-29 04:45:11,UPI,rooftop,meet-recording/data_sheets_historical/mangal all data sheet/PTM ROOFTOP/TMV ROOFTOP - DECEMBER 2025.xlsx,
2025-12-28 11:48:43,877.0,0.0,0.0,877.0,YESAP53632051211,2025-12-29 04:45:11,UPI,rooftop,meet-recording/data_sheets_historical/mangal all data sheet/PTM ROOFTOP/TMV ROOFTOP - DECEMBER 2025.xlsx,
2025-12-28 11:25:58,179.0,0.0,0.0,179.0,YESAP53632051211,2025-12-29 04:45:11,UPI,rooftop,meet-recording/data_sheets_historical/mangal all data sheet/PTM ROOFTOP/TMV ROOFTOP - DECEMBER 2025.xlsx,
2025-12-28 10:54:12,369.0,0.0,0.0,369.0,YESAP53632051211,2025-12-29 04:45:11,UPI,rooftop,meet-recording/data_sheets_historical/mangal all data sheet/PTM ROOFTOP/TMV ROOFTOP - DECEMBER 2025.xlsx,
2025-12-28 21:39:23,120.0,0.0,0.0,120.0,YESAP53632051211,2025-12-29 04:45:11,UPI,rooftop,meet-recording/data_sheets_historical/mangal all data sheet/PTM ROOFTOP/TMV ROOFTOP - DECEMBER 2025.xlsx,
2025-12-28 21:38:07,1017.0,0.0,0.0,1017.0,YESAP53632051211,2025-12-29 04:45:11,UPI,rooftop,meet-recording/data_sheets_historical/mangal all data sheet/PTM ROOFTOP/TMV ROOFTOP - DECEMBER 2025.xlsx,
2025-12-28 21:31:32,1007.0,0.0,0.0,1007.0,YESAP53632051211,2025-12-29 04:45:11,UPI,rooftop,meet-recording/data_sheets_historical/mangal all data sheet/PTM ROOFTOP/TMV ROOFTOP - DECEMBER 2025.xlsx,
2025-12-28 21:17:31,187.0,0.0,0.0,187.0,YESAP53632051211,2025-12-29 04:45:11,UPI,rooftop,meet-recording/data_sheets_historical/mangal all data sheet/PTM ROOFTOP/TMV ROOFTOP - DECEMBER 2025.xlsx,
2025-12-28 20:17:50,1297.0,0.0,0.0,1297.0,YESAP53632051211,2025-12-29 04:45:11,UPI,rooftop,meet-recording/data_sheets_historical/mangal all data sheet/PTM ROOFTOP/TMV ROOFTOP - DECEMBER 2025.xlsx,
2025-12-28 20:02:52,40.0,0.9,0.16,38.94,YESAP53632051211,2025-12-29 04:45:11,UPI_CREDIT_CARD,rooftop,meet-recording/data_sheets_historical/mangal all data sheet/PTM ROOFTOP/TMV ROOFTOP - DECEMBER 2025.xlsx,
2025-12-28 19:55:12,975.0,0.0,0.0,975.0,YESAP53632051211,2025-12-29 04:45:11,UPI,rooftop,meet-recording/data_sheets_historical/mangal all data sheet/PTM ROOFTOP/TMV ROOFTOP - DECEMBER 2025.xlsx,
2025-12-28 19:51:13,499.0,11.23,2.02,485.75,YESAP53632051211,2025-12-29 04:45:11,UPI_CREDIT_CARD,rooftop,meet-recording/data_sheets_historical/mangal all data sheet/PTM ROOFTOP/TMV ROOFTOP - DECEMBER 2025.xlsx,
2025-12-28 18:04:57,345.0,0.0,0.0,345.0,YESAP53632051211,2025-12-29 04:45:11,UPI,rooftop,meet-recording/data_sheets_historical/mangal all data sheet/PTM ROOFTOP/TMV ROOFTOP - DECEMBER 2025.xlsx,
2025-12-28 16:51:38,180.0,0.0,0.0,180.0,YESAP53632051211,2025-12-29 04:45:11,UPI,rooftop,meet-recording/data_sheets_historical/mangal all data sheet/PTM ROOFTOP/TMV ROOFTOP - DECEMBER 2025.xlsx,
2025-12-28 16:26:48,249.0,0.0,0.0,249.0,YESAP53632051211,2025-12-29 04:45:11,UPI,rooftop,meet-recording/data_sheets_historical/mangal all data sheet/PTM ROOFTOP/TMV ROOFTOP - DECEMBER 2025.xlsx,
2025-12-28 16:23:21,678.0,0.0,0.0,678.0,YESAP53632051211,2025-12-29 04:45:11,UPI,rooftop,meet-recording/data_sheets_historical/mangal all data sheet/PTM ROOFTOP/TMV ROOFTOP - DECEMBER 2025.xlsx,
2025-12-28 23:12:15,1007.0,0.0,0.0,1007.0,YESAP53632051211,2025-12-29 04:45:11,UPI,rooftop,meet-recording/data_sheets_historical/mangal all data sheet/PTM ROOFTOP/TMV ROOFTOP - DECEMBER 2025.xlsx,
2025-12-28 22:17:11,787.0,0.0,0.0,787.0,YESAP53632051211,2025-12-29 04:45:11,UPI,rooftop,meet-recording/data_sheets_historical/mangal all data sheet/PTM ROOFTOP/TMV ROOFTOP - DECEMBER 2025.xlsx,
2025-12-28 22:06:02,1016.0,15.24,0.0,1000.76,YESAP53632051211,2025-12-29 04:45:11,CREDIT_CARD,rooftop,meet-recording/data_sheets_historical/mangal all data sheet/PTM ROOFTOP/TMV ROOFTOP - DECEMBER 2025.xlsx,ICICI
2025-12-28 21:46:27,337.0,0.0,0.0,337.0,YESAP53632051211,2025-12-29 04:45:11,UPI,rooftop,meet-recording/data_sheets_historical/mangal all data sheet/PTM ROOFTOP/TMV ROOFTOP - DECEMBER 2025.xlsx,
2025-12-28 21:43:14,768.0,17.28,3.11,747.61,YESAP53632051211,2025-12-29 04:45:11,UPI_CREDIT_CARD,rooftop,meet-recording/data_sheets_historical/mangal all data sheet/PTM ROOFTOP/TMV ROOFTOP - DECEMBER 2025.xlsx,
2025-12-28 21:42:08,708.0,0.0,0.0,708.0,YESAP53632051211,2025-12-29 04:45:11,UPI,rooftop,meet-recording/data_sheets_historical/mangal all data sheet/PTM ROOFTOP/TMV ROOFTOP - DECEMBER 2025.xlsx,
,,,,,,,,rooftop,meet-recording/data_sheets_historical/mangal all data sheet/PTM ROOFTOP/TMV ROOFTOP - DECEMBER 2025.xlsx,
2025-12-29 08:34:59,20.0,0.0,0.0,20.0,YESAP53640142979,2025-12-30 02:45:59,UPI,rooftop,meet-recording/data_sheets_historical/mangal all data sheet/PTM ROOFTOP/TMV ROOFTOP - DECEMBER 2025.xlsx,
2025-12-29 07:36:21,60.0,0.0,0.0,60.0,YESAP53640142979,2025-12-30 02:45:59,UPI,rooftop,meet-recording/data_sheets_historical/mangal all data sheet/PTM ROOFTOP/TMV ROOFTOP - DECEMBER 2025.xlsx,
2025-12-29 15:28:06,448.0,0.0,0.0,448.0,YESAP53640142979,2025-12-30 02:45:59,UPI,rooftop,meet-recording/data_sheets_historical/mangal all data sheet/PTM ROOFTOP/TMV ROOFTOP - DECEMBER 2025.xlsx,
2025-12-29 15:16:25,817.0,0.0,0.0,817.0,YESAP53640142979,2025-12-30 02:45:59,UPI_PPIWALLET,rooftop,meet-recording/data_sheets_historical/mangal all data sheet/PTM ROOFTOP/TMV ROOFTOP - DECEMBER 2025.xlsx,
2025-12-29 21:41:31,1236.0,0.0,0.0,1236.0,YESAP53640142979,2025-12-30 02:45:59,UPI,rooftop,meet-recording/data_sheets_historical/mangal all data sheet/PTM ROOFTOP/TMV ROOFTOP - DECEMBER 2025.xlsx,
2025-12-29 21:01:15,1545.0,0.0,0.0,1545.0,YESAP53640142979,2025-12-30 02:45:59,UPI,rooftop,meet-recording/data_sheets_historical/mangal all data sheet/PTM ROOFTOP/TMV ROOFTOP - DECEMBER 2025.xlsx,
2025-12-29 20:53:01,1600.0,0.0,0.0,1600.0,YESAP53640142979,2025-12-30 02:45:59,UPI,rooftop,meet-recording/data_sheets_historical/mangal all data sheet/PTM ROOFTOP/TMV ROOFTOP - DECEMBER 2025.xlsx,
2025-12-29 20:40:08,923.0,0.0,0.0,923.0,YESAP53640142979,2025-12-30 02:45:59,UPI,rooftop,meet-recording/data_sheets_historical/mangal all data sheet/PTM ROOFTOP/TMV ROOFTOP - DECEMBER 2025.xlsx,
2025-12-29 20:32:53,1027.0,0.0,0.0,1027.0,YESAP53640142979,2025-12-30 02:45:59,UPI,rooftop,meet-recording/data_sheets_historical/mangal all data sheet/PTM ROOFTOP/TMV ROOFTOP - DECEMBER 2025.xlsx,
2025-12-29 20:27:41,673.0,0.0,0.0,673.0,YESAP53640142979,2025-12-30 02:45:59,UPI,rooftop,meet-recording/data_sheets_historical/mangal all data sheet/PTM ROOFTOP/TMV ROOFTOP - DECEMBER 2025.xlsx,
2025-12-29 20:26:26,598.0,0.0,0.0,598.0,YESAP53640142979,2025-12-30 02:45:59,UPI,rooftop,meet-recording/data_sheets_historical/mangal all data sheet/PTM ROOFTOP/TMV ROOFTOP - DECEMBER 2025.xlsx,
2025-12-29 20:02:09,448.0,0.0,0.0,448.0,YESAP53640142979,2025-12-30 02:45:59,UPI,rooftop,meet-recording/data_sheets_historical/mangal all data sheet/PTM ROOFTOP/TMV ROOFTOP - DECEMBER 2025.xlsx,
2025-12-29 19:13:13,319.0,7.18,1.29,310.53,YESAP53640142979,2025-12-30 02:45:59,UPI_CREDIT_CARD,rooftop,meet-recording/data_sheets_historical/mangal all data sheet/PTM ROOFTOP/TMV ROOFTOP - DECEMBER 2025.xlsx,
2025-12-29 18:50:59,319.0,0.0,0.0,319.0,YESAP53640142979,2025-12-30 02:45:59,UPI,rooftop,meet-recording/data_sheets_historical/mangal all data sheet/PTM ROOFTOP/TMV ROOFTOP - DECEMBER 2025.xlsx,
2025-12-29 18:34:27,419.0,0.0,0.0,419.0,YESAP53640142979,2025-12-30 02:45:59,UPI,rooftop,meet-recording/data_sheets_historical/mangal all data sheet/PTM ROOFTOP/TMV ROOFTOP - DECEMBER 2025.xlsx,
2025-12-29 18:31:40,214.0,0.0,0.0,214.0,YESAP53640142979,2025-12-30 02:45:59,UPI,rooftop,meet-recording/data_sheets_historical/mangal all data sheet/PTM ROOFTOP/TMV ROOFTOP - DECEMBER 2025.xlsx,
2025-12-29 18:28:09,20.0,0.0,0.0,20.0,YESAP53640142979,2025-12-30 02:45:59,UPI,rooftop,meet-recording/data_sheets_historical/mangal all data sheet/PTM ROOFTOP/TMV ROOFTOP - DECEMBER 2025.xlsx,
2025-12-29 17:28:00,179.0,0.0,0.0,179.0,YESAP53640142979,2025-12-30 02:45:59,UPI,rooftop,meet-recording/data_sheets_historical/mangal all data sheet/PTM ROOFTOP/TMV ROOFTOP - DECEMBER 2025.xlsx,
2025-12-29 17:21:13,5814.0,87.21,15.7,5711.09,YESAP53640142979,2025-12-30 02:45:59,CREDIT_CARD,rooftop,meet-recording/data_sheets_historical/mangal all data sheet/PTM ROOFTOP/TMV ROOFTOP - DECEMBER 2025.xlsx,HDFC
2025-12-29 16:22:31,166.0,0.0,0.0,166.0,YESAP53640142979,2025-12-30 02:45:59,UPI,rooftop,meet-recording/data_sheets_historical/mangal all data sheet/PTM ROOFTOP/TMV ROOFTOP - DECEMBER 2025.xlsx,
2025-12-29 15:42:26,1287.0,45.05,0.0,1241.95,YESAP53640142979,2025-12-30 02:45:59,CREDIT_CARD,rooftop,meet-recording/data_sheets_historical/mangal all data sheet/PTM ROOFTOP/TMV ROOFTOP - DECEMBER 2025.xlsx,DSUG
2025-12-29 22:54:12,822.0,18.5,3.33,800.17,YESAP53640142979,2025-12-30 02:45:59,UPI_CREDIT_CARD,rooftop,meet-recording/data_sheets_historical/mangal all data sheet/PTM ROOFTOP/TMV ROOFTOP - DECEMBER 2025.xlsx,
2025-12-29 22:21:08,199.0,4.48,0.81,193.71,YESAP53640142979,2025-12-30 02:45:59,UPI_CREDIT_CARD,rooftop,meet-recording/data_sheets_historical/mangal all data sheet/PTM ROOFTOP/TMV ROOFTOP - DECEMBER 2025.xlsx,
2025-12-29 21:51:14,1853.0,41.69,7.5,1803.81,YESAP53640142979,2025-12-30 02:45:59,UPI_CREDIT_CARD,rooftop,meet-recording/data_sheets_historical/mangal all data sheet/PTM ROOFTOP/TMV ROOFTOP - DECEMBER 2025.xlsx,
2025-12-29 21:50:59,1665.0,0.0,0.0,1665.0,YESAP53640142979,2025-12-30 02:45:59,UPI,rooftop,meet-recording/data_sheets_historical/mangal all data sheet/PTM ROOFTOP/TMV ROOFTOP - DECEMBER 2025.xlsx,
,,,,,,,,rooftop,meet-recording/data_sheets_historical/mangal all data sheet/PTM ROOFTOP/TMV ROOFTOP - DECEMBER 2025.xlsx,
2025-12-30 14:56:18,922.0,0.0,0.0,922.0,YESAP53650067226,2025-12-31 02:22:10,UPI,rooftop,meet-recording/data_sheets_historical/mangal all data sheet/PTM ROOFTOP/TMV ROOFTOP - DECEMBER 2025.xlsx,
2025-12-30 14:38:04,409.0,14.32,0.0,394.68,YESAP53650067226,2025-12-31 02:22:10,DEBIT_CARD,rooftop,meet-recording/data_sheets_historical/mangal all data sheet/PTM ROOFTOP/TMV ROOFTOP - DECEMBER 2025.xlsx,XBVM
2025-12-30 14:32:20,1246.0,18.69,0.0,1227.31,YESAP53650067226,2025-12-31 02:22:10,CREDIT_CARD,rooftop,meet-recording/data_sheets_historical/mangal all data sheet/PTM ROOFTOP/TMV ROOFTOP - DECEMBER 2025.xlsx,ICICI
2025-12-30 14:28:16,1382.0,0.0,0.0,1382.0,YESAP53650067226,2025-12-31 02:22:10,UPI,rooftop,meet-recording/data_sheets_historical/mangal all data sheet/PTM ROOFTOP/TMV ROOFTOP - DECEMBER 2025.xlsx,
2025-12-30 21:37:40,394.0,11.78,0.0,382.22,YESAP53650067226,2025-12-31 02:22:10,CREDIT_CARD,rooftop,meet-recording/data_sheets_historical/mangal all data sheet/PTM ROOFTOP/TMV ROOFTOP - DECEMBER 2025.xlsx,HDFC
2025-12-30 21:24:56,1250.0,0.0,0.0,1250.0,YESAP53650067226,2025-12-31 02:22:10,UPI,rooftop,meet-recording/data_sheets_historical/mangal all data sheet/PTM ROOFTOP/TMV ROOFTOP - DECEMBER 2025.xlsx,
2025-12-30 21:19:29,1157.0,26.03,4.69,1126.28,YESAP53650067226,2025-12-31 02:22:10,UPI_CREDIT_CARD,rooftop,meet-recording/data_sheets_historical/mangal all data sheet/PTM ROOFTOP/TMV ROOFTOP - DECEMBER 2025.xlsx,
2025-12-30 21:13:28,80.0,0.0,0.0,80.0,YESAP53650067226,2025-12-31 02:22:10,UPI,rooftop,meet-recording/data_sheets_historical/mangal all data sheet/PTM ROOFTOP/TMV ROOFTOP - DECEMBER 2025.xlsx,
2025-12-30 20:53:22,1450.0,0.0,0.0,1450.0,YESAP53650067226,2025-12-31 02:22:10,UPI,rooftop,meet-recording/data_sheets_historical/mangal all data sheet/PTM ROOFTOP/TMV ROOFTOP - DECEMBER 2025.xlsx,
2025-12-30 20:50:12,678.0,0.0,0.0,678.0,YESAP53650067226,2025-12-31 02:22:10,UPI,rooftop,meet-recording/data_sheets_historical/mangal all data sheet/PTM ROOFTOP/TMV ROOFTOP - DECEMBER 2025.xlsx,
2025-12-30 20:49:04,2400.0,0.0,0.0,2400.0,YESAP53650067226,2025-12-31 02:22:10,UPI,rooftop,meet-recording/data_sheets_historical/mangal all data sheet/PTM ROOFTOP/TMV ROOFTOP - DECEMBER 2025.xlsx,
2025-12-30 20:48:42,1337.0,0.0,0.0,1337.0,YESAP53650067226,2025-12-31 02:22:10,UPI,rooftop,meet-recording/data_sheets_historical/mangal all data sheet/PTM ROOFTOP/TMV ROOFTOP - DECEMBER 2025.xlsx,
2025-12-30 20:47:36,1684.0,58.94,0.0,1625.06,YESAP53650067226,2025-12-31 02:22:10,DEBIT_CARD,rooftop,meet-recording/data_sheets_historical/mangal all data sheet/PTM ROOFTOP/TMV ROOFTOP - DECEMBER 2025.xlsx,INGB
2025-12-30 20:43:52,1474.0,0.0,0.0,1474.0,YESAP53650067226,2025-12-31 02:22:10,UPI,rooftop,meet-recording/data_sheets_historical/mangal all data sheet/PTM ROOFTOP/TMV ROOFTOP - DECEMBER 2025.xlsx,
2025-12-30 20:42:37,498.0,0.0,0.0,498.0,YESAP53650067226,2025-12-31 02:22:10,UPI,rooftop,meet-recording/data_sheets_historical/mangal all data sheet/PTM ROOFTOP/TMV ROOFTOP - DECEMBER 2025.xlsx,
2025-12-30 20:22:53,448.0,0.0,0.0,448.0,YESAP53650067226,2025-12-31 02:22:10,UPI,rooftop,meet-recording/data_sheets_historical/mangal all data sheet/PTM ROOFTOP/TMV ROOFTOP - DECEMBER 2025.xlsx,
2025-12-30 20:21:56,934.0,3.74,0.0,930.26,YESAP53650067226,2025-12-31 02:22:10,DEBIT_CARD,rooftop,meet-recording/data_sheets_historical/mangal all data sheet/PTM ROOFTOP/TMV ROOFTOP - DECEMBER 2025.xlsx,SBI
2025-12-30 19:34:20,99.0,0.0,0.0,99.0,YESAP53650067226,2025-12-31 02:22:10,UPI,rooftop,meet-recording/data_sheets_historical/mangal all data sheet/PTM ROOFTOP/TMV ROOFTOP - DECEMBER 2025.xlsx,
2025-12-30 17:39:17,329.0,0.0,0.0,329.0,YESAP53650067226,2025-12-31 02:22:10,UPI,rooftop,meet-recording/data_sheets_historical/mangal all data sheet/PTM ROOFTOP/TMV ROOFTOP - DECEMBER 2025.xlsx,
2025-12-30 17:13:06,1408.0,0.0,0.0,1408.0,YESAP53650067226,2025-12-31 02:22:10,UPI,rooftop,meet-recording/data_sheets_historical/mangal all data sheet/PTM ROOFTOP/TMV ROOFTOP - DECEMBER 2025.xlsx,
2025-12-30 16:47:47,4090.0,0.0,0.0,4090.0,YESAP53650067226,2025-12-31 02:22:10,DEBIT_CARD,rooftop,meet-recording/data_sheets_historical/mangal all data sheet/PTM ROOFTOP/TMV ROOFTOP - DECEMBER 2025.xlsx,HDFC
2025-12-30 16:13:53,100.0,0.0,0.0,100.0,YESAP53650067226,2025-12-31 02:22:10,UPI,rooftop,meet-recording/data_sheets_historical/mangal all data sheet/PTM ROOFTOP/TMV ROOFTOP - DECEMBER 2025.xlsx,
2025-12-30 15:58:22,748.0,0.0,0.0,748.0,YESAP53650067226,2025-12-31 02:22:10,UPI,rooftop,meet-recording/data_sheets_historical/mangal all data sheet/PTM ROOFTOP/TMV ROOFTOP - DECEMBER 2025.xlsx,
2025-12-30 15:53:03,424.0,0.0,0.0,424.0,YESAP53650067226,2025-12-31 02:22:10,UPI,rooftop,meet-recording/data_sheets_historical/mangal all data sheet/PTM ROOFTOP/TMV ROOFTOP - DECEMBER 2025.xlsx,
2025-12-30 23:01:05,249.0,0.0,0.0,249.0,YESAP53650067226,2025-12-31 02:22:10,UPI,rooftop,meet-recording/data_sheets_historical/mangal all data sheet/PTM ROOFTOP/TMV ROOFTOP - DECEMBER 2025.xlsx,
2025-12-30 22:56:18,3918.0,58.77,10.58,3848.65,YESAP53650067226,2025-12-31 02:22:10,CREDIT_CARD,rooftop,meet-recording/data_sheets_historical/mangal all data sheet/PTM ROOFTOP/TMV ROOFTOP - DECEMBER 2025.xlsx,HDFC
2025-12-30 22:39:37,1600.0,0.0,0.0,1600.0,YESAP53650067226,2025-12-31 02:22:10,UPI,rooftop,meet-recording/data_sheets_historical/mangal all data sheet/PTM ROOFTOP/TMV ROOFTOP - DECEMBER 2025.xlsx,
2025-12-30 22:29:23,538.0,0.0,0.0,538.0,YESAP53650067226,2025-12-31 02:22:10,UPI,rooftop,meet-recording/data_sheets_historical/mangal all data sheet/PTM ROOFTOP/TMV ROOFTOP - DECEMBER 2025.xlsx,
2025-12-30 22:23:26,539.0,0.0,0.0,539.0,YESAP53650067226,2025-12-31 02:22:10,UPI,rooftop,meet-recording/data_sheets_historical/mangal all data sheet/PTM ROOFTOP/TMV ROOFTOP - DECEMBER 2025.xlsx,
,,,,,,,,rooftop,meet-recording/data_sheets_historical/mangal all data sheet/PTM ROOFTOP/TMV ROOFTOP - DECEMBER 2025.xlsx,
2025-12-31 09:35:09,40.0,0.9,0.16,38.94,YESAP60011347483,2026-01-01 05:28:18,UPI_CREDIT_CARD,rooftop,meet-recording/data_sheets_historical/mangal all data sheet/PTM ROOFTOP/TMV ROOFTOP - DECEMBER 2025.xlsx,
2025-12-31 09:09:46,3200.0,0.0,0.0,3200.0,YESAP60011347483,2026-01-01 05:28:18,UPI,rooftop,meet-recording/data_sheets_historical/mangal all data sheet/PTM ROOFTOP/TMV ROOFTOP - DECEMBER 2025.xlsx,
2025-12-31 08:09:19,40.0,0.0,0.0,40.0,YESAP60011347483,2026-01-01 05:28:18,UPI,rooftop,meet-recording/data_sheets_historical/mangal all data sheet/PTM ROOFTOP/TMV ROOFTOP - DECEMBER 2025.xlsx,
2025-12-31 07:51:03,40.0,0.0,0.0,40.0,YESAP60011347483,2026-01-01 05:28:18,UPI,rooftop,meet-recording/data_sheets_historical/mangal all data sheet/PTM ROOFTOP/TMV ROOFTOP - DECEMBER 2025.xlsx,
2025-12-31 14:35:21,718.0,0.0,0.0,718.0,YESAP60011347483,2026-01-01 05:28:18,UPI,rooftop,meet-recording/data_sheets_historical/mangal all data sheet/PTM ROOFTOP/TMV ROOFTOP - DECEMBER 2025.xlsx,
2025-12-31 14:12:37,20.0,0.45,0.08,19.47,YESAP60011347483,2026-01-01 05:28:18,UPI_CREDIT_CARD,rooftop,meet-recording/data_sheets_historical/mangal all data sheet/PTM ROOFTOP/TMV ROOFTOP - DECEMBER 2025.xlsx,
2025-12-31 13:10:29,60.0,0.0,0.0,60.0,YESAP60011347483,2026-01-01 05:28:18,UPI,rooftop,meet-recording/data_sheets_historical/mangal all data sheet/PTM ROOFTOP/TMV ROOFTOP - DECEMBER 2025.xlsx,
2025-12-31 12:55:45,2400.0,0.0,0.0,2400.0,YESAP60011347483,2026-01-01 05:28:18,UPI,rooftop,meet-recording/data_sheets_historical/mangal all data sheet/PTM ROOFTOP/TMV ROOFTOP - DECEMBER 2025.xlsx,
2025-12-31 12:49:17,40.0,0.9,0.16,38.94,YESAP60011347483,2026-01-01 05:28:18,UPI_CREDIT_CARD,rooftop,meet-recording/data_sheets_historical/mangal all data sheet/PTM ROOFTOP/TMV ROOFTOP - DECEMBER 2025.xlsx,
2025-12-31 21:27:59,2000.0,45.0,8.1,1946.9,YESAP60011347483,2026-01-01 05:28:18,UPI_CREDIT_CARD,rooftop,meet-recording/data_sheets_historical/mangal all data sheet/PTM ROOFTOP/TMV ROOFTOP - DECEMBER 2025.xlsx,
2025-12-31 20:51:59,60.0,0.0,0.0,60.0,YESAP60011347483,2026-01-01 05:28:18,UPI,rooftop,meet-recording/data_sheets_historical/mangal all data sheet/PTM ROOFTOP/TMV ROOFTOP - DECEMBER 2025.xlsx,
2025-12-31 20:47:07,1600.0,0.0,0.0,1600.0,YESAP60011347483,2026-01-01 05:28:18,UPI,rooftop,meet-recording/data_sheets_historical/mangal all data sheet/PTM ROOFTOP/TMV ROOFTOP - DECEMBER 2025.xlsx,
2025-12-31 20:42:34,2400.0,36.0,6.48,2357.52,YESAP60011347483,2026-01-01 05:28:18,CREDIT_CARD,rooftop,meet-recording/data_sheets_historical/mangal all data sheet/PTM ROOFTOP/TMV ROOFTOP - DECEMBER 2025.xlsx,SBI
2025-12-31 20:02:35,180.0,4.05,0.73,175.22,YESAP60011347483,2026-01-01 05:28:18,UPI_CREDIT_CARD,rooftop,meet-recording/data_sheets_historical/mangal all data sheet/PTM ROOFTOP/TMV ROOFTOP - DECEMBER 2025.xlsx,
2025-12-31 19:43:49,180.0,0.0,0.0,180.0,YESAP60011347483,2026-01-01 05:28:18,UPI,rooftop,meet-recording/data_sheets_historical/mangal all data sheet/PTM ROOFTOP/TMV ROOFTOP - DECEMBER 2025.xlsx,
2025-12-31 18:34:50,99.0,0.0,0.0,99.0,YESAP60011347483,2026-01-01 05:28:18,UPI,rooftop,meet-recording/data_sheets_historical/mangal all data sheet/PTM ROOFTOP/TMV ROOFTOP - DECEMBER 2025.xlsx,
2025-12-31 18:33:14,120.0,0.0,0.0,120.0,YESAP60011347483,2026-01-01 05:28:18,UPI,rooftop,meet-recording/data_sheets_historical/mangal all data sheet/PTM ROOFTOP/TMV ROOFTOP - DECEMBER 2025.xlsx,
2025-12-31 17:46:12,179.0,0.0,0.0,179.0,YESAP60011347483,2026-01-01 05:28:18,UPI_PPIWALLET,rooftop,meet-recording/data_sheets_historical/mangal all data sheet/PTM ROOFTOP/TMV ROOFTOP - DECEMBER 2025.xlsx,
2025-12-31 17:15:18,618.0,0.0,0.0,618.0,YESAP60011347483,2026-01-01 05:28:18,UPI,rooftop,meet-recording/data_sheets_historical/mangal all data sheet/PTM ROOFTOP/TMV ROOFTOP - DECEMBER 2025.xlsx,
2025-12-31 16:29:11,2400.0,0.0,0.0,2400.0,YESAP60011347483,2026-01-01 05:28:18,UPI,rooftop,meet-recording/data_sheets_historical/mangal all data sheet/PTM ROOFTOP/TMV ROOFTOP - DECEMBER 2025.xlsx,
2025-12-31 15:42:54,2389.0,35.84,6.45,2346.71,YESAP60011347483,2026-01-01 05:28:18,CREDIT_CARD,rooftop,meet-recording/data_sheets_historical/mangal all data sheet/PTM ROOFTOP/TMV ROOFTOP - DECEMBER 2025.xlsx,NKMB
2025-12-31 23:58:33,199.0,0.0,0.0,199.0,YESAP60011347483,2026-01-01 05:28:18,UPI,rooftop,meet-recording/data_sheets_historical/mangal all data sheet/PTM ROOFTOP/TMV ROOFTOP - DECEMBER 2025.xlsx,
2025-12-31 23:41:46,1600.0,0.0,0.0,1600.0,YESAP60011347483,2026-01-01 05:28:18,UPI,rooftop,meet-recording/data_sheets_historical/mangal all data sheet/PTM ROOFTOP/TMV ROOFTOP - DECEMBER 2025.xlsx,
2025-12-31 23:17:54,1600.0,0.0,0.0,1600.0,YESAP60011347483,2026-01-01 05:28:18,UPI,rooftop,meet-recording/data_sheets_historical/mangal all data sheet/PTM ROOFTOP/TMV ROOFTOP - DECEMBER 2025.xlsx,
2025-12-31 23:06:26,190.0,4.28,0.77,184.95,YESAP60011347483,2026-01-01 05:28:18,UPI_CREDIT_CARD,rooftop,meet-recording/data_sheets_historical/mangal all data sheet/PTM ROOFTOP/TMV ROOFTOP - DECEMBER 2025.xlsx,
2025-12-31 22:35:50,1604.0,0.0,0.0,1604.0,YESAP60011347483,2026-01-01 05:28:18,UPI,rooftop,meet-recording/data_sheets_historical/mangal all data sheet/PTM ROOFTOP/TMV ROOFTOP - DECEMBER 2025.xlsx,
2025-12-31 22:27:01,129.0,2.9,0.52,125.58,YESAP60011347483,2026-01-01 05:28:18,UPI_CREDIT_CARD,rooftop,meet-recording/data_sheets_historical/mangal all data sheet/PTM ROOFTOP/TMV ROOFTOP - DECEMBER 2025.xlsx,
2025-12-31 22:21:42,1600.0,36.0,6.48,1557.52,YESAP60011347483,2026-01-01 05:28:18,UPI_CREDIT_CARD,rooftop,meet-recording/data_sheets_historical/mangal all data sheet/PTM ROOFTOP/TMV ROOFTOP - DECEMBER 2025.xlsx,
2025-12-31 22:11:28,120.0,0.0,0.0,120.0,YESAP60011347483,2026-01-01 05:28:18,UPI,rooftop,meet-recording/data_sheets_historical/mangal all data sheet/PTM ROOFTOP/TMV ROOFTOP - DECEMBER 2025.xlsx,
2025-12-31 22:09:07,1800.0,0.0,0.0,1800.0,YESAP60011347483,2026-01-01 05:28:18,UPI,rooftop,meet-recording/data_sheets_historical/mangal all data sheet/PTM ROOFTOP/TMV ROOFTOP - DECEMBER 2025.xlsx,
2026-02-01 07:50:46,120.0,0.0,0.0,120.0,YESAP60331726969,2026-02-02 04:04:06,UPI,rooftop,meet-recording/data_sheets_historical/mangal all data sheet/PTM ROOFTOP/TMV ROOFTOP - FEBRUARY 2026.xlsx,
2026-02-01 08:38:28,60.0,0.0,0.0,60.0,YESAP60331726969,2026-02-02 04:04:06,UPI,rooftop,meet-recording/data_sheets_historical/mangal all data sheet/PTM ROOFTOP/TMV ROOFTOP - FEBRUARY 2026.xlsx,
2026-02-01 16:58:15,1781.0,0.0,0.0,1781.0,YESAP60331726969,2026-02-02 04:04:06,UPI,rooftop,meet-recording/data_sheets_historical/mangal all data sheet/PTM ROOFTOP/TMV ROOFTOP - FEBRUARY 2026.xlsx,
2026-02-01 16:58:40,3162.0,0.0,0.0,3162.0,YESAP60331726969,2026-02-02 04:04:06,UPI,rooftop,meet-recording/data_sheets_historical/mangal all data sheet/PTM ROOFTOP/TMV ROOFTOP - FEBRUARY 2026.xlsx,
2026-02-01 19:57:52,867.0,30.35,0.0,836.65,YESAP60331726969,2026-02-02 04:04:06,DEBIT_CARD,rooftop,meet-recording/data_sheets_historical/mangal all data sheet/PTM ROOFTOP/TMV ROOFTOP - FEBRUARY 2026.xlsx,
2026-02-01 20:19:49,857.0,12.86,0.0,844.14,YESAP60331726969,2026-02-02 04:04:06,CREDIT_CARD,rooftop,meet-recording/data_sheets_historical/mangal all data sheet/PTM ROOFTOP/TMV ROOFTOP - FEBRUARY 2026.xlsx,
2026-02-01 20:45:13,274.0,0.0,0.0,274.0,YESAP60331726969,2026-02-02 04:04:06,UPI,rooftop,meet-recording/data_sheets_historical/mangal all data sheet/PTM ROOFTOP/TMV ROOFTOP - FEBRUARY 2026.xlsx,
2026-02-01 21:25:51,578.0,0.0,0.0,578.0,YESAP60331726969,2026-02-02 04:04:06,UPI,rooftop,meet-recording/data_sheets_historical/mangal all data sheet/PTM ROOFTOP/TMV ROOFTOP - FEBRUARY 2026.xlsx,
2026-02-01 22:28:50,847.0,0.0,0.0,847.0,YESAP60331726969,2026-02-02 04:04:06,UPI,rooftop,meet-recording/data_sheets_historical/mangal all data sheet/PTM ROOFTOP/TMV ROOFTOP - FEBRUARY 2026.xlsx,
2026-02-01 22:33:41,229.0,0.0,0.0,229.0,YESAP60331726969,2026-02-02 04:04:06,UPI,rooftop,meet-recording/data_sheets_historical/mangal all data sheet/PTM ROOFTOP/TMV ROOFTOP - FEBRUARY 2026.xlsx,
2026-02-01 22:44:15,90.0,0.0,0.0,90.0,YESAP60331726969,2026-02-02 04:04:06,UPI,rooftop,meet-recording/data_sheets_historical/mangal all data sheet/PTM ROOFTOP/TMV ROOFTOP - FEBRUARY 2026.xlsx,
2026-02-01 22:47:07,1196.0,0.0,0.0,1196.0,YESAP60331726969,2026-02-02 04:04:06,UPI,rooftop,meet-recording/data_sheets_historical/mangal all data sheet/PTM ROOFTOP/TMV ROOFTOP - FEBRUARY 2026.xlsx,
2026-02-01 23:06:44,1098.0,0.0,0.0,1098.0,YESAP60331726969,2026-02-02 04:04:06,UPI,rooftop,meet-recording/data_sheets_historical/mangal all data sheet/PTM ROOFTOP/TMV ROOFTOP - FEBRUARY 2026.xlsx,
,,,,,,,,rooftop,meet-recording/data_sheets_historical/mangal all data sheet/PTM ROOFTOP/TMV ROOFTOP - FEBRUARY 2026.xlsx,
2026-02-02 14:20:05,1601.0,0.0,0.0,1601.0,YESAP60341459902,2026-02-03 03:49:21,UPI,rooftop,meet-recording/data_sheets_historical/mangal all data sheet/PTM ROOFTOP/TMV ROOFTOP - FEBRUARY 2026.xlsx,
2026-02-02 14:50:25,14.0,0.0,0.0,14.0,YESAP60341459902,2026-02-03 03:49:21,UPI,rooftop,meet-recording/data_sheets_historical/mangal all data sheet/PTM ROOFTOP/TMV ROOFTOP - FEBRUARY 2026.xlsx,
2026-02-02 14:51:17,389.0,0.0,0.0,389.0,YESAP60341459902,2026-02-03 03:49:21,UPI,rooftop,meet-recording/data_sheets_historical/mangal all data sheet/PTM ROOFTOP/TMV ROOFTOP - FEBRUARY 2026.xlsx,
2026-02-02 15:23:07,1571.0,0.0,0.0,1571.0,YESAP60341459902,2026-02-03 03:49:21,UPI,rooftop,meet-recording/data_sheets_historical/mangal all data sheet/PTM ROOFTOP/TMV ROOFTOP - FEBRUARY 2026.xlsx,
2026-02-02 15:42:28,7088.0,159.48,28.71,6899.81,YESAP60341459902,2026-02-03 03:49:21,UPI_CREDIT_CARD,rooftop,meet-recording/data_sheets_historical/mangal all data sheet/PTM ROOFTOP/TMV ROOFTOP - FEBRUARY 2026.xlsx,
2026-02-02 17:48:00,60.0,0.0,0.0,60.0,YESAP60341459902,2026-02-03 03:49:21,UPI,rooftop,meet-recording/data_sheets_historical/mangal all data sheet/PTM ROOFTOP/TMV ROOFTOP - FEBRUARY 2026.xlsx,
2026-02-02 19:26:40,474.0,0.0,0.0,474.0,YESAP60341459902,2026-02-03 03:49:21,UPI,rooftop,meet-recording/data_sheets_historical/mangal all data sheet/PTM ROOFTOP/TMV ROOFTOP - FEBRUARY 2026.xlsx,
2026-02-02 19:36:49,60.0,0.0,0.0,60.0,YESAP60341459902,2026-02-03 03:49:21,UPI,rooftop,meet-recording/data_sheets_historical/mangal all data sheet/PTM ROOFTOP/TMV ROOFTOP - FEBRUARY 2026.xlsx,
2026-02-02 20:30:47,5000.0,0.0,0.0,5000.0,YESAP60341459902,2026-02-03 03:49:21,UPI,rooftop,meet-recording/data_sheets_historical/mangal all data sheet/PTM ROOFTOP/TMV ROOFTOP - FEBRUARY 2026.xlsx,
2026-02-02 20:55:37,763.0,0.0,0.0,763.0,YESAP60341459902,2026-02-03 03:49:21,UPI,rooftop,meet-recording/data_sheets_historical/mangal all data sheet/PTM ROOFTOP/TMV ROOFTOP - FEBRUARY 2026.xlsx,
2026-02-02 21:55:55,2856.0,0.0,0.0,2856.0,YESAP60341459902,2026-02-03 03:49:21,UPI,rooftop,meet-recording/data_sheets_historical/mangal all data sheet/PTM ROOFTOP/TMV ROOFTOP - FEBRUARY 2026.xlsx,
2026-02-02 22:04:07,73.0,0.0,0.0,73.0,YESAP60341459902,2026-02-03 03:49:21,UPI,rooftop,meet-recording/data_sheets_historical/mangal all data sheet/PTM ROOFTOP/TMV ROOFTOP - FEBRUARY 2026.xlsx,
2026-02-02 22:08:59,414.0,9.32,1.68,403.0,YESAP60341459902,2026-02-03 03:49:21,UPI_CREDIT_CARD,rooftop,meet-recording/data_sheets_historical/mangal all data sheet/PTM ROOFTOP/TMV ROOFTOP - FEBRUARY 2026.xlsx,
2026-02-02 22:28:55,937.0,0.0,0.0,937.0,YESAP60341459902,2026-02-03 03:49:21,UPI,rooftop,meet-recording/data_sheets_historical/mangal all data sheet/PTM ROOFTOP/TMV ROOFTOP - FEBRUARY 2026.xlsx,
,,,,,,,,rooftop,meet-recording/data_sheets_historical/mangal all data sheet/PTM ROOFTOP/TMV ROOFTOP - FEBRUARY 2026.xlsx,
2026-02-03 09:15:25,620.0,0.0,0.0,620.0,YESAP60352468559,2026-02-04 06:40:32,UPI,rooftop,meet-recording/data_sheets_historical/mangal all data sheet/PTM ROOFTOP/TMV ROOFTOP - FEBRUARY 2026.xlsx,
2026-02-03 09:55:24,450.0,10.13,1.82,438.05,YESAP60352468559,2026-02-04 06:40:32,UPI_CREDIT_CARD,rooftop,meet-recording/data_sheets_historical/mangal all data sheet/PTM ROOFTOP/TMV ROOFTOP - FEBRUARY 2026.xlsx,
2026-02-03 10:49:04,300.0,0.0,0.0,300.0,YESAP60352468559,2026-02-04 06:40:32,UPI,rooftop,meet-recording/data_sheets_historical/mangal all data sheet/PTM ROOFTOP/TMV ROOFTOP - FEBRUARY 2026.xlsx,
2026-02-03 10:50:19,219.0,0.0,0.0,219.0,YESAP60352468559,2026-02-04 06:40:32,UPI,rooftop,meet-recording/data_sheets_historical/mangal all data sheet/PTM ROOFTOP/TMV ROOFTOP - FEBRUARY 2026.xlsx,
2026-02-03 18:54:08,818.0,0.0,0.0,818.0,YESAP60352468559,2026-02-04 06:40:32,UPI,rooftop,meet-recording/data_sheets_historical/mangal all data sheet/PTM ROOFTOP/TMV ROOFTOP - FEBRUARY 2026.xlsx,
2026-02-03 21:36:58,902.0,20.3,3.65,878.05,YESAP60352468559,2026-02-04 06:40:32,UPI_CREDIT_CARD,rooftop,meet-recording/data_sheets_historical/mangal all data sheet/PTM ROOFTOP/TMV ROOFTOP - FEBRUARY 2026.xlsx,
2026-02-03 21:47:49,524.0,0.0,0.0,524.0,YESAP60352468559,2026-02-04 06:40:32,UPI,rooftop,meet-recording/data_sheets_historical/mangal all data sheet/PTM ROOFTOP/TMV ROOFTOP - FEBRUARY 2026.xlsx,
2026-02-03 22:03:16,20.0,0.45,0.08,19.47,YESAP60352468559,2026-02-04 06:40:32,UPI_CREDIT_CARD,rooftop,meet-recording/data_sheets_historical/mangal all data sheet/PTM ROOFTOP/TMV ROOFTOP - FEBRUARY 2026.xlsx,
2026-02-03 22:08:12,1246.0,0.0,0.0,1246.0,YESAP60352468559,2026-02-04 06:40:32,UPI,rooftop,meet-recording/data_sheets_historical/mangal all data sheet/PTM ROOFTOP/TMV ROOFTOP - FEBRUARY 2026.xlsx,
2026-02-03 22:11:45,1067.0,24.01,4.32,1038.67,YESAP60352468559,2026-02-04 06:40:32,UPI_CREDIT_CARD,rooftop,meet-recording/data_sheets_historical/mangal all data sheet/PTM ROOFTOP/TMV ROOFTOP - FEBRUARY 2026.xlsx,
2026-02-03 23:10:24,99.0,0.0,0.0,99.0,YESAP60352468559,2026-02-04 06:40:32,UPI,rooftop,meet-recording/data_sheets_historical/mangal all data sheet/PTM ROOFTOP/TMV ROOFTOP - FEBRUARY 2026.xlsx,
,,,,,,,,rooftop,meet-recording/data_sheets_historical/mangal all data sheet/PTM ROOFTOP/TMV ROOFTOP - FEBRUARY 2026.xlsx,
2026-02-04 11:51:04,40.0,0.0,0.0,40.0,YESAP60362458983,2026-02-05 06:10:17,UPI_LITE,rooftop,meet-recording/data_sheets_historical/mangal all data sheet/PTM ROOFTOP/TMV ROOFTOP - FEBRUARY 2026.xlsx,
2026-02-04 13:03:49,20.0,0.0,0.0,20.0,YESAP60362458983,2026-02-05 06:10:17,UPI,rooftop,meet-recording/data_sheets_historical/mangal all data sheet/PTM ROOFTOP/TMV ROOFTOP - FEBRUARY 2026.xlsx,
2026-02-04 13:41:49,788.0,17.73,3.19,767.08,YESAP60362458983,2026-02-05 06:10:17,UPI_CREDIT_CARD,rooftop,meet-recording/data_sheets_historical/mangal all data sheet/PTM ROOFTOP/TMV ROOFTOP - FEBRUARY 2026.xlsx,
2026-02-04 16:58:54,120.0,2.7,0.49,116.81,YESAP60362458983,2026-02-05 06:10:17,UPI_CREDIT_CARD,rooftop,meet-recording/data_sheets_historical/mangal all data sheet/PTM ROOFTOP/TMV ROOFTOP - FEBRUARY 2026.xlsx,
2026-02-04 17:22:37,140.0,0.0,0.0,140.0,YESAP60362458983,2026-02-05 06:10:17,UPI_LITE,rooftop,meet-recording/data_sheets_historical/mangal all data sheet/PTM ROOFTOP/TMV ROOFTOP - FEBRUARY 2026.xlsx,
2026-02-04 19:15:23,996.0,34.86,0.0,961.14,YESAP60362458983,2026-02-05 06:10:17,CREDIT_CARD,rooftop,meet-recording/data_sheets_historical/mangal all data sheet/PTM ROOFTOP/TMV ROOFTOP - FEBRUARY 2026.xlsx,
2026-02-04 21:33:06,519.0,0.0,0.0,519.0,YESAP60362458983,2026-02-05 06:10:17,UPI,rooftop,meet-recording/data_sheets_historical/mangal all data sheet/PTM ROOFTOP/TMV ROOFTOP - FEBRUARY 2026.xlsx,
2026-02-04 22:03:57,504.0,11.34,2.04,490.62,YESAP60362458983,2026-02-05 06:10:17,UPI_CREDIT_CARD,rooftop,meet-recording/data_sheets_historical/mangal all data sheet/PTM ROOFTOP/TMV ROOFTOP - FEBRUARY 2026.xlsx,
2026-02-04 22:26:58,1166.0,0.0,0.0,1166.0,YESAP60362458983,2026-02-05 06:10:17,UPI,rooftop,meet-recording/data_sheets_historical/mangal all data sheet/PTM ROOFTOP/TMV ROOFTOP - FEBRUARY 2026.xlsx,
2026-02-04 22:49:16,365.0,8.21,1.48,355.31,YESAP60362458983,2026-02-05 06:10:17,UPI_CREDIT_CARD,rooftop,meet-recording/data_sheets_historical/mangal all data sheet/PTM ROOFTOP/TMV ROOFTOP - FEBRUARY 2026.xlsx,
,,,,,,,,rooftop,meet-recording/data_sheets_historical/mangal all data sheet/PTM ROOFTOP/TMV ROOFTOP - FEBRUARY 2026.xlsx,
2026-02-05 08:32:24,300.0,0.0,0.0,300.0,YESAP60371449318,2026-02-06 04:36:27,UPI,rooftop,meet-recording/data_sheets_historical/mangal all data sheet/PTM ROOFTOP/TMV ROOFTOP - FEBRUARY 2026.xlsx,
2026-02-05 14:27:09,1590.0,6.36,0.0,1583.64,YESAP60371449318,2026-02-06 04:36:27,DEBIT_CARD,rooftop,meet-recording/data_sheets_historical/mangal all data sheet/PTM ROOFTOP/TMV ROOFTOP - FEBRUARY 2026.xlsx,
2026-02-05 14:46:57,120.0,0.0,0.0,120.0,YESAP60371449318,2026-02-06 04:36:27,UPI,rooftop,meet-recording/data_sheets_historical/mangal all data sheet/PTM ROOFTOP/TMV ROOFTOP - FEBRUARY 2026.xlsx,
2026-02-05 16:11:08,1277.0,0.0,0.0,1277.0,YESAP60371449318,2026-02-06 04:36:27,UPI,rooftop,meet-recording/data_sheets_historical/mangal all data sheet/PTM ROOFTOP/TMV ROOFTOP - FEBRUARY 2026.xlsx,
2026-02-05 16:22:15,40.0,0.0,0.0,40.0,YESAP60371449318,2026-02-06 04:36:27,UPI_LITE,rooftop,meet-recording/data_sheets_historical/mangal all data sheet/PTM ROOFTOP/TMV ROOFTOP - FEBRUARY 2026.xlsx,
2026-02-05 17:44:49,120.0,2.7,0.49,116.81,YESAP60371449318,2026-02-06 04:36:27,UPI_CREDIT_CARD,rooftop,meet-recording/data_sheets_historical/mangal all data sheet/PTM ROOFTOP/TMV ROOFTOP - FEBRUARY 2026.xlsx,
2026-02-05 19:34:53,469.0,0.0,0.0,469.0,YESAP60371449318,2026-02-06 04:36:27,UPI,rooftop,meet-recording/data_sheets_historical/mangal all data sheet/PTM ROOFTOP/TMV ROOFTOP - FEBRUARY 2026.xlsx,
2026-02-05 19:45:46,2113.0,0.0,0.0,2113.0,YESAP60371449318,2026-02-06 04:36:27,UPI,rooftop,meet-recording/data_sheets_historical/mangal all data sheet/PTM ROOFTOP/TMV ROOFTOP - FEBRUARY 2026.xlsx,
2026-02-05 20:31:25,777.0,3.11,0.0,773.89,YESAP60371449318,2026-02-06 04:36:27,DEBIT_CARD,rooftop,meet-recording/data_sheets_historical/mangal all data sheet/PTM ROOFTOP/TMV ROOFTOP - FEBRUARY 2026.xlsx,
2026-02-05 20:41:06,1197.0,0.0,0.0,1197.0,YESAP60371449318,2026-02-06 04:36:27,UPI,rooftop,meet-recording/data_sheets_historical/mangal all data sheet/PTM ROOFTOP/TMV ROOFTOP - FEBRUARY 2026.xlsx,
2026-02-05 21:41:21,987.0,0.0,0.0,987.0,YESAP60371449318,2026-02-06 04:36:27,UPI,rooftop,meet-recording/data_sheets_historical/mangal all data sheet/PTM ROOFTOP/TMV ROOFTOP - FEBRUARY 2026.xlsx,
2026-02-05 21:49:50,20.0,0.45,0.08,19.47,YESAP60371449318,2026-02-06 04:36:27,UPI_CREDIT_CARD,rooftop,meet-recording/data_sheets_historical/mangal all data sheet/PTM ROOFTOP/TMV ROOFTOP - FEBRUARY 2026.xlsx,
2026-02-05 22:18:56,578.0,8.67,0.0,569.33,YESAP60371449318,2026-02-06 04:36:27,CREDIT_CARD,rooftop,meet-recording/data_sheets_historical/mangal all data sheet/PTM ROOFTOP/TMV ROOFTOP - FEBRUARY 2026.xlsx,
2026-02-05 22:30:02,753.0,16.94,3.05,733.01,YESAP60371449318,2026-02-06 04:36:27,UPI_CREDIT_CARD,rooftop,meet-recording/data_sheets_historical/mangal all data sheet/PTM ROOFTOP/TMV ROOFTOP - FEBRUARY 2026.xlsx,
2026-02-05 22:36:18,698.0,0.0,0.0,698.0,YESAP60371449318,2026-02-06 04:36:27,UPI,rooftop,meet-recording/data_sheets_historical/mangal all data sheet/PTM ROOFTOP/TMV ROOFTOP - FEBRUARY 2026.xlsx,
2026-02-05 22:44:11,897.0,0.0,0.0,897.0,YESAP60371449318,2026-02-06 04:36:27,UPI,rooftop,meet-recording/data_sheets_historical/mangal all data sheet/PTM ROOFTOP/TMV ROOFTOP - FEBRUARY 2026.xlsx,
,,,,,,,,rooftop,meet-recording/data_sheets_historical/mangal all data sheet/PTM ROOFTOP/TMV ROOFTOP - FEBRUARY 2026.xlsx,
2026-02-06 00:37:06,40.0,0.0,0.0,40.0,YESAP60382812711,2026-02-07 06:24:22,UPI,rooftop,meet-recording/data_sheets_historical/mangal all data sheet/PTM ROOFTOP/TMV ROOFTOP - FEBRUARY 2026.xlsx,
2026-02-06 08:22:49,199.0,0.0,0.0,199.0,YESAP60382812711,2026-02-07 06:24:22,UPI,rooftop,meet-recording/data_sheets_historical/mangal all data sheet/PTM ROOFTOP/TMV ROOFTOP - FEBRUARY 2026.xlsx,
2026-02-06 09:47:37,40.0,0.0,0.0,40.0,YESAP60382812711,2026-02-07 06:24:22,UPI_LITE,rooftop,meet-recording/data_sheets_historical/mangal all data sheet/PTM ROOFTOP/TMV ROOFTOP - FEBRUARY 2026.xlsx,
2026-02-06 13:19:06,349.0,5.24,0.0,343.76,YESAP60382812711,2026-02-07 06:24:22,CREDIT_CARD,rooftop,meet-recording/data_sheets_historical/mangal all data sheet/PTM ROOFTOP/TMV ROOFTOP - FEBRUARY 2026.xlsx,
2026-02-06 14:28:15,1565.0,35.21,6.34,1523.45,YESAP60382812711,2026-02-07 06:24:22,UPI_CREDIT_CARD,rooftop,meet-recording/data_sheets_historical/mangal all data sheet/PTM ROOFTOP/TMV ROOFTOP - FEBRUARY 2026.xlsx,
2026-02-06 14:50:50,1014.0,0.0,0.0,1014.0,YESAP60382812711,2026-02-07 06:24:22,UPI,rooftop,meet-recording/data_sheets_historical/mangal all data sheet/PTM ROOFTOP/TMV ROOFTOP - FEBRUARY 2026.xlsx,
2026-02-06 15:01:09,1195.0,4.78,0.0,1190.22,YESAP60382812711,2026-02-07 06:24:22,DEBIT_CARD,rooftop,meet-recording/data_sheets_historical/mangal all data sheet/PTM ROOFTOP/TMV ROOFTOP - FEBRUARY 2026.xlsx,
2026-02-06 15:43:26,977.0,0.0,0.0,977.0,YESAP60382812711,2026-02-07 06:24:22,UPI,rooftop,meet-recording/data_sheets_historical/mangal all data sheet/PTM ROOFTOP/TMV ROOFTOP - FEBRUARY 2026.xlsx,
2026-02-06 15:43:37,548.0,0.0,0.0,548.0,YESAP60382812711,2026-02-07 06:24:22,UPI,rooftop,meet-recording/data_sheets_historical/mangal all data sheet/PTM ROOFTOP/TMV ROOFTOP - FEBRUARY 2026.xlsx,
2026-02-06 15:54:29,793.0,11.9,0.0,781.1,YESAP60382812711,2026-02-07 06:24:22,CREDIT_CARD,rooftop,meet-recording/data_sheets_historical/mangal all data sheet/PTM ROOFTOP/TMV ROOFTOP - FEBRUARY 2026.xlsx,
2026-02-06 16:16:01,997.0,0.0,0.0,997.0,YESAP60382812711,2026-02-07 06:24:22,UPI,rooftop,meet-recording/data_sheets_historical/mangal all data sheet/PTM ROOFTOP/TMV ROOFTOP - FEBRUARY 2026.xlsx,
2026-02-06 16:31:38,20.0,0.0,0.0,20.0,YESAP60382812711,2026-02-07 06:24:22,UPI,rooftop,meet-recording/data_sheets_historical/mangal all data sheet/PTM ROOFTOP/TMV ROOFTOP - FEBRUARY 2026.xlsx,
2026-02-06 16:35:32,619.0,13.93,2.51,602.56,YESAP60382812711,2026-02-07 06:24:22,UPI_CREDIT_CARD,rooftop,meet-recording/data_sheets_historical/mangal all data sheet/PTM ROOFTOP/TMV ROOFTOP - FEBRUARY 2026.xlsx,
2026-02-06 16:56:50,140.0,3.15,0.57,136.28,YESAP60382812711,2026-02-07 06:24:22,UPI_CREDIT_CARD,rooftop,meet-recording/data_sheets_historical/mangal all data sheet/PTM ROOFTOP/TMV ROOFTOP - FEBRUARY 2026.xlsx,
2026-02-06 17:04:45,1156.0,0.0,0.0,1156.0,YESAP60382812711,2026-02-07 06:24:22,UPI,rooftop,meet-recording/data_sheets_historical/mangal all data sheet/PTM ROOFTOP/TMV ROOFTOP - FEBRUARY 2026.xlsx,
2026-02-06 17:06:37,520.0,0.0,0.0,520.0,YESAP60382812711,2026-02-07 06:24:22,UPI,rooftop,meet-recording/data_sheets_historical/mangal all data sheet/PTM ROOFTOP/TMV ROOFTOP - FEBRUARY 2026.xlsx,
2026-02-06 18:17:47,120.0,0.0,0.0,120.0,YESAP60382812711,2026-02-07 06:24:22,UPI,rooftop,meet-recording/data_sheets_historical/mangal all data sheet/PTM ROOFTOP/TMV ROOFTOP - FEBRUARY 2026.xlsx,
2026-02-06 19:43:31,1238.0,0.0,0.0,1238.0,YESAP60382812711,2026-02-07 06:24:22,UPI,rooftop,meet-recording/data_sheets_historical/mangal all data sheet/PTM ROOFTOP/TMV ROOFTOP - FEBRUARY 2026.xlsx,
2026-02-06 20:13:02,409.0,0.0,0.0,409.0,YESAP60382812711,2026-02-07 06:24:22,UPI,rooftop,meet-recording/data_sheets_historical/mangal all data sheet/PTM ROOFTOP/TMV ROOFTOP - FEBRUARY 2026.xlsx,
2026-02-06 21:22:01,6151.0,55.36,9.96,6085.68,YESAP60382812711,2026-02-07 06:24:22,DEBIT_CARD,rooftop,meet-recording/data_sheets_historical/mangal all data sheet/PTM ROOFTOP/TMV ROOFTOP - FEBRUARY 2026.xlsx,
2026-02-06 21:29:53,1666.0,0.0,0.0,1666.0,YESAP60382812711,2026-02-07 06:24:22,UPI,rooftop,meet-recording/data_sheets_historical/mangal all data sheet/PTM ROOFTOP/TMV ROOFTOP - FEBRUARY 2026.xlsx,
2026-02-06 21:52:21,40.0,0.0,0.0,40.0,YESAP60382812711,2026-02-07 06:24:22,UPI,rooftop,meet-recording/data_sheets_historical/mangal all data sheet/PTM ROOFTOP/TMV ROOFTOP - FEBRUARY 2026.xlsx,
2026-02-06 22:04:16,788.0,0.0,0.0,788.0,YESAP60382812711,2026-02-07 06:24:22,UPI,rooftop,meet-recording/data_sheets_historical/mangal all data sheet/PTM ROOFTOP/TMV ROOFTOP - FEBRUARY 2026.xlsx,
2026-02-06 22:04:56,70.0,0.0,0.0,70.0,YESAP60382812711,2026-02-07 06:24:22,UPI,rooftop,meet-recording/data_sheets_historical/mangal all data sheet/PTM ROOFTOP/TMV ROOFTOP - FEBRUARY 2026.xlsx,
2026-02-06 22:06:43,1226.0,18.39,0.0,1207.61,YESAP60382812711,2026-02-07 06:24:22,CREDIT_CARD,rooftop,meet-recording/data_sheets_historical/mangal all data sheet/PTM ROOFTOP/TMV ROOFTOP - FEBRUARY 2026.xlsx,
2026-02-06 22:30:54,199.0,0.0,0.0,199.0,YESAP60382812711,2026-02-07 06:24:22,UPI,rooftop,meet-recording/data_sheets_historical/mangal all data sheet/PTM ROOFTOP/TMV ROOFTOP - FEBRUARY 2026.xlsx,
2026-02-06 22:41:13,1515.0,0.0,0.0,1515.0,YESAP60382812711,2026-02-07 06:24:22,UPI,rooftop,meet-recording/data_sheets_historical/mangal all data sheet/PTM ROOFTOP/TMV ROOFTOP - FEBRUARY 2026.xlsx,
2026-02-06 22:47:10,1007.0,0.0,0.0,1007.0,YESAP60382812711,2026-02-07 06:24:22,UPI,rooftop,meet-recording/data_sheets_historical/mangal all data sheet/PTM ROOFTOP/TMV ROOFTOP - FEBRUARY 2026.xlsx,
,,,,,,,,rooftop,meet-recording/data_sheets_historical/mangal all data sheet/PTM ROOFTOP/TMV ROOFTOP - FEBRUARY 2026.xlsx,
2026-02-07 08:05:10,20.0,0.0,0.0,20.0,YESAP60391695473,2026-02-08 03:47:35,UPI,rooftop,meet-recording/data_sheets_historical/mangal all data sheet/PTM ROOFTOP/TMV ROOFTOP - FEBRUARY 2026.xlsx,
2026-02-07 08:17:17,20.0,0.0,0.0,20.0,YESAP60391695473,2026-02-08 03:47:35,UPI,rooftop,meet-recording/data_sheets_historical/mangal all data sheet/PTM ROOFTOP/TMV ROOFTOP - FEBRUARY 2026.xlsx,
2026-02-07 11:03:05,20.0,0.0,0.0,20.0,YESAP60391695473,2026-02-08 03:47:35,UPI,rooftop,meet-recording/data_sheets_historical/mangal all data sheet/PTM ROOFTOP/TMV ROOFTOP - FEBRUARY 2026.xlsx,
2026-02-07 12:28:09,249.0,0.0,0.0,249.0,YESAP60391695473,2026-02-08 03:47:35,UPI,rooftop,meet-recording/data_sheets_historical/mangal all data sheet/PTM ROOFTOP/TMV ROOFTOP - FEBRUARY 2026.xlsx,
2026-02-07 14:54:38,638.0,0.0,0.0,638.0,YESAP60391695473,2026-02-08 03:47:35,UPI,rooftop,meet-recording/data_sheets_historical/mangal all data sheet/PTM ROOFTOP/TMV ROOFTOP - FEBRUARY 2026.xlsx,
2026-02-07 15:36:48,319.0,0.0,0.0,319.0,YESAP60391695473,2026-02-08 03:47:35,UPI,rooftop,meet-recording/data_sheets_historical/mangal all data sheet/PTM ROOFTOP/TMV ROOFTOP - FEBRUARY 2026.xlsx,
2026-02-07 18:10:49,60.0,0.0,0.0,60.0,YESAP60391695473,2026-02-08 03:47:35,UPI,rooftop,meet-recording/data_sheets_historical/mangal all data sheet/PTM ROOFTOP/TMV ROOFTOP - FEBRUARY 2026.xlsx,
2026-02-07 20:03:50,1067.0,24.01,4.32,1038.67,YESAP60391695473,2026-02-08 03:47:35,UPI_CREDIT_CARD,rooftop,meet-recording/data_sheets_historical/mangal all data sheet/PTM ROOFTOP/TMV ROOFTOP - FEBRUARY 2026.xlsx,
2026-02-07 20:09:59,568.0,0.0,0.0,568.0,YESAP60391695473,2026-02-08 03:47:35,UPI,rooftop,meet-recording/data_sheets_historical/mangal all data sheet/PTM ROOFTOP/TMV ROOFTOP - FEBRUARY 2026.xlsx,
2026-02-07 20:52:45,5000.0,0.0,0.0,5000.0,YESAP60391695473,2026-02-08 03:47:35,UPI,rooftop,meet-recording/data_sheets_historical/mangal all data sheet/PTM ROOFTOP/TMV ROOFTOP - FEBRUARY 2026.xlsx,
2026-02-07 20:54:56,549.0,0.0,0.0,549.0,YESAP60391695473,2026-02-08 03:47:35,UPI,rooftop,meet-recording/data_sheets_historical/mangal all data sheet/PTM ROOFTOP/TMV ROOFTOP - FEBRUARY 2026.xlsx,
2026-02-07 21:05:51,329.0,0.0,0.0,329.0,YESAP60391695473,2026-02-08 03:47:35,UPI,rooftop,meet-recording/data_sheets_historical/mangal all data sheet/PTM ROOFTOP/TMV ROOFTOP - FEBRUARY 2026.xlsx,
2026-02-07 21:11:25,838.0,0.0,0.0,838.0,YESAP60391695473,2026-02-08 03:47:35,UPI,rooftop,meet-recording/data_sheets_historical/mangal all data sheet/PTM ROOFTOP/TMV ROOFTOP - FEBRUARY 2026.xlsx,
2026-02-07 21:11:39,498.0,0.0,0.0,498.0,YESAP60391695473,2026-02-08 03:47:35,UPI,rooftop,meet-recording/data_sheets_historical/mangal all data sheet/PTM ROOFTOP/TMV ROOFTOP - FEBRUARY 2026.xlsx,
2026-02-07 21:20:45,467.0,10.51,1.89,454.6,YESAP60391695473,2026-02-08 03:47:35,UPI_CREDIT_CARD,rooftop,meet-recording/data_sheets_historical/mangal all data sheet/PTM ROOFTOP/TMV ROOFTOP - FEBRUARY 2026.xlsx,
2026-02-07 21:53:58,1000.0,0.0,0.0,1000.0,YESAP60391695473,2026-02-08 03:47:35,UPI,rooftop,meet-recording/data_sheets_historical/mangal all data sheet/PTM ROOFTOP/TMV ROOFTOP - FEBRUARY 2026.xlsx,
2026-02-07 21:56:38,1067.0,0.0,0.0,1067.0,YESAP60391695473,2026-02-08 03:47:35,UPI,rooftop,meet-recording/data_sheets_historical/mangal all data sheet/PTM ROOFTOP/TMV ROOFTOP - FEBRUARY 2026.xlsx,
2026-02-07 22:02:33,2410.0,84.35,15.18,2310.47,YESAP60391695473,2026-02-08 03:47:35,DEBIT_CARD,rooftop,meet-recording/data_sheets_historical/mangal all data sheet/PTM ROOFTOP/TMV ROOFTOP - FEBRUARY 2026.xlsx,
2026-02-07 22:06:38,70.0,0.0,0.0,70.0,YESAP60391695473,2026-02-08 03:47:35,UPI,rooftop,meet-recording/data_sheets_historical/mangal all data sheet/PTM ROOFTOP/TMV ROOFTOP - FEBRUARY 2026.xlsx,
2026-02-07 22:14:09,1436.0,0.0,0.0,1436.0,YESAP60391695473,2026-02-08 03:47:35,UPI,rooftop,meet-recording/data_sheets_historical/mangal all data sheet/PTM ROOFTOP/TMV ROOFTOP - FEBRUARY 2026.xlsx,
2026-02-07 22:15:19,125.0,0.0,0.0,125.0,YESAP60391695473,2026-02-08 03:47:35,UPI,rooftop,meet-recording/data_sheets_historical/mangal all data sheet/PTM ROOFTOP/TMV ROOFTOP - FEBRUARY 2026.xlsx,
2026-02-07 22:18:47,688.0,0.0,0.0,688.0,YESAP60391695473,2026-02-08 03:47:35,UPI,rooftop,meet-recording/data_sheets_historical/mangal all data sheet/PTM ROOFTOP/TMV ROOFTOP - FEBRUARY 2026.xlsx,
2026-02-07 22:22:39,1107.0,0.0,0.0,1107.0,YESAP60391695473,2026-02-08 03:47:35,UPI,rooftop,meet-recording/data_sheets_historical/mangal all data sheet/PTM ROOFTOP/TMV ROOFTOP - FEBRUARY 2026.xlsx,
2026-02-07 22:24:27,20.0,0.0,0.0,20.0,YESAP60391695473,2026-02-08 03:47:35,UPI,rooftop,meet-recording/data_sheets_historical/mangal all data sheet/PTM ROOFTOP/TMV ROOFTOP - FEBRUARY 2026.xlsx,
2026-02-07 22:29:19,40.0,0.0,0.0,40.0,YESAP60391695473,2026-02-08 03:47:35,UPI,rooftop,meet-recording/data_sheets_historical/mangal all data sheet/PTM ROOFTOP/TMV ROOFTOP - FEBRUARY 2026.xlsx,
2026-02-07 22:50:19,190.0,0.0,0.0,190.0,YESAP60391695473,2026-02-08 03:47:35,UPI,rooftop,meet-recording/data_sheets_historical/mangal all data sheet/PTM ROOFTOP/TMV ROOFTOP - FEBRUARY 2026.xlsx,
2026-02-07 22:55:23,40.0,0.9,0.16,38.94,YESAP60391695473,2026-02-08 03:47:35,UPI_CREDIT_CARD,rooftop,meet-recording/data_sheets_historical/mangal all data sheet/PTM ROOFTOP/TMV ROOFTOP - FEBRUARY 2026.xlsx,
,,,,,,,,rooftop,meet-recording/data_sheets_historical/mangal all data sheet/PTM ROOFTOP/TMV ROOFTOP - FEBRUARY 2026.xlsx,
2026-02-08 08:35:13,150.0,0.0,0.0,150.0,YESAP60401872658,2026-02-09 04:40:09,UPI,rooftop,meet-recording/data_sheets_historical/mangal all data sheet/PTM ROOFTOP/TMV ROOFTOP - FEBRUARY 2026.xlsx,
2026-02-08 10:12:53,150.0,0.0,0.0,150.0,YESAP60401872658,2026-02-09 04:40:09,UPI,rooftop,meet-recording/data_sheets_historical/mangal all data sheet/PTM ROOFTOP/TMV ROOFTOP - FEBRUARY 2026.xlsx,
2026-02-08 10:56:05,60.0,0.0,0.0,60.0,YESAP60401872658,2026-02-09 04:40:09,UPI,rooftop,meet-recording/data_sheets_historical/mangal all data sheet/PTM ROOFTOP/TMV ROOFTOP - FEBRUARY 2026.xlsx,
2026-02-08 12:55:52,60.0,0.0,0.0,60.0,YESAP60401872658,2026-02-09 04:40:09,UPI,rooftop,meet-recording/data_sheets_historical/mangal all data sheet/PTM ROOFTOP/TMV ROOFTOP - FEBRUARY 2026.xlsx,
2026-02-08 14:11:59,879.0,3.52,0.0,875.48,YESAP60401872658,2026-02-09 04:40:09,DEBIT_CARD,rooftop,meet-recording/data_sheets_historical/mangal all data sheet/PTM ROOFTOP/TMV ROOFTOP - FEBRUARY 2026.xlsx,
2026-02-08 14:41:49,903.0,0.0,0.0,903.0,YESAP60401872658,2026-02-09 04:40:09,UPI,rooftop,meet-recording/data_sheets_historical/mangal all data sheet/PTM ROOFTOP/TMV ROOFTOP - FEBRUARY 2026.xlsx,
2026-02-08 15:02:00,1186.0,0.0,0.0,1186.0,YESAP60401872658,2026-02-09 04:40:09,UPI,rooftop,meet-recording/data_sheets_historical/mangal all data sheet/PTM ROOFTOP/TMV ROOFTOP - FEBRUARY 2026.xlsx,
2026-02-08 16:27:26,369.0,0.0,0.0,369.0,YESAP60401872658,2026-02-09 04:40:09,UPI,rooftop,meet-recording/data_sheets_historical/mangal all data sheet/PTM ROOFTOP/TMV ROOFTOP - FEBRUARY 2026.xlsx,
2026-02-08 19:16:53,1700.0,0.0,0.0,1700.0,YESAP60401872658,2026-02-09 04:40:09,UPI,rooftop,meet-recording/data_sheets_historical/mangal all data sheet/PTM ROOFTOP/TMV ROOFTOP - FEBRUARY 2026.xlsx,
2026-02-08 20:05:11,428.0,6.42,0.0,421.58,YESAP60401872658,2026-02-09 04:40:09,CREDIT_CARD,rooftop,meet-recording/data_sheets_historical/mangal all data sheet/PTM ROOFTOP/TMV ROOFTOP - FEBRUARY 2026.xlsx,
2026-02-08 20:25:48,738.0,0.0,0.0,738.0,YESAP60401872658,2026-02-09 04:40:09,UPI,rooftop,meet-recording/data_sheets_historical/mangal all data sheet/PTM ROOFTOP/TMV ROOFTOP - FEBRUARY 2026.xlsx,
2026-02-08 21:24:40,718.0,16.16,2.91,698.93,YESAP60401872658,2026-02-09 04:40:09,UPI_CREDIT_CARD,rooftop,meet-recording/data_sheets_historical/mangal all data sheet/PTM ROOFTOP/TMV ROOFTOP - FEBRUARY 2026.xlsx,
2026-02-08 21:36:26,570.0,0.0,0.0,570.0,YESAP60401872658,2026-02-09 04:40:09,UPI,rooftop,meet-recording/data_sheets_historical/mangal all data sheet/PTM ROOFTOP/TMV ROOFTOP - FEBRUARY 2026.xlsx,
2026-02-08 22:02:07,937.0,3.75,0.0,933.25,YESAP60401872658,2026-02-09 04:40:09,DEBIT_CARD,rooftop,meet-recording/data_sheets_historical/mangal all data sheet/PTM ROOFTOP/TMV ROOFTOP - FEBRUARY 2026.xlsx,
2026-02-08 22:04:59,5900.0,0.0,0.0,5900.0,YESAP60401872658,2026-02-09 04:40:09,UPI,rooftop,meet-recording/data_sheets_historical/mangal all data sheet/PTM ROOFTOP/TMV ROOFTOP - FEBRUARY 2026.xlsx,
2026-02-08 22:13:07,60.0,0.0,0.0,60.0,YESAP60401872658,2026-02-09 04:40:09,UPI,rooftop,meet-recording/data_sheets_historical/mangal all data sheet/PTM ROOFTOP/TMV ROOFTOP - FEBRUARY 2026.xlsx,
2026-02-08 22:18:48,369.0,5.54,0.0,363.46,YESAP60401872658,2026-02-09 04:40:09,CREDIT_CARD,rooftop,meet-recording/data_sheets_historical/mangal all data sheet/PTM ROOFTOP/TMV ROOFTOP - FEBRUARY 2026.xlsx,
,,,,,,,,rooftop,meet-recording/data_sheets_historical/mangal all data sheet/PTM ROOFTOP/TMV ROOFTOP - FEBRUARY 2026.xlsx,
2026-02-09 01:53:57,40.0,0.0,0.0,40.0,YESAP60412187849,2026-02-10 04:31:45,UPI,rooftop,meet-recording/data_sheets_historical/mangal all data sheet/PTM ROOFTOP/TMV ROOFTOP - FEBRUARY 2026.xlsx,
2026-02-09 06:08:45,40.0,0.0,0.0,40.0,YESAP60412187849,2026-02-10 04:31:45,UPI,rooftop,meet-recording/data_sheets_historical/mangal all data sheet/PTM ROOFTOP/TMV ROOFTOP - FEBRUARY 2026.xlsx,
2026-02-09 08:28:05,20.0,0.0,0.0,20.0,YESAP60412187849,2026-02-10 04:31:45,UPI,rooftop,meet-recording/data_sheets_historical/mangal all data sheet/PTM ROOFTOP/TMV ROOFTOP - FEBRUARY 2026.xlsx,
2026-02-09 09:34:35,300.0,0.0,0.0,300.0,YESAP60412187849,2026-02-10 04:31:45,UPI,rooftop,meet-recording/data_sheets_historical/mangal all data sheet/PTM ROOFTOP/TMV ROOFTOP - FEBRUARY 2026.xlsx,
2026-02-09 09:46:13,40.0,0.0,0.0,40.0,YESAP60412187849,2026-02-10 04:31:45,UPI,rooftop,meet-recording/data_sheets_historical/mangal all data sheet/PTM ROOFTOP/TMV ROOFTOP - FEBRUARY 2026.xlsx,
2026-02-09 13:02:11,369.0,0.0,0.0,369.0,YESAP60412187849,2026-02-10 04:31:45,UPI,rooftop,meet-recording/data_sheets_historical/mangal all data sheet/PTM ROOFTOP/TMV ROOFTOP - FEBRUARY 2026.xlsx,
2026-02-09 14:24:41,60.0,0.0,0.0,60.0,YESAP60412187849,2026-02-10 04:31:45,UPI,rooftop,meet-recording/data_sheets_historical/mangal all data sheet/PTM ROOFTOP/TMV ROOFTOP - FEBRUARY 2026.xlsx,
2026-02-09 14:51:31,867.0,13.01,0.0,853.99,YESAP60412187849,2026-02-10 04:31:45,CREDIT_CARD,rooftop,meet-recording/data_sheets_historical/mangal all data sheet/PTM ROOFTOP/TMV ROOFTOP - FEBRUARY 2026.xlsx,
2026-02-09 15:10:13,548.0,0.0,0.0,548.0,YESAP60412187849,2026-02-10 04:31:45,UPI,rooftop,meet-recording/data_sheets_historical/mangal all data sheet/PTM ROOFTOP/TMV ROOFTOP - FEBRUARY 2026.xlsx,
2026-02-09 15:29:45,508.0,7.62,0.0,500.38,YESAP60412187849,2026-02-10 04:31:45,CREDIT_CARD,rooftop,meet-recording/data_sheets_historical/mangal all data sheet/PTM ROOFTOP/TMV ROOFTOP - FEBRUARY 2026.xlsx,
2026-02-09 15:33:42,45.0,0.0,0.0,45.0,YESAP60412187849,2026-02-10 04:31:45,UPI,rooftop,meet-recording/data_sheets_historical/mangal all data sheet/PTM ROOFTOP/TMV ROOFTOP - FEBRUARY 2026.xlsx,
2026-02-09 17:09:50,180.0,0.0,0.0,180.0,YESAP60412187849,2026-02-10 04:31:45,UPI,rooftop,meet-recording/data_sheets_historical/mangal all data sheet/PTM ROOFTOP/TMV ROOFTOP - FEBRUARY 2026.xlsx,
2026-02-09 17:15:47,964.0,0.0,0.0,964.0,YESAP60412187849,2026-02-10 04:31:45,UPI,rooftop,meet-recording/data_sheets_historical/mangal all data sheet/PTM ROOFTOP/TMV ROOFTOP - FEBRUARY 2026.xlsx,
2026-02-09 19:03:58,369.0,0.0,0.0,369.0,YESAP60412187849,2026-02-10 04:31:45,UPI,rooftop,meet-recording/data_sheets_historical/mangal all data sheet/PTM ROOFTOP/TMV ROOFTOP - FEBRUARY 2026.xlsx,
2026-02-09 19:38:39,199.0,4.48,0.81,193.71,YESAP60412187849,2026-02-10 04:31:45,UPI_CREDIT_CARD,rooftop,meet-recording/data_sheets_historical/mangal all data sheet/PTM ROOFTOP/TMV ROOFTOP - FEBRUARY 2026.xlsx,
2026-02-09 20:21:56,2410.0,0.0,0.0,2410.0,YESAP60412187849,2026-02-10 04:31:45,UPI,rooftop,meet-recording/data_sheets_historical/mangal all data sheet/PTM ROOFTOP/TMV ROOFTOP - FEBRUARY 2026.xlsx,
2026-02-09 20:22:03,967.0,0.0,0.0,967.0,YESAP60412187849,2026-02-10 04:31:45,UPI,rooftop,meet-recording/data_sheets_historical/mangal all data sheet/PTM ROOFTOP/TMV ROOFTOP - FEBRUARY 2026.xlsx,
2026-02-09 20:24:11,916.0,0.0,0.0,916.0,YESAP60412187849,2026-02-10 04:31:45,UPI,rooftop,meet-recording/data_sheets_historical/mangal all data sheet/PTM ROOFTOP/TMV ROOFTOP - FEBRUARY 2026.xlsx,
2026-02-09 21:26:40,219.0,0.0,0.0,219.0,YESAP60412187849,2026-02-10 04:31:45,UPI,rooftop,meet-recording/data_sheets_historical/mangal all data sheet/PTM ROOFTOP/TMV ROOFTOP - FEBRUARY 2026.xlsx,
2026-02-09 21:31:53,179.0,0.0,0.0,179.0,YESAP60412187849,2026-02-10 04:31:45,UPI,rooftop,meet-recording/data_sheets_historical/mangal all data sheet/PTM ROOFTOP/TMV ROOFTOP - FEBRUARY 2026.xlsx,
2026-02-09 21:49:04,810.0,0.0,0.0,810.0,YESAP60412187849,2026-02-10 04:31:45,UPI,rooftop,meet-recording/data_sheets_historical/mangal all data sheet/PTM ROOFTOP/TMV ROOFTOP - FEBRUARY 2026.xlsx,
2026-02-09 21:58:15,827.0,0.0,0.0,827.0,YESAP60412187849,2026-02-10 04:31:45,UPI,rooftop,meet-recording/data_sheets_historical/mangal all data sheet/PTM ROOFTOP/TMV ROOFTOP - FEBRUARY 2026.xlsx,
2026-02-09 22:03:38,1585.0,0.0,0.0,1585.0,YESAP60412187849,2026-02-10 04:31:45,UPI,rooftop,meet-recording/data_sheets_historical/mangal all data sheet/PTM ROOFTOP/TMV ROOFTOP - FEBRUARY 2026.xlsx,
2026-02-09 22:39:36,600.0,0.0,0.0,600.0,YESAP60412187849,2026-02-10 04:31:45,UPI,rooftop,meet-recording/data_sheets_historical/mangal all data sheet/PTM ROOFTOP/TMV ROOFTOP - FEBRUARY 2026.xlsx,
2026-02-09 22:47:39,349.0,0.0,0.0,349.0,YESAP60412187849,2026-02-10 04:31:45,UPI,rooftop,meet-recording/data_sheets_historical/mangal all data sheet/PTM ROOFTOP/TMV ROOFTOP - FEBRUARY 2026.xlsx,
2026-02-09 22:51:03,1525.0,22.88,0.0,1502.12,YESAP60412187849,2026-02-10 04:31:45,CREDIT_CARD,rooftop,meet-recording/data_sheets_historical/mangal all data sheet/PTM ROOFTOP/TMV ROOFTOP - FEBRUARY 2026.xlsx,
2026-02-09 23:58:05,40.0,0.0,0.0,40.0,YESAP60412187849,2026-02-10 04:31:45,UPI,rooftop,meet-recording/data_sheets_historical/mangal all data sheet/PTM ROOFTOP/TMV ROOFTOP - FEBRUARY 2026.xlsx,
,,,,,,,,rooftop,meet-recording/data_sheets_historical/mangal all data sheet/PTM ROOFTOP/TMV ROOFTOP - FEBRUARY 2026.xlsx,
2026-02-10 07:50:26,40.0,0.0,0.0,40.0,YESAP60421919917,2026-02-11 04:08:15,UPI,rooftop,meet-recording/data_sheets_historical/mangal all data sheet/PTM ROOFTOP/TMV ROOFTOP - FEBRUARY 2026.xlsx,
2026-02-10 08:02:40,60.0,0.0,0.0,60.0,YESAP60421919917,2026-02-11 04:08:15,UPI,rooftop,meet-recording/data_sheets_historical/mangal all data sheet/PTM ROOFTOP/TMV ROOFTOP - FEBRUARY 2026.xlsx,
2026-02-10 08:13:07,60.0,0.0,0.0,60.0,YESAP60421919917,2026-02-11 04:08:15,UPI,rooftop,meet-recording/data_sheets_historical/mangal all data sheet/PTM ROOFTOP/TMV ROOFTOP - FEBRUARY 2026.xlsx,
2026-02-10 09:19:58,40.0,0.0,0.0,40.0,YESAP60421919917,2026-02-11 04:08:15,UPI,rooftop,meet-recording/data_sheets_historical/mangal all data sheet/PTM ROOFTOP/TMV ROOFTOP - FEBRUARY 2026.xlsx,
2026-02-10 09:28:17,20.0,0.0,0.0,20.0,YESAP60421919917,2026-02-11 04:08:15,UPI,rooftop,meet-recording/data_sheets_historical/mangal all data sheet/PTM ROOFTOP/TMV ROOFTOP - FEBRUARY 2026.xlsx,
2026-02-10 09:35:48,60.0,1.35,0.24,58.41,YESAP60421919917,2026-02-11 04:08:15,UPI_CREDIT_CARD,rooftop,meet-recording/data_sheets_historical/mangal all data sheet/PTM ROOFTOP/TMV ROOFTOP - FEBRUARY 2026.xlsx,
2026-02-10 09:51:12,300.0,0.0,0.0,300.0,YESAP60421919917,2026-02-11 04:08:15,UPI,rooftop,meet-recording/data_sheets_historical/mangal all data sheet/PTM ROOFTOP/TMV ROOFTOP - FEBRUARY 2026.xlsx,
2026-02-10 10:22:36,600.0,0.0,0.0,600.0,YESAP60421919917,2026-02-11 04:08:15,UPI,rooftop,meet-recording/data_sheets_historical/mangal all data sheet/PTM ROOFTOP/TMV ROOFTOP - FEBRUARY 2026.xlsx,
2026-02-10 11:04:49,600.0,0.0,0.0,600.0,YESAP60421919917,2026-02-11 04:08:15,UPI,rooftop,meet-recording/data_sheets_historical/mangal all data sheet/PTM ROOFTOP/TMV ROOFTOP - FEBRUARY 2026.xlsx,
2026-02-10 14:00:27,628.0,0.0,0.0,628.0,YESAP60421919917,2026-02-11 04:08:15,UPI,rooftop,meet-recording/data_sheets_historical/mangal all data sheet/PTM ROOFTOP/TMV ROOFTOP - FEBRUARY 2026.xlsx,
2026-02-10 15:19:34,1107.0,0.0,0.0,1107.0,YESAP60421919917,2026-02-11 04:08:15,UPI,rooftop,meet-recording/data_sheets_historical/mangal all data sheet/PTM ROOFTOP/TMV ROOFTOP - FEBRUARY 2026.xlsx,
2026-02-10 16:55:33,1831.0,0.0,0.0,1831.0,YESAP60421919917,2026-02-11 04:08:15,UPI,rooftop,meet-recording/data_sheets_historical/mangal all data sheet/PTM ROOFTOP/TMV ROOFTOP - FEBRUARY 2026.xlsx,
2026-02-10 17:52:20,120.0,0.0,0.0,120.0,YESAP60421919917,2026-02-11 04:08:15,UPI,rooftop,meet-recording/data_sheets_historical/mangal all data sheet/PTM ROOFTOP/TMV ROOFTOP - FEBRUARY 2026.xlsx,
2026-02-10 18:17:08,60.0,0.0,0.0,60.0,YESAP60421919917,2026-02-11 04:08:15,UPI,rooftop,meet-recording/data_sheets_historical/mangal all data sheet/PTM ROOFTOP/TMV ROOFTOP - FEBRUARY 2026.xlsx,
2026-02-10 19:01:09,240.0,0.0,0.0,240.0,YESAP60421919917,2026-02-11 04:08:15,UPI,rooftop,meet-recording/data_sheets_historical/mangal all data sheet/PTM ROOFTOP/TMV ROOFTOP - FEBRUARY 2026.xlsx,
2026-02-10 20:06:17,848.0,19.08,3.43,825.49,YESAP60421919917,2026-02-11 04:08:15,UPI_CREDIT_CARD,rooftop,meet-recording/data_sheets_historical/mangal all data sheet/PTM ROOFTOP/TMV ROOFTOP - FEBRUARY 2026.xlsx,
2026-02-10 20:08:35,1721.0,0.0,0.0,1721.0,YESAP60421919917,2026-02-11 04:08:15,UPI,rooftop,meet-recording/data_sheets_historical/mangal all data sheet/PTM ROOFTOP/TMV ROOFTOP - FEBRUARY 2026.xlsx,
2026-02-10 20:16:40,500.0,0.0,0.0,500.0,YESAP60421919917,2026-02-11 04:08:15,UPI,rooftop,meet-recording/data_sheets_historical/mangal all data sheet/PTM ROOFTOP/TMV ROOFTOP - FEBRUARY 2026.xlsx,
2026-02-10 20:24:11,1585.0,0.0,0.0,1585.0,YESAP60421919917,2026-02-11 04:08:15,UPI,rooftop,meet-recording/data_sheets_historical/mangal all data sheet/PTM ROOFTOP/TMV ROOFTOP - FEBRUARY 2026.xlsx,
2026-02-10 20:55:11,578.0,0.0,0.0,578.0,YESAP60421919917,2026-02-11 04:08:15,UPI,rooftop,meet-recording/data_sheets_historical/mangal all data sheet/PTM ROOFTOP/TMV ROOFTOP - FEBRUARY 2026.xlsx,
2026-02-10 21:03:16,80.0,0.0,0.0,80.0,YESAP60421919917,2026-02-11 04:08:15,UPI,rooftop,meet-recording/data_sheets_historical/mangal all data sheet/PTM ROOFTOP/TMV ROOFTOP - FEBRUARY 2026.xlsx,
2026-02-10 21:20:25,80.0,0.0,0.0,80.0,YESAP60421919917,2026-02-11 04:08:15,UPI,rooftop,meet-recording/data_sheets_historical/mangal all data sheet/PTM ROOFTOP/TMV ROOFTOP - FEBRUARY 2026.xlsx,
2026-02-10 21:25:58,897.0,0.0,0.0,897.0,YESAP60421919917,2026-02-11 04:08:15,UPI,rooftop,meet-recording/data_sheets_historical/mangal all data sheet/PTM ROOFTOP/TMV ROOFTOP - FEBRUARY 2026.xlsx,
2026-02-10 21:31:50,598.0,0.0,0.0,598.0,YESAP60421919917,2026-02-11 04:08:15,UPI_PPIWALLET,rooftop,meet-recording/data_sheets_historical/mangal all data sheet/PTM ROOFTOP/TMV ROOFTOP - FEBRUARY 2026.xlsx,
2026-02-10 21:40:19,659.0,0.0,0.0,659.0,YESAP60421919917,2026-02-11 04:08:15,UPI,rooftop,meet-recording/data_sheets_historical/mangal all data sheet/PTM ROOFTOP/TMV ROOFTOP - FEBRUARY 2026.xlsx,
2026-02-10 21:47:16,439.0,0.0,0.0,439.0,YESAP60421919917,2026-02-11 04:08:15,UPI,rooftop,meet-recording/data_sheets_historical/mangal all data sheet/PTM ROOFTOP/TMV ROOFTOP - FEBRUARY 2026.xlsx,
2026-02-10 21:51:12,1187.0,17.81,0.0,1169.19,YESAP60421919917,2026-02-11 04:08:15,CREDIT_CARD,rooftop,meet-recording/data_sheets_historical/mangal all data sheet/PTM ROOFTOP/TMV ROOFTOP - FEBRUARY 2026.xlsx,
2026-02-10 22:14:27,648.0,0.0,0.0,648.0,YESAP60421919917,2026-02-11 04:08:15,UPI,rooftop,meet-recording/data_sheets_historical/mangal all data sheet/PTM ROOFTOP/TMV ROOFTOP - FEBRUARY 2026.xlsx,
2026-02-10 22:20:08,509.0,7.64,0.0,501.36,YESAP60421919917,2026-02-11 04:08:15,CREDIT_CARD,rooftop,meet-recording/data_sheets_historical/mangal all data sheet/PTM ROOFTOP/TMV ROOFTOP - FEBRUARY 2026.xlsx,
2026-02-10 22:22:44,880.0,0.0,0.0,880.0,YESAP60421919917,2026-02-11 04:08:15,UPI,rooftop,meet-recording/data_sheets_historical/mangal all data sheet/PTM ROOFTOP/TMV ROOFTOP - FEBRUARY 2026.xlsx,
2026-02-10 22:33:53,179.0,0.0,0.0,179.0,YESAP60421919917,2026-02-11 04:08:15,UPI_PPIWALLET,rooftop,meet-recording/data_sheets_historical/mangal all data sheet/PTM ROOFTOP/TMV ROOFTOP - FEBRUARY 2026.xlsx,
2026-02-10 22:37:35,1196.0,0.0,0.0,1196.0,YESAP60421919917,2026-02-11 04:08:15,UPI,rooftop,meet-recording/data_sheets_historical/mangal all data sheet/PTM ROOFTOP/TMV ROOFTOP - FEBRUARY 2026.xlsx,
2026-02-10 22:43:16,788.0,17.73,3.19,767.08,YESAP60421919917,2026-02-11 04:08:15,UPI_CREDIT_CARD,rooftop,meet-recording/data_sheets_historical/mangal all data sheet/PTM ROOFTOP/TMV ROOFTOP - FEBRUARY 2026.xlsx,
2026-02-10 22:49:28,450.0,0.0,0.0,450.0,YESAP60421919917,2026-02-11 04:08:15,UPI,rooftop,meet-recording/data_sheets_historical/mangal all data sheet/PTM ROOFTOP/TMV ROOFTOP - FEBRUARY 2026.xlsx,
2026-02-10 22:54:52,1301.0,0.0,0.0,1301.0,YESAP60421919917,2026-02-11 04:08:15,UPI,rooftop,meet-recording/data_sheets_historical/mangal all data sheet/PTM ROOFTOP/TMV ROOFTOP - FEBRUARY 2026.xlsx,
,,,,,,,,rooftop,meet-recording/data_sheets_historical/mangal all data sheet/PTM ROOFTOP/TMV ROOFTOP - FEBRUARY 2026.xlsx,
2026-02-11 07:10:26,40.0,0.0,0.0,40.0,YESAP60432190357,2026-02-12 04:27:37,UPI_PPIWALLET,rooftop,meet-recording/data_sheets_historical/mangal all data sheet/PTM ROOFTOP/TMV ROOFTOP - FEBRUARY 2026.xlsx,
2026-02-11 08:08:35,300.0,0.0,0.0,300.0,YESAP60432190357,2026-02-12 04:27:37,UPI,rooftop,meet-recording/data_sheets_historical/mangal all data sheet/PTM ROOFTOP/TMV ROOFTOP - FEBRUARY 2026.xlsx,
2026-02-11 09:43:42,150.0,0.0,0.0,150.0,YESAP60432190357,2026-02-12 04:27:37,UPI,rooftop,meet-recording/data_sheets_historical/mangal all data sheet/PTM ROOFTOP/TMV ROOFTOP - FEBRUARY 2026.xlsx,
2026-02-11 10:04:27,150.0,0.0,0.0,150.0,YESAP60432190357,2026-02-12 04:27:37,UPI,rooftop,meet-recording/data_sheets_historical/mangal all data sheet/PTM ROOFTOP/TMV ROOFTOP - FEBRUARY 2026.xlsx,
2026-02-11 11:33:32,369.0,0.0,0.0,369.0,YESAP60432190357,2026-02-12 04:27:37,UPI,rooftop,meet-recording/data_sheets_historical/mangal all data sheet/PTM ROOFTOP/TMV ROOFTOP - FEBRUARY 2026.xlsx,
2026-02-11 12:47:53,369.0,0.0,0.0,369.0,YESAP60432190357,2026-02-12 04:27:37,UPI,rooftop,meet-recording/data_sheets_historical/mangal all data sheet/PTM ROOFTOP/TMV ROOFTOP - FEBRUARY 2026.xlsx,
2026-02-11 13:06:11,349.0,0.0,0.0,349.0,YESAP60432190357,2026-02-12 04:27:37,UPI,rooftop,meet-recording/data_sheets_historical/mangal all data sheet/PTM ROOFTOP/TMV ROOFTOP - FEBRUARY 2026.xlsx,
2026-02-11 14:48:05,1385.0,41.41,0.0,1343.59,YESAP60432190357,2026-02-12 04:27:37,CREDIT_CARD,rooftop,meet-recording/data_sheets_historical/mangal all data sheet/PTM ROOFTOP/TMV ROOFTOP - FEBRUARY 2026.xlsx,
2026-02-11 20:23:33,439.0,0.0,0.0,439.0,YESAP60432190357,2026-02-12 04:27:37,UPI,rooftop,meet-recording/data_sheets_historical/mangal all data sheet/PTM ROOFTOP/TMV ROOFTOP - FEBRUARY 2026.xlsx,
2026-02-11 20:27:02,538.0,0.0,0.0,538.0,YESAP60432190357,2026-02-12 04:27:37,UPI,rooftop,meet-recording/data_sheets_historical/mangal all data sheet/PTM ROOFTOP/TMV ROOFTOP - FEBRUARY 2026.xlsx,
2026-02-11 20:59:01,1436.0,0.0,0.0,1436.0,YESAP60432190357,2026-02-12 04:27:37,UPI,rooftop,meet-recording/data_sheets_historical/mangal all data sheet/PTM ROOFTOP/TMV ROOFTOP - FEBRUARY 2026.xlsx,
2026-02-11 21:14:16,483.0,0.0,0.0,483.0,YESAP60432190357,2026-02-12 04:27:37,UPI,rooftop,meet-recording/data_sheets_historical/mangal all data sheet/PTM ROOFTOP/TMV ROOFTOP - FEBRUARY 2026.xlsx,
2026-02-11 21:14:39,458.0,0.0,0.0,458.0,YESAP60432190357,2026-02-12 04:27:37,UPI,rooftop,meet-recording/data_sheets_historical/mangal all data sheet/PTM ROOFTOP/TMV ROOFTOP - FEBRUARY 2026.xlsx,
2026-02-11 21:19:29,409.0,9.2,1.66,398.14,YESAP60432190357,2026-02-12 04:27:37,UPI_CREDIT_CARD,rooftop,meet-recording/data_sheets_historical/mangal all data sheet/PTM ROOFTOP/TMV ROOFTOP - FEBRUARY 2026.xlsx,
2026-02-11 21:27:44,776.0,17.46,3.14,755.4,YESAP60432190357,2026-02-12 04:27:37,UPI_CREDIT_CARD,rooftop,meet-recording/data_sheets_historical/mangal all data sheet/PTM ROOFTOP/TMV ROOFTOP - FEBRUARY 2026.xlsx,
2026-02-11 21:38:35,500.0,11.25,2.03,486.72,YESAP60432190357,2026-02-12 04:27:37,UPI_CREDIT_CARD,rooftop,meet-recording/data_sheets_historical/mangal all data sheet/PTM ROOFTOP/TMV ROOFTOP - FEBRUARY 2026.xlsx,
2026-02-11 22:40:24,1664.0,49.75,0.0,1614.25,YESAP60432190357,2026-02-12 04:27:37,CREDIT_CARD,rooftop,meet-recording/data_sheets_historical/mangal all data sheet/PTM ROOFTOP/TMV ROOFTOP - FEBRUARY 2026.xlsx,
2026-02-11 22:44:35,99.0,0.0,0.0,99.0,YESAP60432190357,2026-02-12 04:27:37,UPI,rooftop,meet-recording/data_sheets_historical/mangal all data sheet/PTM ROOFTOP/TMV ROOFTOP - FEBRUARY 2026.xlsx,
2026-02-11 23:11:54,1176.0,0.0,0.0,1176.0,YESAP60432190357,2026-02-12 04:27:37,UPI,rooftop,meet-recording/data_sheets_historical/mangal all data sheet/PTM ROOFTOP/TMV ROOFTOP - FEBRUARY 2026.xlsx,
,,,,,,,,rooftop,meet-recording/data_sheets_historical/mangal all data sheet/PTM ROOFTOP/TMV ROOFTOP - FEBRUARY 2026.xlsx,
2026-02-12 06:46:14,20.0,0.0,0.0,20.0,YESAP60441056175,2026-02-13 03:40:30,UPI_PPIWALLET,rooftop,meet-recording/data_sheets_historical/mangal all data sheet/PTM ROOFTOP/TMV ROOFTOP - FEBRUARY 2026.xlsx,
2026-02-12 08:42:11,300.0,0.0,0.0,300.0,YESAP60441056175,2026-02-13 03:40:30,UPI,rooftop,meet-recording/data_sheets_historical/mangal all data sheet/PTM ROOFTOP/TMV ROOFTOP - FEBRUARY 2026.xlsx,
2026-02-12 11:39:05,518.0,0.0,0.0,518.0,YESAP60441056175,2026-02-13 03:40:30,UPI,rooftop,meet-recording/data_sheets_historical/mangal all data sheet/PTM ROOFTOP/TMV ROOFTOP - FEBRUARY 2026.xlsx,
2026-02-12 13:52:49,60.0,0.0,0.0,60.0,YESAP60441056175,2026-02-13 03:40:30,UPI,rooftop,meet-recording/data_sheets_historical/mangal all data sheet/PTM ROOFTOP/TMV ROOFTOP - FEBRUARY 2026.xlsx,
2026-02-12 14:16:26,1216.0,18.24,0.0,1197.76,YESAP60441056175,2026-02-13 03:40:30,CREDIT_CARD,rooftop,meet-recording/data_sheets_historical/mangal all data sheet/PTM ROOFTOP/TMV ROOFTOP - FEBRUARY 2026.xlsx,
2026-02-12 15:09:18,1057.0,15.86,0.0,1041.14,YESAP60441056175,2026-02-13 03:40:30,CREDIT_CARD,rooftop,meet-recording/data_sheets_historical/mangal all data sheet/PTM ROOFTOP/TMV ROOFTOP - FEBRUARY 2026.xlsx,
2026-02-12 15:42:31,299.0,0.0,0.0,299.0,YESAP60441056175,2026-02-13 03:40:30,UPI,rooftop,meet-recording/data_sheets_historical/mangal all data sheet/PTM ROOFTOP/TMV ROOFTOP - FEBRUARY 2026.xlsx,
2026-02-12 16:17:13,878.0,19.76,3.56,854.68,YESAP60441056175,2026-02-13 03:40:30,UPI_CREDIT_CARD,rooftop,meet-recording/data_sheets_historical/mangal all data sheet/PTM ROOFTOP/TMV ROOFTOP - FEBRUARY 2026.xlsx,
2026-02-12 16:21:16,60.0,0.0,0.0,60.0,YESAP60441056175,2026-02-13 03:40:30,UPI,rooftop,meet-recording/data_sheets_historical/mangal all data sheet/PTM ROOFTOP/TMV ROOFTOP - FEBRUARY 2026.xlsx,
2026-02-12 18:07:26,40.0,0.0,0.0,40.0,YESAP60441056175,2026-02-13 03:40:30,UPI,rooftop,meet-recording/data_sheets_historical/mangal all data sheet/PTM ROOFTOP/TMV ROOFTOP - FEBRUARY 2026.xlsx,
2026-02-12 18:14:28,249.0,0.0,0.0,249.0,YESAP60441056175,2026-02-13 03:40:30,UPI,rooftop,meet-recording/data_sheets_historical/mangal all data sheet/PTM ROOFTOP/TMV ROOFTOP - FEBRUARY 2026.xlsx,
2026-02-12 18:29:30,70.0,0.0,0.0,70.0,YESAP60441056175,2026-02-13 03:40:30,UPI,rooftop,meet-recording/data_sheets_historical/mangal all data sheet/PTM ROOFTOP/TMV ROOFTOP - FEBRUARY 2026.xlsx,
2026-02-12 19:41:16,319.0,4.79,0.0,314.21,YESAP60441056175,2026-02-13 03:40:30,CREDIT_CARD,rooftop,meet-recording/data_sheets_historical/mangal all data sheet/PTM ROOFTOP/TMV ROOFTOP - FEBRUARY 2026.xlsx,
2026-02-12 20:41:01,947.0,0.0,0.0,947.0,YESAP60441056175,2026-02-13 03:40:30,UPI,rooftop,meet-recording/data_sheets_historical/mangal all data sheet/PTM ROOFTOP/TMV ROOFTOP - FEBRUARY 2026.xlsx,
2026-02-12 20:57:22,1022.0,15.33,0.0,1006.67,YESAP60441056175,2026-02-13 03:40:30,CREDIT_CARD,rooftop,meet-recording/data_sheets_historical/mangal all data sheet/PTM ROOFTOP/TMV ROOFTOP - FEBRUARY 2026.xlsx,
2026-02-12 21:45:22,20.0,0.0,0.0,20.0,YESAP60441056175,2026-02-13 03:40:30,UPI,rooftop,meet-recording/data_sheets_historical/mangal all data sheet/PTM ROOFTOP/TMV ROOFTOP - FEBRUARY 2026.xlsx,
2026-02-12 21:49:50,439.0,0.0,0.0,439.0,YESAP60441056175,2026-02-13 03:40:30,UPI,rooftop,meet-recording/data_sheets_historical/mangal all data sheet/PTM ROOFTOP/TMV ROOFTOP - FEBRUARY 2026.xlsx,
2026-02-12 21:57:18,997.0,14.96,0.0,982.04,YESAP60441056175,2026-02-13 03:40:30,CREDIT_CARD,rooftop,meet-recording/data_sheets_historical/mangal all data sheet/PTM ROOFTOP/TMV ROOFTOP - FEBRUARY 2026.xlsx,
2026-02-12 22:04:23,1195.0,0.0,0.0,1195.0,YESAP60441056175,2026-02-13 03:40:30,UPI,rooftop,meet-recording/data_sheets_historical/mangal all data sheet/PTM ROOFTOP/TMV ROOFTOP - FEBRUARY 2026.xlsx,
2026-02-12 22:11:42,723.0,16.27,2.93,703.8,YESAP60441056175,2026-02-13 03:40:30,UPI_CREDIT_CARD,rooftop,meet-recording/data_sheets_historical/mangal all data sheet/PTM ROOFTOP/TMV ROOFTOP - FEBRUARY 2026.xlsx,
2026-02-12 22:19:51,1315.0,19.73,0.0,1295.27,YESAP60441056175,2026-02-13 03:40:30,CREDIT_CARD,rooftop,meet-recording/data_sheets_historical/mangal all data sheet/PTM ROOFTOP/TMV ROOFTOP - FEBRUARY 2026.xlsx,
2026-02-12 22:23:49,991.0,22.3,4.01,964.69,YESAP60441056175,2026-02-13 03:40:30,UPI_CREDIT_CARD,rooftop,meet-recording/data_sheets_historical/mangal all data sheet/PTM ROOFTOP/TMV ROOFTOP - FEBRUARY 2026.xlsx,
2026-02-12 22:29:31,1395.0,41.71,0.0,1353.29,YESAP60441056175,2026-02-13 03:40:30,CREDIT_CARD,rooftop,meet-recording/data_sheets_historical/mangal all data sheet/PTM ROOFTOP/TMV ROOFTOP - FEBRUARY 2026.xlsx,
2026-02-12 22:51:08,40.0,0.0,0.0,40.0,YESAP60441056175,2026-02-13 03:40:30,UPI,rooftop,meet-recording/data_sheets_historical/mangal all data sheet/PTM ROOFTOP/TMV ROOFTOP - FEBRUARY 2026.xlsx,
2026-02-12 22:54:07,768.0,17.28,3.11,747.61,YESAP60441056175,2026-02-13 03:40:30,UPI_CREDIT_CARD,rooftop,meet-recording/data_sheets_historical/mangal all data sheet/PTM ROOFTOP/TMV ROOFTOP - FEBRUARY 2026.xlsx,
2026-02-12 23:04:05,339.0,0.0,0.0,339.0,YESAP60441056175,2026-02-13 03:40:30,UPI,rooftop,meet-recording/data_sheets_historical/mangal all data sheet/PTM ROOFTOP/TMV ROOFTOP - FEBRUARY 2026.xlsx,
,,,,,,,,rooftop,meet-recording/data_sheets_historical/mangal all data sheet/PTM ROOFTOP/TMV ROOFTOP - FEBRUARY 2026.xlsx,
2026-02-13 11:27:51,399.0,0.0,0.0,399.0,YESAP60450625917,2026-02-14 09:00:59,UPI,rooftop,meet-recording/data_sheets_historical/mangal all data sheet/PTM ROOFTOP/TMV ROOFTOP - FEBRUARY 2026.xlsx,
2026-02-13 13:01:24,429.0,0.0,0.0,429.0,YESAP60450625917,2026-02-14 09:00:59,UPI,rooftop,meet-recording/data_sheets_historical/mangal all data sheet/PTM ROOFTOP/TMV ROOFTOP - FEBRUARY 2026.xlsx,
2026-02-13 13:39:25,867.0,13.01,0.0,853.99,YESAP60450625917,2026-02-14 09:00:59,CREDIT_CARD,rooftop,meet-recording/data_sheets_historical/mangal all data sheet/PTM ROOFTOP/TMV ROOFTOP - FEBRUARY 2026.xlsx,
2026-02-13 14:10:19,120.0,0.0,0.0,120.0,YESAP60450625917,2026-02-14 09:00:59,UPI,rooftop,meet-recording/data_sheets_historical/mangal all data sheet/PTM ROOFTOP/TMV ROOFTOP - FEBRUARY 2026.xlsx,
2026-02-13 14:15:13,718.0,0.0,0.0,718.0,YESAP60450625917,2026-02-14 09:00:59,UPI,rooftop,meet-recording/data_sheets_historical/mangal all data sheet/PTM ROOFTOP/TMV ROOFTOP - FEBRUARY 2026.xlsx,
2026-02-13 14:39:29,1520.0,34.2,6.16,1479.64,YESAP60450625917,2026-02-14 09:00:59,UPI_CREDIT_CARD,rooftop,meet-recording/data_sheets_historical/mangal all data sheet/PTM ROOFTOP/TMV ROOFTOP - FEBRUARY 2026.xlsx,
2026-02-13 17:11:49,319.0,0.0,0.0,319.0,YESAP60450625917,2026-02-14 09:00:59,UPI,rooftop,meet-recording/data_sheets_historical/mangal all data sheet/PTM ROOFTOP/TMV ROOFTOP - FEBRUARY 2026.xlsx,
2026-02-13 17:47:21,249.0,0.0,0.0,249.0,YESAP60450625917,2026-02-14 09:00:59,UPI,rooftop,meet-recording/data_sheets_historical/mangal all data sheet/PTM ROOFTOP/TMV ROOFTOP - FEBRUARY 2026.xlsx,
2026-02-13 19:22:07,1176.0,41.16,0.0,1134.84,YESAP60450625917,2026-02-14 09:00:59,DEBIT_CARD,rooftop,meet-recording/data_sheets_historical/mangal all data sheet/PTM ROOFTOP/TMV ROOFTOP - FEBRUARY 2026.xlsx,
2026-02-13 19:51:41,60.0,0.0,0.0,60.0,YESAP60450625917,2026-02-14 09:00:59,UPI,rooftop,meet-recording/data_sheets_historical/mangal all data sheet/PTM ROOFTOP/TMV ROOFTOP - FEBRUARY 2026.xlsx,
2026-02-13 20:23:15,448.0,0.0,0.0,448.0,YESAP60450625917,2026-02-14 09:00:59,UPI,rooftop,meet-recording/data_sheets_historical/mangal all data sheet/PTM ROOFTOP/TMV ROOFTOP - FEBRUARY 2026.xlsx,
2026-02-13 20:55:54,1376.0,20.64,0.0,1355.36,YESAP60450625917,2026-02-14 09:00:59,CREDIT_CARD,rooftop,meet-recording/data_sheets_historical/mangal all data sheet/PTM ROOFTOP/TMV ROOFTOP - FEBRUARY 2026.xlsx,
2026-02-13 21:22:09,300.0,0.0,0.0,300.0,YESAP60450625917,2026-02-14 09:00:59,UPI,rooftop,meet-recording/data_sheets_historical/mangal all data sheet/PTM ROOFTOP/TMV ROOFTOP - FEBRUARY 2026.xlsx,
2026-02-13 21:33:19,385.0,5.78,0.0,379.22,YESAP60450625917,2026-02-14 09:00:59,CREDIT_CARD,rooftop,meet-recording/data_sheets_historical/mangal all data sheet/PTM ROOFTOP/TMV ROOFTOP - FEBRUARY 2026.xlsx,
2026-02-13 21:40:54,758.0,0.0,0.0,758.0,YESAP60450625917,2026-02-14 09:00:59,UPI,rooftop,meet-recording/data_sheets_historical/mangal all data sheet/PTM ROOFTOP/TMV ROOFTOP - FEBRUARY 2026.xlsx,
2026-02-13 21:44:41,957.0,0.0,0.0,957.0,YESAP60450625917,2026-02-14 09:00:59,UPI,rooftop,meet-recording/data_sheets_historical/mangal all data sheet/PTM ROOFTOP/TMV ROOFTOP - FEBRUARY 2026.xlsx,
2026-02-13 21:49:02,508.0,0.0,0.0,508.0,YESAP60450625917,2026-02-14 09:00:59,UPI,rooftop,meet-recording/data_sheets_historical/mangal all data sheet/PTM ROOFTOP/TMV ROOFTOP - FEBRUARY 2026.xlsx,
2026-02-13 22:33:55,658.0,0.0,0.0,658.0,YESAP60450625917,2026-02-14 09:00:59,UPI,rooftop,meet-recording/data_sheets_historical/mangal all data sheet/PTM ROOFTOP/TMV ROOFTOP - FEBRUARY 2026.xlsx,
2026-02-13 22:35:43,658.0,9.87,0.0,648.13,YESAP60450625917,2026-02-14 09:00:59,CREDIT_CARD,rooftop,meet-recording/data_sheets_historical/mangal all data sheet/PTM ROOFTOP/TMV ROOFTOP - FEBRUARY 2026.xlsx,
2026-02-13 23:01:39,2364.0,0.0,0.0,2364.0,YESAP60450625917,2026-02-14 09:00:59,UPI,rooftop,meet-recording/data_sheets_historical/mangal all data sheet/PTM ROOFTOP/TMV ROOFTOP - FEBRUARY 2026.xlsx,
,,,,,,,,rooftop,meet-recording/data_sheets_historical/mangal all data sheet/PTM ROOFTOP/TMV ROOFTOP - FEBRUARY 2026.xlsx,
2026-02-14 09:37:29,1050.0,0.0,0.0,1050.0,YESAP60461428531,2026-02-15 03:44:29,UPI,rooftop,meet-recording/data_sheets_historical/mangal all data sheet/PTM ROOFTOP/TMV ROOFTOP - FEBRUARY 2026.xlsx,
2026-02-14 09:40:47,300.0,0.0,0.0,300.0,YESAP60461428531,2026-02-15 03:44:29,UPI,rooftop,meet-recording/data_sheets_historical/mangal all data sheet/PTM ROOFTOP/TMV ROOFTOP - FEBRUARY 2026.xlsx,
2026-02-14 13:16:48,249.0,0.0,0.0,249.0,YESAP60461428531,2026-02-15 03:44:29,UPI,rooftop,meet-recording/data_sheets_historical/mangal all data sheet/PTM ROOFTOP/TMV ROOFTOP - FEBRUARY 2026.xlsx,
2026-02-14 14:54:14,2200.0,50.6,9.11,2140.29,YESAP60461428531,2026-02-15 03:44:29,UPI_CREDIT_CARD,rooftop,meet-recording/data_sheets_historical/mangal all data sheet/PTM ROOFTOP/TMV ROOFTOP - FEBRUARY 2026.xlsx,
2026-02-14 15:22:47,1151.0,0.0,0.0,1151.0,YESAP60461428531,2026-02-15 03:44:29,UPI,rooftop,meet-recording/data_sheets_historical/mangal all data sheet/PTM ROOFTOP/TMV ROOFTOP - FEBRUARY 2026.xlsx,
2026-02-14 16:05:52,569.0,13.09,2.36,553.55,YESAP60461428531,2026-02-15 03:44:29,UPI_CREDIT_CARD,rooftop,meet-recording/data_sheets_historical/mangal all data sheet/PTM ROOFTOP/TMV ROOFTOP - FEBRUARY 2026.xlsx,
2026-02-14 18:26:51,1307.0,45.75,0.0,1261.25,YESAP60461428531,2026-02-15 03:44:29,DEBIT_CARD,rooftop,meet-recording/data_sheets_historical/mangal all data sheet/PTM ROOFTOP/TMV ROOFTOP - FEBRUARY 2026.xlsx,
2026-02-14 20:26:32,698.0,16.05,2.89,679.06,YESAP60461428531,2026-02-15 03:44:29,UPI_CREDIT_CARD,rooftop,meet-recording/data_sheets_historical/mangal all data sheet/PTM ROOFTOP/TMV ROOFTOP - FEBRUARY 2026.xlsx,
2026-02-14 20:46:59,688.0,15.82,2.85,669.33,YESAP60461428531,2026-02-15 03:44:29,UPI_CREDIT_CARD,rooftop,meet-recording/data_sheets_historical/mangal all data sheet/PTM ROOFTOP/TMV ROOFTOP - FEBRUARY 2026.xlsx,
2026-02-14 21:27:13,389.0,0.0,0.0,389.0,YESAP60461428531,2026-02-15 03:44:29,UPI,rooftop,meet-recording/data_sheets_historical/mangal all data sheet/PTM ROOFTOP/TMV ROOFTOP - FEBRUARY 2026.xlsx,
2026-02-14 21:35:30,1552.0,0.0,0.0,1552.0,YESAP60461428531,2026-02-15 03:44:29,UPI,rooftop,meet-recording/data_sheets_historical/mangal all data sheet/PTM ROOFTOP/TMV ROOFTOP - FEBRUARY 2026.xlsx,
2026-02-14 21:43:59,3966.0,59.49,10.71,3895.8,YESAP60461428531,2026-02-15 03:44:29,CREDIT_CARD,rooftop,meet-recording/data_sheets_historical/mangal all data sheet/PTM ROOFTOP/TMV ROOFTOP - FEBRUARY 2026.xlsx,
2026-02-14 21:49:14,1067.0,0.0,0.0,1067.0,YESAP60461428531,2026-02-15 03:44:29,UPI,rooftop,meet-recording/data_sheets_historical/mangal all data sheet/PTM ROOFTOP/TMV ROOFTOP - FEBRUARY 2026.xlsx,
2026-02-14 21:53:04,2250.0,0.0,0.0,2250.0,YESAP60461428531,2026-02-15 03:44:29,UPI,rooftop,meet-recording/data_sheets_historical/mangal all data sheet/PTM ROOFTOP/TMV ROOFTOP - FEBRUARY 2026.xlsx,
2026-02-14 22:03:13,887.0,0.0,0.0,887.0,YESAP60461428531,2026-02-15 03:44:29,UPI,rooftop,meet-recording/data_sheets_historical/mangal all data sheet/PTM ROOFTOP/TMV ROOFTOP - FEBRUARY 2026.xlsx,
2026-02-14 22:09:54,748.0,0.0,0.0,748.0,YESAP60461428531,2026-02-15 03:44:29,UPI,rooftop,meet-recording/data_sheets_historical/mangal all data sheet/PTM ROOFTOP/TMV ROOFTOP - FEBRUARY 2026.xlsx,
2026-02-14 22:10:05,1266.0,0.0,0.0,1266.0,YESAP60461428531,2026-02-15 03:44:29,UPI,rooftop,meet-recording/data_sheets_historical/mangal all data sheet/PTM ROOFTOP/TMV ROOFTOP - FEBRUARY 2026.xlsx,
2026-02-14 22:21:28,539.0,0.0,0.0,539.0,YESAP60461428531,2026-02-15 03:44:29,UPI,rooftop,meet-recording/data_sheets_historical/mangal all data sheet/PTM ROOFTOP/TMV ROOFTOP - FEBRUARY 2026.xlsx,
2026-02-14 22:21:48,718.0,0.0,0.0,718.0,YESAP60461428531,2026-02-15 03:44:29,UPI,rooftop,meet-recording/data_sheets_historical/mangal all data sheet/PTM ROOFTOP/TMV ROOFTOP - FEBRUARY 2026.xlsx,
2026-02-14 22:33:07,788.0,0.0,0.0,788.0,YESAP60461428531,2026-02-15 03:44:29,UPI,rooftop,meet-recording/data_sheets_historical/mangal all data sheet/PTM ROOFTOP/TMV ROOFTOP - FEBRUARY 2026.xlsx,
2026-02-14 22:34:33,198.0,4.55,0.82,192.63,YESAP60461428531,2026-02-15 03:44:29,UPI_CREDIT_CARD,rooftop,meet-recording/data_sheets_historical/mangal all data sheet/PTM ROOFTOP/TMV ROOFTOP - FEBRUARY 2026.xlsx,
2026-02-14 22:39:28,908.0,0.0,0.0,908.0,YESAP60461428531,2026-02-15 03:44:29,UPI,rooftop,meet-recording/data_sheets_historical/mangal all data sheet/PTM ROOFTOP/TMV ROOFTOP - FEBRUARY 2026.xlsx,
2026-02-14 22:55:21,40.0,0.0,0.0,40.0,YESAP60461428531,2026-02-15 03:44:29,UPI,rooftop,meet-recording/data_sheets_historical/mangal all data sheet/PTM ROOFTOP/TMV ROOFTOP - FEBRUARY 2026.xlsx,
,,,,,,,,rooftop,meet-recording/data_sheets_historical/mangal all data sheet/PTM ROOFTOP/TMV ROOFTOP - FEBRUARY 2026.xlsx,
2026-02-15 09:02:46,300.0,6.9,1.24,291.86,YESAP60471635860,2026-02-16 04:33:58,UPI_CREDIT_CARD,rooftop,meet-recording/data_sheets_historical/mangal all data sheet/PTM ROOFTOP/TMV ROOFTOP - FEBRUARY 2026.xlsx,
2026-02-15 12:41:56,1000.0,0.0,0.0,1000.0,YESAP60471635860,2026-02-16 04:33:58,UPI,rooftop,meet-recording/data_sheets_historical/mangal all data sheet/PTM ROOFTOP/TMV ROOFTOP - FEBRUARY 2026.xlsx,
2026-02-15 13:59:41,1653.0,0.0,0.0,1653.0,YESAP60471635860,2026-02-16 04:33:58,UPI,rooftop,meet-recording/data_sheets_historical/mangal all data sheet/PTM ROOFTOP/TMV ROOFTOP - FEBRUARY 2026.xlsx,
2026-02-15 14:18:01,828.0,0.0,0.0,828.0,YESAP60471635860,2026-02-16 04:33:58,UPI,rooftop,meet-recording/data_sheets_historical/mangal all data sheet/PTM ROOFTOP/TMV ROOFTOP - FEBRUARY 2026.xlsx,
2026-02-15 14:40:16,1496.0,0.0,0.0,1496.0,YESAP60471635860,2026-02-16 04:33:58,UPI,rooftop,meet-recording/data_sheets_historical/mangal all data sheet/PTM ROOFTOP/TMV ROOFTOP - FEBRUARY 2026.xlsx,
2026-02-15 15:54:20,2168.0,0.0,0.0,2168.0,YESAP60471635860,2026-02-16 04:33:58,UPI,rooftop,meet-recording/data_sheets_historical/mangal all data sheet/PTM ROOFTOP/TMV ROOFTOP - FEBRUARY 2026.xlsx,
2026-02-15 16:43:30,359.0,0.0,0.0,359.0,YESAP60471635860,2026-02-16 04:33:58,UPI,rooftop,meet-recording/data_sheets_historical/mangal all data sheet/PTM ROOFTOP/TMV ROOFTOP - FEBRUARY 2026.xlsx,
2026-02-15 19:55:21,728.0,0.0,0.0,728.0,YESAP60471635860,2026-02-16 04:33:58,UPI,rooftop,meet-recording/data_sheets_historical/mangal all data sheet/PTM ROOFTOP/TMV ROOFTOP - FEBRUARY 2026.xlsx,
2026-02-15 20:26:49,469.0,7.04,0.0,461.96,YESAP60471635860,2026-02-16 04:33:58,CREDIT_CARD,rooftop,meet-recording/data_sheets_historical/mangal all data sheet/PTM ROOFTOP/TMV ROOFTOP - FEBRUARY 2026.xlsx,
2026-02-15 20:33:19,808.0,0.0,0.0,808.0,YESAP60471635860,2026-02-16 04:33:58,UPI,rooftop,meet-recording/data_sheets_historical/mangal all data sheet/PTM ROOFTOP/TMV ROOFTOP - FEBRUARY 2026.xlsx,
2026-02-15 20:43:16,578.0,13.29,2.39,562.32,YESAP60471635860,2026-02-16 04:33:58,UPI_CREDIT_CARD,rooftop,meet-recording/data_sheets_historical/mangal all data sheet/PTM ROOFTOP/TMV ROOFTOP - FEBRUARY 2026.xlsx,
2026-02-15 21:30:44,858.0,0.0,0.0,858.0,YESAP60471635860,2026-02-16 04:33:58,UPI,rooftop,meet-recording/data_sheets_historical/mangal all data sheet/PTM ROOFTOP/TMV ROOFTOP - FEBRUARY 2026.xlsx,
2026-02-15 21:39:26,1476.0,0.0,0.0,1476.0,YESAP60471635860,2026-02-16 04:33:58,UPI,rooftop,meet-recording/data_sheets_historical/mangal all data sheet/PTM ROOFTOP/TMV ROOFTOP - FEBRUARY 2026.xlsx,
2026-02-15 22:05:51,20.0,0.0,0.0,20.0,YESAP60471635860,2026-02-16 04:33:58,UPI,rooftop,meet-recording/data_sheets_historical/mangal all data sheet/PTM ROOFTOP/TMV ROOFTOP - FEBRUARY 2026.xlsx,
2026-02-15 22:24:13,538.0,0.0,0.0,538.0,YESAP60471635860,2026-02-16 04:33:58,UPI,rooftop,meet-recording/data_sheets_historical/mangal all data sheet/PTM ROOFTOP/TMV ROOFTOP - FEBRUARY 2026.xlsx,
2026-02-15 22:25:12,1400.0,0.0,0.0,1400.0,YESAP60471635860,2026-02-16 04:33:58,UPI,rooftop,meet-recording/data_sheets_historical/mangal all data sheet/PTM ROOFTOP/TMV ROOFTOP - FEBRUARY 2026.xlsx,
2026-02-15 22:46:44,224.0,0.0,0.0,224.0,YESAP60471635860,2026-02-16 04:33:58,UPI,rooftop,meet-recording/data_sheets_historical/mangal all data sheet/PTM ROOFTOP/TMV ROOFTOP - FEBRUARY 2026.xlsx,
2026-02-15 22:48:21,449.0,10.33,1.86,436.81,YESAP60471635860,2026-02-16 04:33:58,UPI_CREDIT_CARD,rooftop,meet-recording/data_sheets_historical/mangal all data sheet/PTM ROOFTOP/TMV ROOFTOP - FEBRUARY 2026.xlsx,
,,,,,,,,rooftop,meet-recording/data_sheets_historical/mangal all data sheet/PTM ROOFTOP/TMV ROOFTOP - FEBRUARY 2026.xlsx,
2026-02-16 08:49:06,149.0,0.0,0.0,149.0,YESAP60481823811,2026-02-17 04:51:43,UPI,rooftop,meet-recording/data_sheets_historical/mangal all data sheet/PTM ROOFTOP/TMV ROOFTOP - FEBRUARY 2026.xlsx,
2026-02-16 10:05:51,40.0,0.0,0.0,40.0,YESAP60481823811,2026-02-17 04:51:43,UPI,rooftop,meet-recording/data_sheets_historical/mangal all data sheet/PTM ROOFTOP/TMV ROOFTOP - FEBRUARY 2026.xlsx,
2026-02-16 11:59:23,748.0,0.0,0.0,748.0,YESAP60481823811,2026-02-17 04:51:43,UPI,rooftop,meet-recording/data_sheets_historical/mangal all data sheet/PTM ROOFTOP/TMV ROOFTOP - FEBRUARY 2026.xlsx,
2026-02-16 13:54:49,873.0,13.1,0.0,859.9,YESAP60481823811,2026-02-17 04:51:43,CREDIT_CARD,rooftop,meet-recording/data_sheets_historical/mangal all data sheet/PTM ROOFTOP/TMV ROOFTOP - FEBRUARY 2026.xlsx,
2026-02-16 14:31:11,797.0,18.33,3.3,775.37,YESAP60481823811,2026-02-17 04:51:43,UPI_CREDIT_CARD,rooftop,meet-recording/data_sheets_historical/mangal all data sheet/PTM ROOFTOP/TMV ROOFTOP - FEBRUARY 2026.xlsx,
2026-02-16 14:46:59,797.0,0.0,0.0,797.0,YESAP60481823811,2026-02-17 04:51:43,UPI,rooftop,meet-recording/data_sheets_historical/mangal all data sheet/PTM ROOFTOP/TMV ROOFTOP - FEBRUARY 2026.xlsx,
2026-02-16 16:03:10,40.0,0.92,0.17,38.91,YESAP60481823811,2026-02-17 04:51:43,UPI_CREDIT_CARD,rooftop,meet-recording/data_sheets_historical/mangal all data sheet/PTM ROOFTOP/TMV ROOFTOP - FEBRUARY 2026.xlsx,
2026-02-16 16:05:38,1096.0,0.0,0.0,1096.0,YESAP60481823811,2026-02-17 04:51:43,UPI,rooftop,meet-recording/data_sheets_historical/mangal all data sheet/PTM ROOFTOP/TMV ROOFTOP - FEBRUARY 2026.xlsx,
2026-02-16 16:40:17,6180.0,216.3,38.93,5924.77,YESAP60481823811,2026-02-17 04:51:43,DEBIT_CARD,rooftop,meet-recording/data_sheets_historical/mangal all data sheet/PTM ROOFTOP/TMV ROOFTOP - FEBRUARY 2026.xlsx,
2026-02-16 16:46:09,120.0,0.0,0.0,120.0,YESAP60481823811,2026-02-17 04:51:43,UPI,rooftop,meet-recording/data_sheets_historical/mangal all data sheet/PTM ROOFTOP/TMV ROOFTOP - FEBRUARY 2026.xlsx,
2026-02-16 20:47:37,1028.0,0.0,0.0,1028.0,YESAP60481823811,2026-02-17 04:51:43,UPI,rooftop,meet-recording/data_sheets_historical/mangal all data sheet/PTM ROOFTOP/TMV ROOFTOP - FEBRUARY 2026.xlsx,
2026-02-16 21:34:26,439.0,0.0,0.0,439.0,YESAP60481823811,2026-02-17 04:51:43,UPI,rooftop,meet-recording/data_sheets_historical/mangal all data sheet/PTM ROOFTOP/TMV ROOFTOP - FEBRUARY 2026.xlsx,
2026-02-16 21:46:31,928.0,21.34,3.84,902.82,YESAP60481823811,2026-02-17 04:51:43,UPI_CREDIT_CARD,rooftop,meet-recording/data_sheets_historical/mangal all data sheet/PTM ROOFTOP/TMV ROOFTOP - FEBRUARY 2026.xlsx,
2026-02-16 22:02:27,618.0,0.0,0.0,618.0,YESAP60481823811,2026-02-17 04:51:43,UPI,rooftop,meet-recording/data_sheets_historical/mangal all data sheet/PTM ROOFTOP/TMV ROOFTOP - FEBRUARY 2026.xlsx,
2026-02-16 22:08:13,847.0,29.65,0.0,817.35,YESAP60481823811,2026-02-17 04:51:43,CREDIT_CARD,rooftop,meet-recording/data_sheets_historical/mangal all data sheet/PTM ROOFTOP/TMV ROOFTOP - FEBRUARY 2026.xlsx,
2026-02-16 22:13:57,3278.0,49.17,8.85,3219.98,YESAP60481823811,2026-02-17 04:51:43,CREDIT_CARD,rooftop,meet-recording/data_sheets_historical/mangal all data sheet/PTM ROOFTOP/TMV ROOFTOP - FEBRUARY 2026.xlsx,
2026-02-16 22:16:21,249.0,0.0,0.0,249.0,YESAP60481823811,2026-02-17 04:51:43,UPI,rooftop,meet-recording/data_sheets_historical/mangal all data sheet/PTM ROOFTOP/TMV ROOFTOP - FEBRUARY 2026.xlsx,
2026-02-16 22:23:39,1367.0,0.0,0.0,1367.0,YESAP60481823811,2026-02-17 04:51:43,UPI,rooftop,meet-recording/data_sheets_historical/mangal all data sheet/PTM ROOFTOP/TMV ROOFTOP - FEBRUARY 2026.xlsx,
2026-02-16 22:27:03,1166.0,0.0,0.0,1166.0,YESAP60481823811,2026-02-17 04:51:43,UPI,rooftop,meet-recording/data_sheets_historical/mangal all data sheet/PTM ROOFTOP/TMV ROOFTOP - FEBRUARY 2026.xlsx,
,,,,,,,,rooftop,meet-recording/data_sheets_historical/mangal all data sheet/PTM ROOFTOP/TMV ROOFTOP - FEBRUARY 2026.xlsx,
2026-02-17 12:04:35,160.0,0.0,0.0,160.0,YESAP60492685010,2026-02-18 06:01:58,UPI,rooftop,meet-recording/data_sheets_historical/mangal all data sheet/PTM ROOFTOP/TMV ROOFTOP - FEBRUARY 2026.xlsx,
2026-02-17 12:45:41,249.0,0.0,0.0,249.0,YESAP60492685010,2026-02-18 06:01:58,UPI,rooftop,meet-recording/data_sheets_historical/mangal all data sheet/PTM ROOFTOP/TMV ROOFTOP - FEBRUARY 2026.xlsx,
2026-02-17 13:25:39,449.0,0.0,0.0,449.0,YESAP60492685010,2026-02-18 06:01:58,UPI,rooftop,meet-recording/data_sheets_historical/mangal all data sheet/PTM ROOFTOP/TMV ROOFTOP - FEBRUARY 2026.xlsx,
2026-02-17 13:52:47,1012.0,0.0,0.0,1012.0,YESAP60492685010,2026-02-18 06:01:58,UPI,rooftop,meet-recording/data_sheets_historical/mangal all data sheet/PTM ROOFTOP/TMV ROOFTOP - FEBRUARY 2026.xlsx,
2026-02-17 14:07:55,653.0,0.0,0.0,653.0,YESAP60492685010,2026-02-18 06:01:58,UPI,rooftop,meet-recording/data_sheets_historical/mangal all data sheet/PTM ROOFTOP/TMV ROOFTOP - FEBRUARY 2026.xlsx,
2026-02-17 15:00:25,67.0,0.0,0.0,67.0,YESAP60492685010,2026-02-18 06:01:58,UPI,rooftop,meet-recording/data_sheets_historical/mangal all data sheet/PTM ROOFTOP/TMV ROOFTOP - FEBRUARY 2026.xlsx,
2026-02-17 15:25:50,1796.0,0.0,0.0,1796.0,YESAP60492685010,2026-02-18 06:01:58,UPI,rooftop,meet-recording/data_sheets_historical/mangal all data sheet/PTM ROOFTOP/TMV ROOFTOP - FEBRUARY 2026.xlsx,
2026-02-17 18:51:07,190.0,0.0,0.0,190.0,YESAP60492685010,2026-02-18 06:01:58,UPI,rooftop,meet-recording/data_sheets_historical/mangal all data sheet/PTM ROOFTOP/TMV ROOFTOP - FEBRUARY 2026.xlsx,
2026-02-17 20:22:46,1695.0,0.0,0.0,1695.0,YESAP60492685010,2026-02-18 06:01:58,UPI,rooftop,meet-recording/data_sheets_historical/mangal all data sheet/PTM ROOFTOP/TMV ROOFTOP - FEBRUARY 2026.xlsx,
2026-02-17 20:58:32,958.0,22.03,3.97,932.0,YESAP60492685010,2026-02-18 06:01:58,UPI_CREDIT_CARD,rooftop,meet-recording/data_sheets_historical/mangal all data sheet/PTM ROOFTOP/TMV ROOFTOP - FEBRUARY 2026.xlsx,
2026-02-17 21:07:43,419.0,0.0,0.0,419.0,YESAP60492685010,2026-02-18 06:01:58,UPI,rooftop,meet-recording/data_sheets_historical/mangal all data sheet/PTM ROOFTOP/TMV ROOFTOP - FEBRUARY 2026.xlsx,
2026-02-17 21:19:32,40.0,0.92,0.17,38.91,YESAP60492685010,2026-02-18 06:01:58,UPI_CREDIT_CARD,rooftop,meet-recording/data_sheets_historical/mangal all data sheet/PTM ROOFTOP/TMV ROOFTOP - FEBRUARY 2026.xlsx,
2026-02-17 21:31:54,2032.0,30.48,5.49,1996.03,YESAP60492685010,2026-02-18 06:01:58,CREDIT_CARD,rooftop,meet-recording/data_sheets_historical/mangal all data sheet/PTM ROOFTOP/TMV ROOFTOP - FEBRUARY 2026.xlsx,
2026-02-17 21:43:44,568.0,0.0,0.0,568.0,YESAP60492685010,2026-02-18 06:01:58,UPI,rooftop,meet-recording/data_sheets_historical/mangal all data sheet/PTM ROOFTOP/TMV ROOFTOP - FEBRUARY 2026.xlsx,
2026-02-17 21:50:15,1848.0,0.0,0.0,1848.0,YESAP60492685010,2026-02-18 06:01:58,UPI,rooftop,meet-recording/data_sheets_historical/mangal all data sheet/PTM ROOFTOP/TMV ROOFTOP - FEBRUARY 2026.xlsx,
2026-02-17 22:03:40,374.0,0.0,0.0,374.0,YESAP60492685010,2026-02-18 06:01:58,UPI,rooftop,meet-recording/data_sheets_historical/mangal all data sheet/PTM ROOFTOP/TMV ROOFTOP - FEBRUARY 2026.xlsx,
2026-02-17 22:12:47,1037.0,0.0,0.0,1037.0,YESAP60492685010,2026-02-18 06:01:58,UPI,rooftop,meet-recording/data_sheets_historical/mangal all data sheet/PTM ROOFTOP/TMV ROOFTOP - FEBRUARY 2026.xlsx,
2026-02-17 22:29:08,518.0,7.77,0.0,510.23,YESAP60492685010,2026-02-18 06:01:58,CREDIT_CARD,rooftop,meet-recording/data_sheets_historical/mangal all data sheet/PTM ROOFTOP/TMV ROOFTOP - FEBRUARY 2026.xlsx,
2026-02-17 22:50:15,1963.0,0.0,0.0,1963.0,YESAP60492685010,2026-02-18 06:01:58,UPI,rooftop,meet-recording/data_sheets_historical/mangal all data sheet/PTM ROOFTOP/TMV ROOFTOP - FEBRUARY 2026.xlsx,
2026-02-17 23:08:17,928.0,0.0,0.0,928.0,YESAP60492685010,2026-02-18 06:01:58,UPI,rooftop,meet-recording/data_sheets_historical/mangal all data sheet/PTM ROOFTOP/TMV ROOFTOP - FEBRUARY 2026.xlsx,
,,,,,,,,rooftop,meet-recording/data_sheets_historical/mangal all data sheet/PTM ROOFTOP/TMV ROOFTOP - FEBRUARY 2026.xlsx,
2026-02-18 08:49:33,40.0,0.0,0.0,40.0,YESAP60501629671,2026-02-19 04:48:55,UPI,rooftop,meet-recording/data_sheets_historical/mangal all data sheet/PTM ROOFTOP/TMV ROOFTOP - FEBRUARY 2026.xlsx,
2026-02-18 08:49:40,150.0,3.45,0.62,145.93,YESAP60501629671,2026-02-19 04:48:55,UPI_CREDIT_CARD,rooftop,meet-recording/data_sheets_historical/mangal all data sheet/PTM ROOFTOP/TMV ROOFTOP - FEBRUARY 2026.xlsx,
2026-02-18 09:41:55,1050.0,0.0,0.0,1050.0,YESAP60501629671,2026-02-19 04:48:55,UPI,rooftop,meet-recording/data_sheets_historical/mangal all data sheet/PTM ROOFTOP/TMV ROOFTOP - FEBRUARY 2026.xlsx,
2026-02-18 10:20:01,249.0,0.0,0.0,249.0,YESAP60501629671,2026-02-19 04:48:55,UPI,rooftop,meet-recording/data_sheets_historical/mangal all data sheet/PTM ROOFTOP/TMV ROOFTOP - FEBRUARY 2026.xlsx,
2026-02-18 13:35:58,1206.0,0.0,0.0,1206.0,YESAP60501629671,2026-02-19 04:48:55,UPI,rooftop,meet-recording/data_sheets_historical/mangal all data sheet/PTM ROOFTOP/TMV ROOFTOP - FEBRUARY 2026.xlsx,
2026-02-18 13:42:16,648.0,0.0,0.0,648.0,YESAP60501629671,2026-02-19 04:48:55,UPI,rooftop,meet-recording/data_sheets_historical/mangal all data sheet/PTM ROOFTOP/TMV ROOFTOP - FEBRUARY 2026.xlsx,
2026-02-18 13:51:42,519.0,0.0,0.0,519.0,YESAP60501629671,2026-02-19 04:48:55,UPI,rooftop,meet-recording/data_sheets_historical/mangal all data sheet/PTM ROOFTOP/TMV ROOFTOP - FEBRUARY 2026.xlsx,
2026-02-18 16:19:35,240.0,0.0,0.0,240.0,YESAP60501629671,2026-02-19 04:48:55,UPI,rooftop,meet-recording/data_sheets_historical/mangal all data sheet/PTM ROOFTOP/TMV ROOFTOP - FEBRUARY 2026.xlsx,
2026-02-18 18:41:15,250.0,0.0,0.0,250.0,YESAP60501629671,2026-02-19 04:48:55,UPI,rooftop,meet-recording/data_sheets_historical/mangal all data sheet/PTM ROOFTOP/TMV ROOFTOP - FEBRUARY 2026.xlsx,
2026-02-18 20:05:11,868.0,0.0,0.0,868.0,YESAP60501629671,2026-02-19 04:48:55,UPI,rooftop,meet-recording/data_sheets_historical/mangal all data sheet/PTM ROOFTOP/TMV ROOFTOP - FEBRUARY 2026.xlsx,
2026-02-18 20:28:39,598.0,0.0,0.0,598.0,YESAP60501629671,2026-02-19 04:48:55,UPI,rooftop,meet-recording/data_sheets_historical/mangal all data sheet/PTM ROOFTOP/TMV ROOFTOP - FEBRUARY 2026.xlsx,
2026-02-18 20:49:13,1974.0,0.0,0.0,1974.0,YESAP60501629671,2026-02-19 04:48:55,UPI,rooftop,meet-recording/data_sheets_historical/mangal all data sheet/PTM ROOFTOP/TMV ROOFTOP - FEBRUARY 2026.xlsx,
2026-02-18 21:08:51,180.0,4.14,0.75,175.11,YESAP60501629671,2026-02-19 04:48:55,UPI_CREDIT_CARD,rooftop,meet-recording/data_sheets_historical/mangal all data sheet/PTM ROOFTOP/TMV ROOFTOP - FEBRUARY 2026.xlsx,
2026-02-18 21:15:10,60.0,1.38,0.25,58.37,YESAP60501629671,2026-02-19 04:48:55,UPI_CREDIT_CARD,rooftop,meet-recording/data_sheets_historical/mangal all data sheet/PTM ROOFTOP/TMV ROOFTOP - FEBRUARY 2026.xlsx,
2026-02-18 21:18:20,120.0,0.0,0.0,120.0,YESAP60501629671,2026-02-19 04:48:55,UPI,rooftop,meet-recording/data_sheets_historical/mangal all data sheet/PTM ROOFTOP/TMV ROOFTOP - FEBRUARY 2026.xlsx,
2026-02-18 21:48:21,627.0,0.0,0.0,627.0,YESAP60501629671,2026-02-19 04:48:55,UPI,rooftop,meet-recording/data_sheets_historical/mangal all data sheet/PTM ROOFTOP/TMV ROOFTOP - FEBRUARY 2026.xlsx,
2026-02-18 21:54:02,428.0,9.84,1.77,416.39,YESAP60501629671,2026-02-19 04:48:55,UPI_CREDIT_CARD,rooftop,meet-recording/data_sheets_historical/mangal all data sheet/PTM ROOFTOP/TMV ROOFTOP - FEBRUARY 2026.xlsx,
2026-02-18 21:57:04,349.0,0.0,0.0,349.0,YESAP60501629671,2026-02-19 04:48:55,UPI,rooftop,meet-recording/data_sheets_historical/mangal all data sheet/PTM ROOFTOP/TMV ROOFTOP - FEBRUARY 2026.xlsx,
2026-02-18 22:36:24,928.0,0.0,0.0,928.0,YESAP60501629671,2026-02-19 04:48:55,UPI,rooftop,meet-recording/data_sheets_historical/mangal all data sheet/PTM ROOFTOP/TMV ROOFTOP - FEBRUARY 2026.xlsx,
2026-02-18 23:01:12,20.0,0.0,0.0,20.0,YESAP60501629671,2026-02-19 04:48:55,UPI_PPIWALLET,rooftop,meet-recording/data_sheets_historical/mangal all data sheet/PTM ROOFTOP/TMV ROOFTOP - FEBRUARY 2026.xlsx,
,,,,,,,,rooftop,meet-recording/data_sheets_historical/mangal all data sheet/PTM ROOFTOP/TMV ROOFTOP - FEBRUARY 2026.xlsx,
2026-02-19 07:46:40,60.0,1.38,0.25,58.37,YESAP60511745265,2026-02-20 04:36:51,UPI_CREDIT_CARD,rooftop,meet-recording/data_sheets_historical/mangal all data sheet/PTM ROOFTOP/TMV ROOFTOP - FEBRUARY 2026.xlsx,
2026-02-19 08:53:08,750.0,0.0,0.0,750.0,YESAP60511745265,2026-02-20 04:36:51,UPI,rooftop,meet-recording/data_sheets_historical/mangal all data sheet/PTM ROOFTOP/TMV ROOFTOP - FEBRUARY 2026.xlsx,
2026-02-19 09:55:22,249.0,0.0,0.0,249.0,YESAP60511745265,2026-02-20 04:36:51,UPI,rooftop,meet-recording/data_sheets_historical/mangal all data sheet/PTM ROOFTOP/TMV ROOFTOP - FEBRUARY 2026.xlsx,
2026-02-19 14:04:18,369.0,12.92,0.0,356.08,YESAP60511745265,2026-02-20 04:36:51,CREDIT_CARD,rooftop,meet-recording/data_sheets_historical/mangal all data sheet/PTM ROOFTOP/TMV ROOFTOP - FEBRUARY 2026.xlsx,
2026-02-19 14:08:37,569.0,0.0,0.0,569.0,YESAP60511745265,2026-02-20 04:36:51,UPI,rooftop,meet-recording/data_sheets_historical/mangal all data sheet/PTM ROOFTOP/TMV ROOFTOP - FEBRUARY 2026.xlsx,
2026-02-19 14:29:46,548.0,12.6,2.27,533.13,YESAP60511745265,2026-02-20 04:36:51,UPI_CREDIT_CARD,rooftop,meet-recording/data_sheets_historical/mangal all data sheet/PTM ROOFTOP/TMV ROOFTOP - FEBRUARY 2026.xlsx,
2026-02-19 14:35:57,519.0,0.0,0.0,519.0,YESAP60511745265,2026-02-20 04:36:51,UPI,rooftop,meet-recording/data_sheets_historical/mangal all data sheet/PTM ROOFTOP/TMV ROOFTOP - FEBRUARY 2026.xlsx,
2026-02-19 16:07:24,299.0,0.0,0.0,299.0,YESAP60511745265,2026-02-20 04:36:51,UPI,rooftop,meet-recording/data_sheets_historical/mangal all data sheet/PTM ROOFTOP/TMV ROOFTOP - FEBRUARY 2026.xlsx,
2026-02-19 18:00:49,120.0,0.0,0.0,120.0,YESAP60511745265,2026-02-20 04:36:51,UPI,rooftop,meet-recording/data_sheets_historical/mangal all data sheet/PTM ROOFTOP/TMV ROOFTOP - FEBRUARY 2026.xlsx,
2026-02-19 18:51:42,369.0,0.0,0.0,369.0,YESAP60511745265,2026-02-20 04:36:51,UPI,rooftop,meet-recording/data_sheets_historical/mangal all data sheet/PTM ROOFTOP/TMV ROOFTOP - FEBRUARY 2026.xlsx,
2026-02-19 20:00:37,898.0,0.0,0.0,898.0,YESAP60511745265,2026-02-20 04:36:51,UPI,rooftop,meet-recording/data_sheets_historical/mangal all data sheet/PTM ROOFTOP/TMV ROOFTOP - FEBRUARY 2026.xlsx,
2026-02-19 20:03:58,578.0,0.0,0.0,578.0,YESAP60511745265,2026-02-20 04:36:51,UPI,rooftop,meet-recording/data_sheets_historical/mangal all data sheet/PTM ROOFTOP/TMV ROOFTOP - FEBRUARY 2026.xlsx,
2026-02-19 20:25:29,249.0,5.73,1.03,242.24,YESAP60511745265,2026-02-20 04:36:51,UPI_CREDIT_CARD,rooftop,meet-recording/data_sheets_historical/mangal all data sheet/PTM ROOFTOP/TMV ROOFTOP - FEBRUARY 2026.xlsx,
2026-02-19 21:09:31,1196.0,0.0,0.0,1196.0,YESAP60511745265,2026-02-20 04:36:51,UPI,rooftop,meet-recording/data_sheets_historical/mangal all data sheet/PTM ROOFTOP/TMV ROOFTOP - FEBRUARY 2026.xlsx,
2026-02-19 21:10:51,669.0,0.0,0.0,669.0,YESAP60511745265,2026-02-20 04:36:51,UPI,rooftop,meet-recording/data_sheets_historical/mangal all data sheet/PTM ROOFTOP/TMV ROOFTOP - FEBRUARY 2026.xlsx,
2026-02-19 21:36:04,837.0,0.0,0.0,837.0,YESAP60511745265,2026-02-20 04:36:51,UPI,rooftop,meet-recording/data_sheets_historical/mangal all data sheet/PTM ROOFTOP/TMV ROOFTOP - FEBRUARY 2026.xlsx,
2026-02-19 21:49:03,2124.0,0.0,0.0,2124.0,YESAP60511745265,2026-02-20 04:36:51,UPI,rooftop,meet-recording/data_sheets_historical/mangal all data sheet/PTM ROOFTOP/TMV ROOFTOP - FEBRUARY 2026.xlsx,
2026-02-19 21:55:48,1605.0,0.0,0.0,1605.0,YESAP60511745265,2026-02-20 04:36:51,UPI,rooftop,meet-recording/data_sheets_historical/mangal all data sheet/PTM ROOFTOP/TMV ROOFTOP - FEBRUARY 2026.xlsx,
2026-02-19 22:02:38,389.0,8.95,1.61,378.44,YESAP60511745265,2026-02-20 04:36:51,UPI_CREDIT_CARD,rooftop,meet-recording/data_sheets_historical/mangal all data sheet/PTM ROOFTOP/TMV ROOFTOP - FEBRUARY 2026.xlsx,
2026-02-19 22:09:08,1116.0,0.0,0.0,1116.0,YESAP60511745265,2026-02-20 04:36:51,UPI,rooftop,meet-recording/data_sheets_historical/mangal all data sheet/PTM ROOFTOP/TMV ROOFTOP - FEBRUARY 2026.xlsx,
2026-02-19 22:19:18,738.0,16.97,3.05,717.98,YESAP60511745265,2026-02-20 04:36:51,UPI_CREDIT_CARD,rooftop,meet-recording/data_sheets_historical/mangal all data sheet/PTM ROOFTOP/TMV ROOFTOP - FEBRUARY 2026.xlsx,
2026-02-19 22:25:41,644.0,0.0,0.0,644.0,YESAP60511745265,2026-02-20 04:36:51,UPI,rooftop,meet-recording/data_sheets_historical/mangal all data sheet/PTM ROOFTOP/TMV ROOFTOP - FEBRUARY 2026.xlsx,
,,,,,,,,rooftop,meet-recording/data_sheets_historical/mangal all data sheet/PTM ROOFTOP/TMV ROOFTOP - FEBRUARY 2026.xlsx,
2026-02-20 09:16:32,300.0,0.0,0.0,300.0,YESAP60522895520,2026-02-21 05:18:50,UPI,rooftop,meet-recording/data_sheets_historical/mangal all data sheet/PTM ROOFTOP/TMV ROOFTOP - FEBRUARY 2026.xlsx,
2026-02-20 10:03:42,300.0,6.9,1.24,291.86,YESAP60522895520,2026-02-21 05:18:50,UPI_CREDIT_CARD,rooftop,meet-recording/data_sheets_historical/mangal all data sheet/PTM ROOFTOP/TMV ROOFTOP - FEBRUARY 2026.xlsx,
2026-02-20 12:54:26,198.0,6.93,0.0,191.07,YESAP60522895520,2026-02-21 05:18:50,DEBIT_CARD,rooftop,meet-recording/data_sheets_historical/mangal all data sheet/PTM ROOFTOP/TMV ROOFTOP - FEBRUARY 2026.xlsx,
2026-02-20 13:06:10,20.0,0.0,0.0,20.0,YESAP60522895520,2026-02-21 05:18:50,UPI,rooftop,meet-recording/data_sheets_historical/mangal all data sheet/PTM ROOFTOP/TMV ROOFTOP - FEBRUARY 2026.xlsx,
2026-02-20 14:25:52,399.0,0.0,0.0,399.0,YESAP60522895520,2026-02-21 05:18:50,UPI,rooftop,meet-recording/data_sheets_historical/mangal all data sheet/PTM ROOFTOP/TMV ROOFTOP - FEBRUARY 2026.xlsx,
2026-02-20 14:30:55,349.0,8.03,1.45,339.52,YESAP60522895520,2026-02-21 05:18:50,UPI_CREDIT_CARD,rooftop,meet-recording/data_sheets_historical/mangal all data sheet/PTM ROOFTOP/TMV ROOFTOP - FEBRUARY 2026.xlsx,
2026-02-20 15:40:00,60.0,0.0,0.0,60.0,YESAP60522895520,2026-02-21 05:18:50,UPI,rooftop,meet-recording/data_sheets_historical/mangal all data sheet/PTM ROOFTOP/TMV ROOFTOP - FEBRUARY 2026.xlsx,
2026-02-20 15:40:25,60.0,0.0,0.0,60.0,YESAP60522895520,2026-02-21 05:18:50,UPI,rooftop,meet-recording/data_sheets_historical/mangal all data sheet/PTM ROOFTOP/TMV ROOFTOP - FEBRUARY 2026.xlsx,
2026-02-20 15:41:07,6783.0,0.0,0.0,6783.0,YESAP60522895520,2026-02-21 05:18:50,UPI,rooftop,meet-recording/data_sheets_historical/mangal all data sheet/PTM ROOFTOP/TMV ROOFTOP - FEBRUARY 2026.xlsx,
2026-02-20 16:24:38,99.0,0.0,0.0,99.0,YESAP60522895520,2026-02-21 05:18:50,UPI,rooftop,meet-recording/data_sheets_historical/mangal all data sheet/PTM ROOFTOP/TMV ROOFTOP - FEBRUARY 2026.xlsx,
2026-02-20 16:35:52,717.0,25.1,0.0,691.9,YESAP60522895520,2026-02-21 05:18:50,DEBIT_CARD,rooftop,meet-recording/data_sheets_historical/mangal all data sheet/PTM ROOFTOP/TMV ROOFTOP - FEBRUARY 2026.xlsx,
2026-02-20 17:15:58,987.0,22.7,4.09,960.21,YESAP60522895520,2026-02-21 05:18:50,UPI_CREDIT_CARD,rooftop,meet-recording/data_sheets_historical/mangal all data sheet/PTM ROOFTOP/TMV ROOFTOP - FEBRUARY 2026.xlsx,
2026-02-20 18:03:22,249.0,5.73,1.03,242.24,YESAP60522895520,2026-02-21 05:18:50,UPI_CREDIT_CARD,rooftop,meet-recording/data_sheets_historical/mangal all data sheet/PTM ROOFTOP/TMV ROOFTOP - FEBRUARY 2026.xlsx,
2026-02-20 18:35:18,843.0,29.51,0.0,813.49,YESAP60522895520,2026-02-21 05:18:50,CREDIT_CARD,rooftop,meet-recording/data_sheets_historical/mangal all data sheet/PTM ROOFTOP/TMV ROOFTOP - FEBRUARY 2026.xlsx,
2026-02-20 19:05:56,850.0,0.0,0.0,850.0,YESAP60522895520,2026-02-21 05:18:50,UPI,rooftop,meet-recording/data_sheets_historical/mangal all data sheet/PTM ROOFTOP/TMV ROOFTOP - FEBRUARY 2026.xlsx,
2026-02-20 19:14:50,39.0,0.0,0.0,39.0,YESAP60522895520,2026-02-21 05:18:50,UPI_PPIWALLET,rooftop,meet-recording/data_sheets_historical/mangal all data sheet/PTM ROOFTOP/TMV ROOFTOP - FEBRUARY 2026.xlsx,
2026-02-20 20:11:02,1152.0,0.0,0.0,1152.0,YESAP60522895520,2026-02-21 05:18:50,UPI,rooftop,meet-recording/data_sheets_historical/mangal all data sheet/PTM ROOFTOP/TMV ROOFTOP - FEBRUARY 2026.xlsx,
2026-02-20 20:25:37,120.0,0.0,0.0,120.0,YESAP60522895520,2026-02-21 05:18:50,UPI,rooftop,meet-recording/data_sheets_historical/mangal all data sheet/PTM ROOFTOP/TMV ROOFTOP - FEBRUARY 2026.xlsx,
2026-02-20 20:32:54,698.0,16.05,2.89,679.06,YESAP60522895520,2026-02-21 05:18:50,UPI_CREDIT_CARD,rooftop,meet-recording/data_sheets_historical/mangal all data sheet/PTM ROOFTOP/TMV ROOFTOP - FEBRUARY 2026.xlsx,
2026-02-20 20:44:43,349.0,8.03,1.45,339.52,YESAP60522895520,2026-02-21 05:18:50,UPI_CREDIT_CARD,rooftop,meet-recording/data_sheets_historical/mangal all data sheet/PTM ROOFTOP/TMV ROOFTOP - FEBRUARY 2026.xlsx,
2026-02-20 21:05:03,60.0,1.38,0.25,58.37,YESAP60522895520,2026-02-21 05:18:50,UPI_CREDIT_CARD,rooftop,meet-recording/data_sheets_historical/mangal all data sheet/PTM ROOFTOP/TMV ROOFTOP - FEBRUARY 2026.xlsx,
2026-02-20 21:23:01,2085.0,47.96,8.63,2028.41,YESAP60522895520,2026-02-21 05:18:50,UPI_CREDIT_CARD,rooftop,meet-recording/data_sheets_historical/mangal all data sheet/PTM ROOFTOP/TMV ROOFTOP - FEBRUARY 2026.xlsx,
2026-02-20 21:31:46,658.0,0.0,0.0,658.0,YESAP60522895520,2026-02-21 05:18:50,UPI,rooftop,meet-recording/data_sheets_historical/mangal all data sheet/PTM ROOFTOP/TMV ROOFTOP - FEBRUARY 2026.xlsx,
2026-02-20 21:38:27,858.0,0.0,0.0,858.0,YESAP60522895520,2026-02-21 05:18:50,UPI,rooftop,meet-recording/data_sheets_historical/mangal all data sheet/PTM ROOFTOP/TMV ROOFTOP - FEBRUARY 2026.xlsx,
2026-02-20 21:43:19,579.0,0.0,0.0,579.0,YESAP60522895520,2026-02-21 05:18:50,UPI,rooftop,meet-recording/data_sheets_historical/mangal all data sheet/PTM ROOFTOP/TMV ROOFTOP - FEBRUARY 2026.xlsx,
2026-02-20 21:53:24,2414.0,84.49,15.21,2314.3,YESAP60522895520,2026-02-21 05:18:50,DEBIT_CARD,rooftop,meet-recording/data_sheets_historical/mangal all data sheet/PTM ROOFTOP/TMV ROOFTOP - FEBRUARY 2026.xlsx,
2026-02-20 21:59:39,608.0,0.0,0.0,608.0,YESAP60522895520,2026-02-21 05:18:50,UPI,rooftop,meet-recording/data_sheets_historical/mangal all data sheet/PTM ROOFTOP/TMV ROOFTOP - FEBRUARY 2026.xlsx,
2026-02-20 22:10:12,1016.0,4.06,0.0,1011.94,YESAP60522895520,2026-02-21 05:18:50,DEBIT_CARD,rooftop,meet-recording/data_sheets_historical/mangal all data sheet/PTM ROOFTOP/TMV ROOFTOP - FEBRUARY 2026.xlsx,
2026-02-20 22:12:01,698.0,0.0,0.0,698.0,YESAP60522895520,2026-02-21 05:18:50,UPI,rooftop,meet-recording/data_sheets_historical/mangal all data sheet/PTM ROOFTOP/TMV ROOFTOP - FEBRUARY 2026.xlsx,
2026-02-20 22:16:36,967.0,0.0,0.0,967.0,YESAP60522895520,2026-02-21 05:18:50,UPI,rooftop,meet-recording/data_sheets_historical/mangal all data sheet/PTM ROOFTOP/TMV ROOFTOP - FEBRUARY 2026.xlsx,
2026-02-20 22:34:02,179.0,4.12,0.74,174.14,YESAP60522895520,2026-02-21 05:18:50,UPI_CREDIT_CARD,rooftop,meet-recording/data_sheets_historical/mangal all data sheet/PTM ROOFTOP/TMV ROOFTOP - FEBRUARY 2026.xlsx,
2026-02-20 22:39:20,409.0,0.0,0.0,409.0,YESAP60522895520,2026-02-21 05:18:50,UPI,rooftop,meet-recording/data_sheets_historical/mangal all data sheet/PTM ROOFTOP/TMV ROOFTOP - FEBRUARY 2026.xlsx,
,,,,,,,,rooftop,meet-recording/data_sheets_historical/mangal all data sheet/PTM ROOFTOP/TMV ROOFTOP - FEBRUARY 2026.xlsx,
2026-02-21 07:58:15,60.0,0.0,0.0,60.0,YESAP60530895925,2026-02-22 03:44:09,UPI_PPIWALLET,rooftop,meet-recording/data_sheets_historical/mangal all data sheet/PTM ROOFTOP/TMV ROOFTOP - FEBRUARY 2026.xlsx,
2026-02-21 08:25:57,20.0,0.0,0.0,20.0,YESAP60530895925,2026-02-22 03:44:09,UPI,rooftop,meet-recording/data_sheets_historical/mangal all data sheet/PTM ROOFTOP/TMV ROOFTOP - FEBRUARY 2026.xlsx,
2026-02-21 09:33:09,300.0,0.0,0.0,300.0,YESAP60530895925,2026-02-22 03:44:09,UPI,rooftop,meet-recording/data_sheets_historical/mangal all data sheet/PTM ROOFTOP/TMV ROOFTOP - FEBRUARY 2026.xlsx,
2026-02-21 09:58:26,300.0,0.0,0.0,300.0,YESAP60530895925,2026-02-22 03:44:09,UPI,rooftop,meet-recording/data_sheets_historical/mangal all data sheet/PTM ROOFTOP/TMV ROOFTOP - FEBRUARY 2026.xlsx,
2026-02-21 12:58:54,438.0,0.0,0.0,438.0,YESAP60530895925,2026-02-22 03:44:09,UPI,rooftop,meet-recording/data_sheets_historical/mangal all data sheet/PTM ROOFTOP/TMV ROOFTOP - FEBRUARY 2026.xlsx,
2026-02-21 14:15:17,828.0,19.04,3.43,805.53,YESAP60530895925,2026-02-22 03:44:09,UPI_CREDIT_CARD,rooftop,meet-recording/data_sheets_historical/mangal all data sheet/PTM ROOFTOP/TMV ROOFTOP - FEBRUARY 2026.xlsx,
2026-02-21 14:39:28,549.0,0.0,0.0,549.0,YESAP60530895925,2026-02-22 03:44:09,UPI,rooftop,meet-recording/data_sheets_historical/mangal all data sheet/PTM ROOFTOP/TMV ROOFTOP - FEBRUARY 2026.xlsx,
2026-02-21 16:24:24,1855.0,0.0,0.0,1855.0,YESAP60530895925,2026-02-22 03:44:09,UPI,rooftop,meet-recording/data_sheets_historical/mangal all data sheet/PTM ROOFTOP/TMV ROOFTOP - FEBRUARY 2026.xlsx,
2026-02-21 16:59:33,519.0,0.0,0.0,519.0,YESAP60530895925,2026-02-22 03:44:09,UPI,rooftop,meet-recording/data_sheets_historical/mangal all data sheet/PTM ROOFTOP/TMV ROOFTOP - FEBRUARY 2026.xlsx,
2026-02-21 17:20:02,60.0,0.0,0.0,60.0,YESAP60530895925,2026-02-22 03:44:09,UPI,rooftop,meet-recording/data_sheets_historical/mangal all data sheet/PTM ROOFTOP/TMV ROOFTOP - FEBRUARY 2026.xlsx,
2026-02-21 17:35:42,1286.0,0.0,0.0,1286.0,YESAP60530895925,2026-02-22 03:44:09,UPI,rooftop,meet-recording/data_sheets_historical/mangal all data sheet/PTM ROOFTOP/TMV ROOFTOP - FEBRUARY 2026.xlsx,
2026-02-21 18:00:13,319.0,0.0,0.0,319.0,YESAP60530895925,2026-02-22 03:44:09,UPI,rooftop,meet-recording/data_sheets_historical/mangal all data sheet/PTM ROOFTOP/TMV ROOFTOP - FEBRUARY 2026.xlsx,
2026-02-21 18:39:58,469.0,10.79,1.94,456.27,YESAP60530895925,2026-02-22 03:44:09,UPI_CREDIT_CARD,rooftop,meet-recording/data_sheets_historical/mangal all data sheet/PTM ROOFTOP/TMV ROOFTOP - FEBRUARY 2026.xlsx,
2026-02-21 19:55:44,60.0,1.38,0.25,58.37,YESAP60530895925,2026-02-22 03:44:09,UPI_CREDIT_CARD,rooftop,meet-recording/data_sheets_historical/mangal all data sheet/PTM ROOFTOP/TMV ROOFTOP - FEBRUARY 2026.xlsx,
2026-02-21 20:11:30,1216.0,27.97,5.03,1183.0,YESAP60530895925,2026-02-22 03:44:09,UPI_CREDIT_CARD,rooftop,meet-recording/data_sheets_historical/mangal all data sheet/PTM ROOFTOP/TMV ROOFTOP - FEBRUARY 2026.xlsx,
2026-02-21 20:16:01,420.0,0.0,0.0,420.0,YESAP60530895925,2026-02-22 03:44:09,UPI,rooftop,meet-recording/data_sheets_historical/mangal all data sheet/PTM ROOFTOP/TMV ROOFTOP - FEBRUARY 2026.xlsx,
2026-02-21 20:29:02,768.0,11.52,0.0,756.48,YESAP60530895925,2026-02-22 03:44:09,CREDIT_CARD,rooftop,meet-recording/data_sheets_historical/mangal all data sheet/PTM ROOFTOP/TMV ROOFTOP - FEBRUARY 2026.xlsx,
2026-02-21 20:55:35,1162.0,26.73,4.81,1130.46,YESAP60530895925,2026-02-22 03:44:09,UPI_CREDIT_CARD,rooftop,meet-recording/data_sheets_historical/mangal all data sheet/PTM ROOFTOP/TMV ROOFTOP - FEBRUARY 2026.xlsx,
2026-02-21 21:18:25,947.0,21.78,3.92,921.3,YESAP60530895925,2026-02-22 03:44:09,UPI_CREDIT_CARD,rooftop,meet-recording/data_sheets_historical/mangal all data sheet/PTM ROOFTOP/TMV ROOFTOP - FEBRUARY 2026.xlsx,
2026-02-21 21:24:24,349.0,8.03,1.45,339.52,YESAP60530895925,2026-02-22 03:44:09,UPI_CREDIT_CARD,rooftop,meet-recording/data_sheets_historical/mangal all data sheet/PTM ROOFTOP/TMV ROOFTOP - FEBRUARY 2026.xlsx,
2026-02-21 21:39:36,67.0,0.0,0.0,67.0,YESAP60530895925,2026-02-22 03:44:09,UPI,rooftop,meet-recording/data_sheets_historical/mangal all data sheet/PTM ROOFTOP/TMV ROOFTOP - FEBRUARY 2026.xlsx,
2026-02-21 21:41:17,120.0,2.76,0.5,116.74,YESAP60530895925,2026-02-22 03:44:09,UPI_CREDIT_CARD,rooftop,meet-recording/data_sheets_historical/mangal all data sheet/PTM ROOFTOP/TMV ROOFTOP - FEBRUARY 2026.xlsx,
2026-02-21 21:44:27,1476.0,0.0,0.0,1476.0,YESAP60530895925,2026-02-22 03:44:09,UPI,rooftop,meet-recording/data_sheets_historical/mangal all data sheet/PTM ROOFTOP/TMV ROOFTOP - FEBRUARY 2026.xlsx,
2026-02-21 21:45:13,528.0,0.0,0.0,528.0,YESAP60530895925,2026-02-22 03:44:09,UPI,rooftop,meet-recording/data_sheets_historical/mangal all data sheet/PTM ROOFTOP/TMV ROOFTOP - FEBRUARY 2026.xlsx,
2026-02-21 21:54:23,898.0,0.0,0.0,898.0,YESAP60530895925,2026-02-22 03:44:09,UPI,rooftop,meet-recording/data_sheets_historical/mangal all data sheet/PTM ROOFTOP/TMV ROOFTOP - FEBRUARY 2026.xlsx,
2026-02-21 22:30:17,1256.0,0.0,0.0,1256.0,YESAP60530895925,2026-02-22 03:44:09,UPI,rooftop,meet-recording/data_sheets_historical/mangal all data sheet/PTM ROOFTOP/TMV ROOFTOP - FEBRUARY 2026.xlsx,
2026-02-21 22:44:34,767.0,0.0,0.0,767.0,YESAP60530895925,2026-02-22 03:44:09,UPI,rooftop,meet-recording/data_sheets_historical/mangal all data sheet/PTM ROOFTOP/TMV ROOFTOP - FEBRUARY 2026.xlsx,
2026-02-21 22:48:01,1416.0,0.0,0.0,1416.0,YESAP60530895925,2026-02-22 03:44:09,UPI,rooftop,meet-recording/data_sheets_historical/mangal all data sheet/PTM ROOFTOP/TMV ROOFTOP - FEBRUARY 2026.xlsx,
,,,,,,,,rooftop,meet-recording/data_sheets_historical/mangal all data sheet/PTM ROOFTOP/TMV ROOFTOP - FEBRUARY 2026.xlsx,
2026-02-22 10:53:37,249.0,0.0,0.0,249.0,YESAP60541970881,2026-02-23 05:36:51,UPI,rooftop,meet-recording/data_sheets_historical/mangal all data sheet/PTM ROOFTOP/TMV ROOFTOP - FEBRUARY 2026.xlsx,
2026-02-22 13:30:08,668.0,0.0,0.0,668.0,YESAP60541970881,2026-02-23 05:36:51,UPI,rooftop,meet-recording/data_sheets_historical/mangal all data sheet/PTM ROOFTOP/TMV ROOFTOP - FEBRUARY 2026.xlsx,
2026-02-22 15:19:36,1266.0,5.06,0.0,1260.94,YESAP60541970881,2026-02-23 05:36:51,DEBIT_CARD,rooftop,meet-recording/data_sheets_historical/mangal all data sheet/PTM ROOFTOP/TMV ROOFTOP - FEBRUARY 2026.xlsx,
2026-02-22 16:07:07,519.0,0.0,0.0,519.0,YESAP60541970881,2026-02-23 05:36:51,UPI,rooftop,meet-recording/data_sheets_historical/mangal all data sheet/PTM ROOFTOP/TMV ROOFTOP - FEBRUARY 2026.xlsx,
2026-02-22 17:24:31,140.0,0.0,0.0,140.0,YESAP60541970881,2026-02-23 05:36:51,UPI,rooftop,meet-recording/data_sheets_historical/mangal all data sheet/PTM ROOFTOP/TMV ROOFTOP - FEBRUARY 2026.xlsx,
2026-02-22 19:00:51,120.0,0.0,0.0,120.0,YESAP60541970881,2026-02-23 05:36:51,UPI,rooftop,meet-recording/data_sheets_historical/mangal all data sheet/PTM ROOFTOP/TMV ROOFTOP - FEBRUARY 2026.xlsx,
2026-02-22 20:07:27,658.0,0.0,0.0,658.0,YESAP60541970881,2026-02-23 05:36:51,UPI,rooftop,meet-recording/data_sheets_historical/mangal all data sheet/PTM ROOFTOP/TMV ROOFTOP - FEBRUARY 2026.xlsx,
2026-02-22 20:55:04,469.0,0.0,0.0,469.0,YESAP60541970881,2026-02-23 05:36:51,UPI,rooftop,meet-recording/data_sheets_historical/mangal all data sheet/PTM ROOFTOP/TMV ROOFTOP - FEBRUARY 2026.xlsx,
2026-02-22 21:04:25,1366.0,20.49,0.0,1345.51,YESAP60541970881,2026-02-23 05:36:51,CREDIT_CARD,rooftop,meet-recording/data_sheets_historical/mangal all data sheet/PTM ROOFTOP/TMV ROOFTOP - FEBRUARY 2026.xlsx,
2026-02-22 21:13:46,369.0,8.49,1.53,358.98,YESAP60541970881,2026-02-23 05:36:51,UPI_CREDIT_CARD,rooftop,meet-recording/data_sheets_historical/mangal all data sheet/PTM ROOFTOP/TMV ROOFTOP - FEBRUARY 2026.xlsx,
2026-02-22 21:19:45,1081.0,0.0,0.0,1081.0,YESAP60541970881,2026-02-23 05:36:51,UPI,rooftop,meet-recording/data_sheets_historical/mangal all data sheet/PTM ROOFTOP/TMV ROOFTOP - FEBRUARY 2026.xlsx,
2026-02-22 21:36:12,693.0,0.0,0.0,693.0,YESAP60541970881,2026-02-23 05:36:51,UPI,rooftop,meet-recording/data_sheets_historical/mangal all data sheet/PTM ROOFTOP/TMV ROOFTOP - FEBRUARY 2026.xlsx,
2026-02-22 21:50:35,40.0,0.92,0.17,38.91,YESAP60541970881,2026-02-23 05:36:51,UPI_CREDIT_CARD,rooftop,meet-recording/data_sheets_historical/mangal all data sheet/PTM ROOFTOP/TMV ROOFTOP - FEBRUARY 2026.xlsx,
2026-02-22 22:00:19,1444.0,0.0,0.0,1444.0,YESAP60541970881,2026-02-23 05:36:51,DEBIT_CARD,rooftop,meet-recording/data_sheets_historical/mangal all data sheet/PTM ROOFTOP/TMV ROOFTOP - FEBRUARY 2026.xlsx,
2026-02-22 22:19:25,1087.0,0.0,0.0,1087.0,YESAP60541970881,2026-02-23 05:36:51,UPI,rooftop,meet-recording/data_sheets_historical/mangal all data sheet/PTM ROOFTOP/TMV ROOFTOP - FEBRUARY 2026.xlsx,
2026-02-22 22:22:15,1440.0,0.0,0.0,1440.0,YESAP60541970881,2026-02-23 05:36:51,UPI,rooftop,meet-recording/data_sheets_historical/mangal all data sheet/PTM ROOFTOP/TMV ROOFTOP - FEBRUARY 2026.xlsx,
,,,,,,,,rooftop,meet-recording/data_sheets_historical/mangal all data sheet/PTM ROOFTOP/TMV ROOFTOP - FEBRUARY 2026.xlsx,
2026-02-23 00:16:42,40.0,0.0,0.0,40.0,YESAP60551247303,2026-02-24 04:38:56,UPI,rooftop,meet-recording/data_sheets_historical/mangal all data sheet/PTM ROOFTOP/TMV ROOFTOP - FEBRUARY 2026.xlsx,
2026-02-23 09:14:25,100.0,0.0,0.0,100.0,YESAP60551247303,2026-02-24 04:38:56,UPI,rooftop,meet-recording/data_sheets_historical/mangal all data sheet/PTM ROOFTOP/TMV ROOFTOP - FEBRUARY 2026.xlsx,
2026-02-23 09:56:08,20.0,0.46,0.08,19.46,YESAP60551247303,2026-02-24 04:38:56,UPI_CREDIT_CARD,rooftop,meet-recording/data_sheets_historical/mangal all data sheet/PTM ROOFTOP/TMV ROOFTOP - FEBRUARY 2026.xlsx,
2026-02-23 14:15:59,498.0,11.45,2.06,484.49,YESAP60551247303,2026-02-24 04:38:56,UPI_CREDIT_CARD,rooftop,meet-recording/data_sheets_historical/mangal all data sheet/PTM ROOFTOP/TMV ROOFTOP - FEBRUARY 2026.xlsx,
2026-02-23 15:16:46,1000.0,0.0,0.0,1000.0,YESAP60551247303,2026-02-24 04:38:56,UPI,rooftop,meet-recording/data_sheets_historical/mangal all data sheet/PTM ROOFTOP/TMV ROOFTOP - FEBRUARY 2026.xlsx,
2026-02-23 15:50:14,748.0,0.0,0.0,748.0,YESAP60551247303,2026-02-24 04:38:56,UPI,rooftop,meet-recording/data_sheets_historical/mangal all data sheet/PTM ROOFTOP/TMV ROOFTOP - FEBRUARY 2026.xlsx,
2026-02-23 17:15:24,60.0,0.0,0.0,60.0,YESAP60551247303,2026-02-24 04:38:56,UPI,rooftop,meet-recording/data_sheets_historical/mangal all data sheet/PTM ROOFTOP/TMV ROOFTOP - FEBRUARY 2026.xlsx,
2026-02-23 17:55:13,60.0,0.0,0.0,60.0,YESAP60551247303,2026-02-24 04:38:56,UPI,rooftop,meet-recording/data_sheets_historical/mangal all data sheet/PTM ROOFTOP/TMV ROOFTOP - FEBRUARY 2026.xlsx,
2026-02-23 19:09:14,574.0,0.0,0.0,574.0,YESAP60551247303,2026-02-24 04:38:56,UPI,rooftop,meet-recording/data_sheets_historical/mangal all data sheet/PTM ROOFTOP/TMV ROOFTOP - FEBRUARY 2026.xlsx,
2026-02-23 20:21:13,469.0,0.0,0.0,469.0,YESAP60551247303,2026-02-24 04:38:56,UPI,rooftop,meet-recording/data_sheets_historical/mangal all data sheet/PTM ROOFTOP/TMV ROOFTOP - FEBRUARY 2026.xlsx,
2026-02-23 20:55:35,434.0,9.98,1.8,422.22,YESAP60551247303,2026-02-24 04:38:56,UPI_CREDIT_CARD,rooftop,meet-recording/data_sheets_historical/mangal all data sheet/PTM ROOFTOP/TMV ROOFTOP - FEBRUARY 2026.xlsx,
2026-02-23 21:12:39,887.0,0.0,0.0,887.0,YESAP60551247303,2026-02-24 04:38:56,UPI,rooftop,meet-recording/data_sheets_historical/mangal all data sheet/PTM ROOFTOP/TMV ROOFTOP - FEBRUARY 2026.xlsx,
2026-02-23 21:21:15,1267.0,19.01,0.0,1247.99,YESAP60551247303,2026-02-24 04:38:56,CREDIT_CARD,rooftop,meet-recording/data_sheets_historical/mangal all data sheet/PTM ROOFTOP/TMV ROOFTOP - FEBRUARY 2026.xlsx,
2026-02-23 21:22:12,1166.0,0.0,0.0,1166.0,YESAP60551247303,2026-02-24 04:38:56,UPI,rooftop,meet-recording/data_sheets_historical/mangal all data sheet/PTM ROOFTOP/TMV ROOFTOP - FEBRUARY 2026.xlsx,
2026-02-23 21:33:05,369.0,0.0,0.0,369.0,YESAP60551247303,2026-02-24 04:38:56,UPI,rooftop,meet-recording/data_sheets_historical/mangal all data sheet/PTM ROOFTOP/TMV ROOFTOP - FEBRUARY 2026.xlsx,
2026-02-23 22:17:13,1226.0,31.88,0.0,1194.12,YESAP60551247303,2026-02-24 04:38:56,CREDIT_CARD,rooftop,meet-recording/data_sheets_historical/mangal all data sheet/PTM ROOFTOP/TMV ROOFTOP - FEBRUARY 2026.xlsx,
2026-02-23 22:41:51,670.0,0.0,0.0,670.0,YESAP60551247303,2026-02-24 04:38:56,UPI,rooftop,meet-recording/data_sheets_historical/mangal all data sheet/PTM ROOFTOP/TMV ROOFTOP - FEBRUARY 2026.xlsx,
,,,,,,,,rooftop,meet-recording/data_sheets_historical/mangal all data sheet/PTM ROOFTOP/TMV ROOFTOP - FEBRUARY 2026.xlsx,
2026-02-24 14:14:38,888.0,0.0,0.0,888.0,YESAP60561424570,2026-02-25 04:32:11,UPI,rooftop,meet-recording/data_sheets_historical/mangal all data sheet/PTM ROOFTOP/TMV ROOFTOP - FEBRUARY 2026.xlsx,
2026-02-24 15:03:27,29.0,0.0,0.0,29.0,YESAP60561424570,2026-02-25 04:32:11,UPI,rooftop,meet-recording/data_sheets_historical/mangal all data sheet/PTM ROOFTOP/TMV ROOFTOP - FEBRUARY 2026.xlsx,
2026-02-24 15:07:52,1684.0,0.0,0.0,1684.0,YESAP60561424570,2026-02-25 04:32:11,UPI,rooftop,meet-recording/data_sheets_historical/mangal all data sheet/PTM ROOFTOP/TMV ROOFTOP - FEBRUARY 2026.xlsx,
2026-02-24 17:21:57,369.0,0.0,0.0,369.0,YESAP60561424570,2026-02-25 04:32:11,UPI,rooftop,meet-recording/data_sheets_historical/mangal all data sheet/PTM ROOFTOP/TMV ROOFTOP - FEBRUARY 2026.xlsx,
2026-02-24 17:47:37,120.0,0.0,0.0,120.0,YESAP60561424570,2026-02-25 04:32:11,UPI,rooftop,meet-recording/data_sheets_historical/mangal all data sheet/PTM ROOFTOP/TMV ROOFTOP - FEBRUARY 2026.xlsx,
2026-02-24 18:32:04,3800.0,0.0,0.0,3800.0,YESAP60561424570,2026-02-25 04:32:11,UPI,rooftop,meet-recording/data_sheets_historical/mangal all data sheet/PTM ROOFTOP/TMV ROOFTOP - FEBRUARY 2026.xlsx,
2026-02-24 19:06:46,70.0,0.0,0.0,70.0,YESAP60561424570,2026-02-25 04:32:11,UPI,rooftop,meet-recording/data_sheets_historical/mangal all data sheet/PTM ROOFTOP/TMV ROOFTOP - FEBRUARY 2026.xlsx,
2026-02-24 20:39:07,827.0,19.02,3.42,804.56,YESAP60561424570,2026-02-25 04:32:11,UPI_CREDIT_CARD,rooftop,meet-recording/data_sheets_historical/mangal all data sheet/PTM ROOFTOP/TMV ROOFTOP - FEBRUARY 2026.xlsx,
2026-02-24 20:49:48,1366.0,0.0,0.0,1366.0,YESAP60561424570,2026-02-25 04:32:11,UPI,rooftop,meet-recording/data_sheets_historical/mangal all data sheet/PTM ROOFTOP/TMV ROOFTOP - FEBRUARY 2026.xlsx,
2026-02-24 21:03:04,1241.0,28.54,5.14,1207.32,YESAP60561424570,2026-02-25 04:32:11,UPI_CREDIT_CARD,rooftop,meet-recording/data_sheets_historical/mangal all data sheet/PTM ROOFTOP/TMV ROOFTOP - FEBRUARY 2026.xlsx,
2026-02-24 21:05:38,817.0,0.0,0.0,817.0,YESAP60561424570,2026-02-25 04:32:11,UPI,rooftop,meet-recording/data_sheets_historical/mangal all data sheet/PTM ROOFTOP/TMV ROOFTOP - FEBRUARY 2026.xlsx,
2026-02-24 21:17:13,409.0,9.41,1.69,397.9,YESAP60561424570,2026-02-25 04:32:11,UPI_CREDIT_CARD,rooftop,meet-recording/data_sheets_historical/mangal all data sheet/PTM ROOFTOP/TMV ROOFTOP - FEBRUARY 2026.xlsx,
2026-02-24 21:22:07,90.0,0.0,0.0,90.0,YESAP60561424570,2026-02-25 04:32:11,UPI,rooftop,meet-recording/data_sheets_historical/mangal all data sheet/PTM ROOFTOP/TMV ROOFTOP - FEBRUARY 2026.xlsx,
2026-02-24 21:31:30,2782.0,41.73,7.51,2732.76,YESAP60561424570,2026-02-25 04:32:11,CREDIT_CARD,rooftop,meet-recording/data_sheets_historical/mangal all data sheet/PTM ROOFTOP/TMV ROOFTOP - FEBRUARY 2026.xlsx,
2026-02-24 21:32:04,1124.0,0.0,0.0,1124.0,YESAP60561424570,2026-02-25 04:32:11,UPI,rooftop,meet-recording/data_sheets_historical/mangal all data sheet/PTM ROOFTOP/TMV ROOFTOP - FEBRUARY 2026.xlsx,
2026-02-24 21:34:14,20.0,0.0,0.0,20.0,YESAP60561424570,2026-02-25 04:32:11,UPI,rooftop,meet-recording/data_sheets_historical/mangal all data sheet/PTM ROOFTOP/TMV ROOFTOP - FEBRUARY 2026.xlsx,
2026-02-24 21:42:59,1092.0,0.0,0.0,1092.0,YESAP60561424570,2026-02-25 04:32:11,UPI,rooftop,meet-recording/data_sheets_historical/mangal all data sheet/PTM ROOFTOP/TMV ROOFTOP - FEBRUARY 2026.xlsx,
2026-02-24 21:48:03,2848.0,0.0,0.0,2848.0,YESAP60561424570,2026-02-25 04:32:11,UPI,rooftop,meet-recording/data_sheets_historical/mangal all data sheet/PTM ROOFTOP/TMV ROOFTOP - FEBRUARY 2026.xlsx,
2026-02-24 21:54:29,459.0,0.0,0.0,459.0,YESAP60561424570,2026-02-25 04:32:11,UPI,rooftop,meet-recording/data_sheets_historical/mangal all data sheet/PTM ROOFTOP/TMV ROOFTOP - FEBRUARY 2026.xlsx,
2026-02-24 21:56:52,1227.0,0.0,0.0,1227.0,YESAP60561424570,2026-02-25 04:32:11,UPI,rooftop,meet-recording/data_sheets_historical/mangal all data sheet/PTM ROOFTOP/TMV ROOFTOP - FEBRUARY 2026.xlsx,
2026-02-24 22:01:36,1400.0,0.0,0.0,1400.0,YESAP60561424570,2026-02-25 04:32:11,UPI,rooftop,meet-recording/data_sheets_historical/mangal all data sheet/PTM ROOFTOP/TMV ROOFTOP - FEBRUARY 2026.xlsx,
2026-02-24 22:08:57,643.0,0.0,0.0,643.0,YESAP60561424570,2026-02-25 04:32:11,UPI,rooftop,meet-recording/data_sheets_historical/mangal all data sheet/PTM ROOFTOP/TMV ROOFTOP - FEBRUARY 2026.xlsx,
2026-02-24 22:17:47,40.0,0.0,0.0,40.0,YESAP60561424570,2026-02-25 04:32:11,UPI,rooftop,meet-recording/data_sheets_historical/mangal all data sheet/PTM ROOFTOP/TMV ROOFTOP - FEBRUARY 2026.xlsx,
2026-02-24 23:42:04,40.0,0.0,0.0,40.0,YESAP60561424570,2026-02-25 04:32:11,UPI,rooftop,meet-recording/data_sheets_historical/mangal all data sheet/PTM ROOFTOP/TMV ROOFTOP - FEBRUARY 2026.xlsx,
,,,,,,,,rooftop,meet-recording/data_sheets_historical/mangal all data sheet/PTM ROOFTOP/TMV ROOFTOP - FEBRUARY 2026.xlsx,
2026-02-25 13:10:08,1017.0,23.39,4.21,989.4,YESAP60571487848,2026-02-26 04:23:43,UPI_CREDIT_CARD,rooftop,meet-recording/data_sheets_historical/mangal all data sheet/PTM ROOFTOP/TMV ROOFTOP - FEBRUARY 2026.xlsx,
2026-02-25 13:31:14,269.0,0.0,0.0,269.0,YESAP60571487848,2026-02-26 04:23:43,UPI,rooftop,meet-recording/data_sheets_historical/mangal all data sheet/PTM ROOFTOP/TMV ROOFTOP - FEBRUARY 2026.xlsx,
2026-02-25 15:17:25,1714.0,0.0,0.0,1714.0,YESAP60571487848,2026-02-26 04:23:43,UPI,rooftop,meet-recording/data_sheets_historical/mangal all data sheet/PTM ROOFTOP/TMV ROOFTOP - FEBRUARY 2026.xlsx,
2026-02-25 16:06:08,598.0,0.0,0.0,598.0,YESAP60571487848,2026-02-26 04:23:43,UPI,rooftop,meet-recording/data_sheets_historical/mangal all data sheet/PTM ROOFTOP/TMV ROOFTOP - FEBRUARY 2026.xlsx,
2026-02-25 16:30:19,60.0,0.0,0.0,60.0,YESAP60571487848,2026-02-26 04:23:43,UPI,rooftop,meet-recording/data_sheets_historical/mangal all data sheet/PTM ROOFTOP/TMV ROOFTOP - FEBRUARY 2026.xlsx,
2026-02-25 20:42:02,823.0,18.93,3.41,800.66,YESAP60571487848,2026-02-26 04:23:43,UPI_CREDIT_CARD,rooftop,meet-recording/data_sheets_historical/mangal all data sheet/PTM ROOFTOP/TMV ROOFTOP - FEBRUARY 2026.xlsx,
2026-02-25 20:43:52,489.0,0.0,0.0,489.0,YESAP60571487848,2026-02-26 04:23:43,UPI,rooftop,meet-recording/data_sheets_historical/mangal all data sheet/PTM ROOFTOP/TMV ROOFTOP - FEBRUARY 2026.xlsx,
2026-02-25 20:58:58,1694.0,0.0,0.0,1694.0,YESAP60571487848,2026-02-26 04:23:43,UPI,rooftop,meet-recording/data_sheets_historical/mangal all data sheet/PTM ROOFTOP/TMV ROOFTOP - FEBRUARY 2026.xlsx,
2026-02-25 21:00:35,705.0,0.0,0.0,705.0,YESAP60571487848,2026-02-26 04:23:43,UPI,rooftop,meet-recording/data_sheets_historical/mangal all data sheet/PTM ROOFTOP/TMV ROOFTOP - FEBRUARY 2026.xlsx,
2026-02-25 21:20:24,1117.0,0.0,0.0,1117.0,YESAP60571487848,2026-02-26 04:23:43,UPI,rooftop,meet-recording/data_sheets_historical/mangal all data sheet/PTM ROOFTOP/TMV ROOFTOP - FEBRUARY 2026.xlsx,
2026-02-25 21:58:37,1247.0,0.0,0.0,1247.0,YESAP60571487848,2026-02-26 04:23:43,UPI,rooftop,meet-recording/data_sheets_historical/mangal all data sheet/PTM ROOFTOP/TMV ROOFTOP - FEBRUARY 2026.xlsx,
2026-02-25 22:03:09,1416.0,0.0,0.0,1416.0,YESAP60571487848,2026-02-26 04:23:43,UPI,rooftop,meet-recording/data_sheets_historical/mangal all data sheet/PTM ROOFTOP/TMV ROOFTOP - FEBRUARY 2026.xlsx,
2026-02-25 22:04:19,424.0,0.0,0.0,424.0,YESAP60571487848,2026-02-26 04:23:43,UPI,rooftop,meet-recording/data_sheets_historical/mangal all data sheet/PTM ROOFTOP/TMV ROOFTOP - FEBRUARY 2026.xlsx,
2026-02-25 22:08:50,1574.0,0.0,0.0,1574.0,YESAP60571487848,2026-02-26 04:23:43,UPI,rooftop,meet-recording/data_sheets_historical/mangal all data sheet/PTM ROOFTOP/TMV ROOFTOP - FEBRUARY 2026.xlsx,
2026-02-25 22:10:16,1937.0,0.0,0.0,1937.0,YESAP60571487848,2026-02-26 04:23:43,UPI,rooftop,meet-recording/data_sheets_historical/mangal all data sheet/PTM ROOFTOP/TMV ROOFTOP - FEBRUARY 2026.xlsx,
2026-02-25 22:19:09,249.0,0.0,0.0,249.0,YESAP60571487848,2026-02-26 04:23:43,UPI,rooftop,meet-recording/data_sheets_historical/mangal all data sheet/PTM ROOFTOP/TMV ROOFTOP - FEBRUARY 2026.xlsx,
2026-02-25 22:35:36,60.0,1.38,0.25,58.37,YESAP60571487848,2026-02-26 04:23:43,UPI_CREDIT_CARD,rooftop,meet-recording/data_sheets_historical/mangal all data sheet/PTM ROOFTOP/TMV ROOFTOP - FEBRUARY 2026.xlsx,
2026-02-25 22:35:58,40.0,0.0,0.0,40.0,YESAP60571487848,2026-02-26 04:23:43,UPI,rooftop,meet-recording/data_sheets_historical/mangal all data sheet/PTM ROOFTOP/TMV ROOFTOP - FEBRUARY 2026.xlsx,
2026-02-25 22:43:05,539.0,0.0,0.0,539.0,YESAP60571487848,2026-02-26 04:23:43,UPI,rooftop,meet-recording/data_sheets_historical/mangal all data sheet/PTM ROOFTOP/TMV ROOFTOP - FEBRUARY 2026.xlsx,
,,,,,,,,rooftop,meet-recording/data_sheets_historical/mangal all data sheet/PTM ROOFTOP/TMV ROOFTOP - FEBRUARY 2026.xlsx,
2026-02-26 06:39:49,40.0,0.0,0.0,40.0,YESAP60581273140,2026-02-27 04:08:00,UPI,rooftop,meet-recording/data_sheets_historical/mangal all data sheet/PTM ROOFTOP/TMV ROOFTOP - FEBRUARY 2026.xlsx,
2026-02-26 12:21:33,688.0,0.0,0.0,688.0,YESAP60581273140,2026-02-27 04:08:00,UPI,rooftop,meet-recording/data_sheets_historical/mangal all data sheet/PTM ROOFTOP/TMV ROOFTOP - FEBRUARY 2026.xlsx,
2026-02-26 13:49:59,399.0,0.0,0.0,399.0,YESAP60581273140,2026-02-27 04:08:00,UPI,rooftop,meet-recording/data_sheets_historical/mangal all data sheet/PTM ROOFTOP/TMV ROOFTOP - FEBRUARY 2026.xlsx,
2026-02-26 14:31:04,509.0,0.0,0.0,509.0,YESAP60581273140,2026-02-27 04:08:00,UPI,rooftop,meet-recording/data_sheets_historical/mangal all data sheet/PTM ROOFTOP/TMV ROOFTOP - FEBRUARY 2026.xlsx,
2026-02-26 14:34:01,1146.0,26.36,4.74,1114.9,YESAP60581273140,2026-02-27 04:08:00,UPI_CREDIT_CARD,rooftop,meet-recording/data_sheets_historical/mangal all data sheet/PTM ROOFTOP/TMV ROOFTOP - FEBRUARY 2026.xlsx,
2026-02-26 20:33:57,748.0,0.0,0.0,748.0,YESAP60581273140,2026-02-27 04:08:00,UPI,rooftop,meet-recording/data_sheets_historical/mangal all data sheet/PTM ROOFTOP/TMV ROOFTOP - FEBRUARY 2026.xlsx,
2026-02-26 21:18:24,448.0,0.0,0.0,448.0,YESAP60581273140,2026-02-27 04:08:00,UPI,rooftop,meet-recording/data_sheets_historical/mangal all data sheet/PTM ROOFTOP/TMV ROOFTOP - FEBRUARY 2026.xlsx,
2026-02-26 21:21:41,349.0,0.0,0.0,349.0,YESAP60581273140,2026-02-27 04:08:00,UPI,rooftop,meet-recording/data_sheets_historical/mangal all data sheet/PTM ROOFTOP/TMV ROOFTOP - FEBRUARY 2026.xlsx,
2026-02-26 21:52:53,40.0,0.0,0.0,40.0,YESAP60581273140,2026-02-27 04:08:00,UPI,rooftop,meet-recording/data_sheets_historical/mangal all data sheet/PTM ROOFTOP/TMV ROOFTOP - FEBRUARY 2026.xlsx,
2026-02-26 22:19:29,808.0,18.58,3.34,786.08,YESAP60581273140,2026-02-27 04:08:00,UPI_CREDIT_CARD,rooftop,meet-recording/data_sheets_historical/mangal all data sheet/PTM ROOFTOP/TMV ROOFTOP - FEBRUARY 2026.xlsx,
2026-02-26 22:23:31,1581.0,0.0,0.0,1581.0,YESAP60581273140,2026-02-27 04:08:00,UPI,rooftop,meet-recording/data_sheets_historical/mangal all data sheet/PTM ROOFTOP/TMV ROOFTOP - FEBRUARY 2026.xlsx,
2026-02-26 22:57:19,1077.0,0.0,0.0,1077.0,YESAP60581273140,2026-02-27 04:08:00,UPI,rooftop,meet-recording/data_sheets_historical/mangal all data sheet/PTM ROOFTOP/TMV ROOFTOP - FEBRUARY 2026.xlsx,
,,,,,,,,rooftop,meet-recording/data_sheets_historical/mangal all data sheet/PTM ROOFTOP/TMV ROOFTOP - FEBRUARY 2026.xlsx,
2026-02-27 09:33:10,450.0,0.0,0.0,450.0,YESAP60592326023,2026-02-28 04:56:35,UPI,rooftop,meet-recording/data_sheets_historical/mangal all data sheet/PTM ROOFTOP/TMV ROOFTOP - FEBRUARY 2026.xlsx,
2026-02-27 14:57:25,998.0,22.95,4.13,970.92,YESAP60592326023,2026-02-28 04:56:35,UPI_CREDIT_CARD,rooftop,meet-recording/data_sheets_historical/mangal all data sheet/PTM ROOFTOP/TMV ROOFTOP - FEBRUARY 2026.xlsx,
2026-02-27 15:40:12,1805.0,0.0,0.0,1805.0,YESAP60592326023,2026-02-28 04:56:35,UPI,rooftop,meet-recording/data_sheets_historical/mangal all data sheet/PTM ROOFTOP/TMV ROOFTOP - FEBRUARY 2026.xlsx,
2026-02-27 15:49:13,7754.0,116.31,20.94,7616.75,YESAP60592326023,2026-02-28 04:56:35,CREDIT_CARD,rooftop,meet-recording/data_sheets_historical/mangal all data sheet/PTM ROOFTOP/TMV ROOFTOP - FEBRUARY 2026.xlsx,
2026-02-27 17:27:27,60.0,0.0,0.0,60.0,YESAP60592326023,2026-02-28 04:56:35,UPI,rooftop,meet-recording/data_sheets_historical/mangal all data sheet/PTM ROOFTOP/TMV ROOFTOP - FEBRUARY 2026.xlsx,
2026-02-27 17:36:39,73.0,0.0,0.0,73.0,YESAP60592326023,2026-02-28 04:56:35,UPI,rooftop,meet-recording/data_sheets_historical/mangal all data sheet/PTM ROOFTOP/TMV ROOFTOP - FEBRUARY 2026.xlsx,
2026-02-27 20:12:34,1492.0,0.0,0.0,1492.0,YESAP60592326023,2026-02-28 04:56:35,UPI,rooftop,meet-recording/data_sheets_historical/mangal all data sheet/PTM ROOFTOP/TMV ROOFTOP - FEBRUARY 2026.xlsx,
2026-02-27 20:30:45,310.0,0.0,0.0,310.0,YESAP60592326023,2026-02-28 04:56:35,UPI,rooftop,meet-recording/data_sheets_historical/mangal all data sheet/PTM ROOFTOP/TMV ROOFTOP - FEBRUARY 2026.xlsx,
2026-02-27 20:38:35,937.0,0.0,0.0,937.0,YESAP60592326023,2026-02-28 04:56:35,UPI,rooftop,meet-recording/data_sheets_historical/mangal all data sheet/PTM ROOFTOP/TMV ROOFTOP - FEBRUARY 2026.xlsx,
2026-02-27 20:40:55,1067.0,16.01,0.0,1050.99,YESAP60592326023,2026-02-28 04:56:35,CREDIT_CARD,rooftop,meet-recording/data_sheets_historical/mangal all data sheet/PTM ROOFTOP/TMV ROOFTOP - FEBRUARY 2026.xlsx,
2026-02-27 20:54:31,20.0,0.0,0.0,20.0,YESAP60592326023,2026-02-28 04:56:35,UPI,rooftop,meet-recording/data_sheets_historical/mangal all data sheet/PTM ROOFTOP/TMV ROOFTOP - FEBRUARY 2026.xlsx,
2026-02-27 21:31:45,640.0,0.0,0.0,640.0,YESAP60592326023,2026-02-28 04:56:35,UPI,rooftop,meet-recording/data_sheets_historical/mangal all data sheet/PTM ROOFTOP/TMV ROOFTOP - FEBRUARY 2026.xlsx,
2026-02-27 21:39:55,734.0,0.0,0.0,734.0,YESAP60592326023,2026-02-28 04:56:35,UPI,rooftop,meet-recording/data_sheets_historical/mangal all data sheet/PTM ROOFTOP/TMV ROOFTOP - FEBRUARY 2026.xlsx,
2026-02-27 21:56:06,1306.0,35.92,0.0,1270.08,YESAP60592326023,2026-02-28 04:56:35,CREDIT_CARD,rooftop,meet-recording/data_sheets_historical/mangal all data sheet/PTM ROOFTOP/TMV ROOFTOP - FEBRUARY 2026.xlsx,
2026-02-27 21:57:53,838.0,0.0,0.0,838.0,YESAP60592326023,2026-02-28 04:56:35,UPI,rooftop,meet-recording/data_sheets_historical/mangal all data sheet/PTM ROOFTOP/TMV ROOFTOP - FEBRUARY 2026.xlsx,
2026-02-27 22:18:13,2250.0,0.0,0.0,2250.0,YESAP60592326023,2026-02-28 04:56:35,UPI,rooftop,meet-recording/data_sheets_historical/mangal all data sheet/PTM ROOFTOP/TMV ROOFTOP - FEBRUARY 2026.xlsx,
2026-02-27 22:18:16,269.0,6.19,1.11,261.7,YESAP60592326023,2026-02-28 04:56:35,UPI_CREDIT_CARD,rooftop,meet-recording/data_sheets_historical/mangal all data sheet/PTM ROOFTOP/TMV ROOFTOP - FEBRUARY 2026.xlsx,
2026-02-27 22:23:10,1317.0,19.76,0.0,1297.24,YESAP60592326023,2026-02-28 04:56:35,CREDIT_CARD,rooftop,meet-recording/data_sheets_historical/mangal all data sheet/PTM ROOFTOP/TMV ROOFTOP - FEBRUARY 2026.xlsx,
2026-02-27 22:27:52,20.0,0.46,0.08,19.46,YESAP60592326023,2026-02-28 04:56:35,UPI_CREDIT_CARD,rooftop,meet-recording/data_sheets_historical/mangal all data sheet/PTM ROOFTOP/TMV ROOFTOP - FEBRUARY 2026.xlsx,
2026-02-27 22:37:18,708.0,10.62,0.0,697.38,YESAP60592326023,2026-02-28 04:56:35,CREDIT_CARD,rooftop,meet-recording/data_sheets_historical/mangal all data sheet/PTM ROOFTOP/TMV ROOFTOP - FEBRUARY 2026.xlsx,
2026-02-27 22:39:08,239.0,0.0,0.0,239.0,YESAP60592326023,2026-02-28 04:56:35,UPI,rooftop,meet-recording/data_sheets_historical/mangal all data sheet/PTM ROOFTOP/TMV ROOFTOP - FEBRUARY 2026.xlsx,
2026-02-27 22:53:51,3913.0,0.0,0.0,3913.0,YESAP60592326023,2026-02-28 04:56:35,UPI,rooftop,meet-recording/data_sheets_historical/mangal all data sheet/PTM ROOFTOP/TMV ROOFTOP - FEBRUARY 2026.xlsx,
2026-02-27 22:59:37,798.0,0.0,0.0,798.0,YESAP60592326023,2026-02-28 04:56:35,UPI,rooftop,meet-recording/data_sheets_historical/mangal all data sheet/PTM ROOFTOP/TMV ROOFTOP - FEBRUARY 2026.xlsx,
2026-02-27 23:01:13,269.0,6.19,1.11,261.7,YESAP60592326023,2026-02-28 04:56:35,UPI_CREDIT_CARD,rooftop,meet-recording/data_sheets_historical/mangal all data sheet/PTM ROOFTOP/TMV ROOFTOP - FEBRUARY 2026.xlsx,
2026-02-27 23:34:50,1094.0,0.0,0.0,1094.0,YESAP60592326023,2026-02-28 04:56:35,UPI,rooftop,meet-recording/data_sheets_historical/mangal all data sheet/PTM ROOFTOP/TMV ROOFTOP - FEBRUARY 2026.xlsx,
,,,,,,,,rooftop,meet-recording/data_sheets_historical/mangal all data sheet/PTM ROOFTOP/TMV ROOFTOP - FEBRUARY 2026.xlsx,
2026-02-28 10:21:21,20.0,0.0,0.0,20.0,YESAP60601576267,2026-03-01 04:08:20,UPI,rooftop,meet-recording/data_sheets_historical/mangal all data sheet/PTM ROOFTOP/TMV ROOFTOP - FEBRUARY 2026.xlsx,
2026-02-28 14:33:57,996.0,0.0,0.0,996.0,YESAP60601576267,2026-03-01 04:08:20,UPI,rooftop,meet-recording/data_sheets_historical/mangal all data sheet/PTM ROOFTOP/TMV ROOFTOP - FEBRUARY 2026.xlsx,
2026-02-28 15:44:24,160.0,0.0,0.0,160.0,YESAP60601576267,2026-03-01 04:08:20,UPI,rooftop,meet-recording/data_sheets_historical/mangal all data sheet/PTM ROOFTOP/TMV ROOFTOP - FEBRUARY 2026.xlsx,
2026-02-28 15:54:12,120.0,0.0,0.0,120.0,YESAP60601576267,2026-03-01 04:08:20,UPI,rooftop,meet-recording/data_sheets_historical/mangal all data sheet/PTM ROOFTOP/TMV ROOFTOP - FEBRUARY 2026.xlsx,
2026-02-28 16:31:56,584.0,0.0,0.0,584.0,YESAP60601576267,2026-03-01 04:08:20,UPI,rooftop,meet-recording/data_sheets_historical/mangal all data sheet/PTM ROOFTOP/TMV ROOFTOP - FEBRUARY 2026.xlsx,
2026-02-28 17:00:57,2060.0,0.0,0.0,2060.0,YESAP60601576267,2026-03-01 04:08:20,UPI,rooftop,meet-recording/data_sheets_historical/mangal all data sheet/PTM ROOFTOP/TMV ROOFTOP - FEBRUARY 2026.xlsx,
2026-02-28 17:32:57,60.0,0.0,0.0,60.0,YESAP60601576267,2026-03-01 04:08:20,UPI,rooftop,meet-recording/data_sheets_historical/mangal all data sheet/PTM ROOFTOP/TMV ROOFTOP - FEBRUARY 2026.xlsx,
2026-02-28 20:11:05,638.0,0.0,0.0,638.0,YESAP60601576267,2026-03-01 04:08:20,UPI,rooftop,meet-recording/data_sheets_historical/mangal all data sheet/PTM ROOFTOP/TMV ROOFTOP - FEBRUARY 2026.xlsx,
2026-02-28 20:20:43,1257.0,28.91,5.2,1222.89,YESAP60601576267,2026-03-01 04:08:20,UPI_CREDIT_CARD,rooftop,meet-recording/data_sheets_historical/mangal all data sheet/PTM ROOFTOP/TMV ROOFTOP - FEBRUARY 2026.xlsx,
2026-02-28 20:20:59,2002.0,18.02,3.24,1980.74,YESAP60601576267,2026-03-01 04:08:20,DEBIT_CARD,rooftop,meet-recording/data_sheets_historical/mangal all data sheet/PTM ROOFTOP/TMV ROOFTOP - FEBRUARY 2026.xlsx,
2026-02-28 20:44:12,2282.0,79.87,14.38,2187.75,YESAP60601576267,2026-03-01 04:08:20,DEBIT_CARD,rooftop,meet-recording/data_sheets_historical/mangal all data sheet/PTM ROOFTOP/TMV ROOFTOP - FEBRUARY 2026.xlsx,
2026-02-28 20:48:10,479.0,0.0,0.0,479.0,YESAP60601576267,2026-03-01 04:08:20,UPI,rooftop,meet-recording/data_sheets_historical/mangal all data sheet/PTM ROOFTOP/TMV ROOFTOP - FEBRUARY 2026.xlsx,
2026-02-28 20:54:10,838.0,0.0,0.0,838.0,YESAP60601576267,2026-03-01 04:08:20,UPI,rooftop,meet-recording/data_sheets_historical/mangal all data sheet/PTM ROOFTOP/TMV ROOFTOP - FEBRUARY 2026.xlsx,
2026-02-28 21:34:27,1067.0,0.0,0.0,1067.0,YESAP60601576267,2026-03-01 04:08:20,UPI,rooftop,meet-recording/data_sheets_historical/mangal all data sheet/PTM ROOFTOP/TMV ROOFTOP - FEBRUARY 2026.xlsx,
2026-02-28 21:38:50,1066.0,0.0,0.0,1066.0,YESAP60601576267,2026-03-01 04:08:20,UPI,rooftop,meet-recording/data_sheets_historical/mangal all data sheet/PTM ROOFTOP/TMV ROOFTOP - FEBRUARY 2026.xlsx,
2026-02-28 21:40:59,509.0,0.0,0.0,509.0,YESAP60601576267,2026-03-01 04:08:20,UPI,rooftop,meet-recording/data_sheets_historical/mangal all data sheet/PTM ROOFTOP/TMV ROOFTOP - FEBRUARY 2026.xlsx,
2026-02-28 22:01:02,668.0,0.0,0.0,668.0,YESAP60601576267,2026-03-01 04:08:20,UPI,rooftop,meet-recording/data_sheets_historical/mangal all data sheet/PTM ROOFTOP/TMV ROOFTOP - FEBRUARY 2026.xlsx,
2026-02-28 22:09:25,120.0,0.0,0.0,120.0,YESAP60601576267,2026-03-01 04:08:20,UPI,rooftop,meet-recording/data_sheets_historical/mangal all data sheet/PTM ROOFTOP/TMV ROOFTOP - FEBRUARY 2026.xlsx,
2026-02-28 22:18:03,947.0,21.78,3.92,921.3,YESAP60601576267,2026-03-01 04:08:20,UPI_CREDIT_CARD,rooftop,meet-recording/data_sheets_historical/mangal all data sheet/PTM ROOFTOP/TMV ROOFTOP - FEBRUARY 2026.xlsx,
2026-02-28 22:36:22,599.0,0.0,0.0,599.0,YESAP60601576267,2026-03-01 04:08:20,UPI,rooftop,meet-recording/data_sheets_historical/mangal all data sheet/PTM ROOFTOP/TMV ROOFTOP - FEBRUARY 2026.xlsx,
2026-01-01 00:15:58,120.0,0.0,0.0,120.0,YESAP60021140361,2026-01-02 04:15:09,UPI,rooftop,meet-recording/data_sheets_historical/mangal all data sheet/PTM ROOFTOP/TMV ROOFTOP - JANUARY 2026.xlsx,
2026-01-01 07:53:12,120.0,0.0,0.0,120.0,YESAP60021140361,2026-01-02 04:15:09,UPI,rooftop,meet-recording/data_sheets_historical/mangal all data sheet/PTM ROOFTOP/TMV ROOFTOP - JANUARY 2026.xlsx,
2026-01-01 08:01:03,60.0,0.0,0.0,60.0,YESAP60021140361,2026-01-02 04:15:09,UPI,rooftop,meet-recording/data_sheets_historical/mangal all data sheet/PTM ROOFTOP/TMV ROOFTOP - JANUARY 2026.xlsx,
2026-01-01 09:07:43,60.0,0.0,0.0,60.0,YESAP60021140361,2026-01-02 04:15:09,UPI,rooftop,meet-recording/data_sheets_historical/mangal all data sheet/PTM ROOFTOP/TMV ROOFTOP - JANUARY 2026.xlsx,
2026-01-01 09:29:43,150.0,0.0,0.0,150.0,YESAP60021140361,2026-01-02 04:15:09,UPI_PPIWALLET,rooftop,meet-recording/data_sheets_historical/mangal all data sheet/PTM ROOFTOP/TMV ROOFTOP - JANUARY 2026.xlsx,
2026-01-01 09:31:21,300.0,6.75,1.22,292.03,YESAP60021140361,2026-01-02 04:15:09,UPI_CREDIT_CARD,rooftop,meet-recording/data_sheets_historical/mangal all data sheet/PTM ROOFTOP/TMV ROOFTOP - JANUARY 2026.xlsx,
2026-01-01 09:57:48,600.0,0.0,0.0,600.0,YESAP60021140361,2026-01-02 04:15:09,UPI,rooftop,meet-recording/data_sheets_historical/mangal all data sheet/PTM ROOFTOP/TMV ROOFTOP - JANUARY 2026.xlsx,
2026-01-01 12:43:52,65.0,1.46,0.26,63.28,YESAP60021140361,2026-01-02 04:15:09,UPI_CREDIT_CARD,rooftop,meet-recording/data_sheets_historical/mangal all data sheet/PTM ROOFTOP/TMV ROOFTOP - JANUARY 2026.xlsx,
2026-01-01 15:06:10,600.0,0.0,0.0,600.0,YESAP60021140361,2026-01-02 04:15:09,UPI,rooftop,meet-recording/data_sheets_historical/mangal all data sheet/PTM ROOFTOP/TMV ROOFTOP - JANUARY 2026.xlsx,
2026-01-01 15:38:21,190.0,4.28,0.77,184.95,YESAP60021140361,2026-01-02 04:15:09,UPI_CREDIT_CARD,rooftop,meet-recording/data_sheets_historical/mangal all data sheet/PTM ROOFTOP/TMV ROOFTOP - JANUARY 2026.xlsx,
2026-01-01 17:00:53,3919.0,0.0,0.0,3919.0,YESAP60021140361,2026-01-02 04:15:09,UPI,rooftop,meet-recording/data_sheets_historical/mangal all data sheet/PTM ROOFTOP/TMV ROOFTOP - JANUARY 2026.xlsx,
2026-01-01 17:17:28,130.0,0.0,0.0,130.0,YESAP60021140361,2026-01-02 04:15:09,UPI_LITE,rooftop,meet-recording/data_sheets_historical/mangal all data sheet/PTM ROOFTOP/TMV ROOFTOP - JANUARY 2026.xlsx,
2026-01-01 20:10:29,419.0,0.0,0.0,419.0,YESAP60021140361,2026-01-02 04:15:09,UPI,rooftop,meet-recording/data_sheets_historical/mangal all data sheet/PTM ROOFTOP/TMV ROOFTOP - JANUARY 2026.xlsx,
2026-01-01 20:20:11,438.0,0.0,0.0,438.0,YESAP60021140361,2026-01-02 04:15:09,UPI,rooftop,meet-recording/data_sheets_historical/mangal all data sheet/PTM ROOFTOP/TMV ROOFTOP - JANUARY 2026.xlsx,
2026-01-01 20:24:53,1037.0,23.33,4.2,1009.47,YESAP60021140361,2026-01-02 04:15:09,UPI_CREDIT_CARD,rooftop,meet-recording/data_sheets_historical/mangal all data sheet/PTM ROOFTOP/TMV ROOFTOP - JANUARY 2026.xlsx,
2026-01-01 20:46:51,1431.0,50.09,0.0,1380.91,YESAP60021140361,2026-01-02 04:15:09,DEBIT_CARD,rooftop,meet-recording/data_sheets_historical/mangal all data sheet/PTM ROOFTOP/TMV ROOFTOP - JANUARY 2026.xlsx,
2026-01-01 20:52:45,778.0,17.51,3.15,757.34,YESAP60021140361,2026-01-02 04:15:09,UPI_CREDIT_CARD,rooftop,meet-recording/data_sheets_historical/mangal all data sheet/PTM ROOFTOP/TMV ROOFTOP - JANUARY 2026.xlsx,
2026-01-01 21:18:07,65.0,1.46,0.26,63.28,YESAP60021140361,2026-01-02 04:15:09,UPI_CREDIT_CARD,rooftop,meet-recording/data_sheets_historical/mangal all data sheet/PTM ROOFTOP/TMV ROOFTOP - JANUARY 2026.xlsx,
2026-01-01 21:30:06,873.0,0.0,0.0,873.0,YESAP60021140361,2026-01-02 04:15:09,UPI,rooftop,meet-recording/data_sheets_historical/mangal all data sheet/PTM ROOFTOP/TMV ROOFTOP - JANUARY 2026.xlsx,
2026-01-01 21:43:53,2184.0,0.0,0.0,2184.0,YESAP60021140361,2026-01-02 04:15:09,UPI,rooftop,meet-recording/data_sheets_historical/mangal all data sheet/PTM ROOFTOP/TMV ROOFTOP - JANUARY 2026.xlsx,
2026-01-01 21:46:02,877.0,19.73,3.55,853.72,YESAP60021140361,2026-01-02 04:15:09,UPI_CREDIT_CARD,rooftop,meet-recording/data_sheets_historical/mangal all data sheet/PTM ROOFTOP/TMV ROOFTOP - JANUARY 2026.xlsx,
2026-01-01 21:53:08,797.0,0.0,0.0,797.0,YESAP60021140361,2026-01-02 04:15:09,UPI,rooftop,meet-recording/data_sheets_historical/mangal all data sheet/PTM ROOFTOP/TMV ROOFTOP - JANUARY 2026.xlsx,
2026-01-01 22:02:42,827.0,0.0,0.0,827.0,YESAP60021140361,2026-01-02 04:15:09,UPI,rooftop,meet-recording/data_sheets_historical/mangal all data sheet/PTM ROOFTOP/TMV ROOFTOP - JANUARY 2026.xlsx,
2026-01-01 22:18:53,388.0,0.0,0.0,388.0,YESAP60021140361,2026-01-02 04:15:09,UPI,rooftop,meet-recording/data_sheets_historical/mangal all data sheet/PTM ROOFTOP/TMV ROOFTOP - JANUARY 2026.xlsx,
2026-01-01 22:30:11,943.0,0.0,0.0,943.0,YESAP60021140361,2026-01-02 04:15:09,UPI,rooftop,meet-recording/data_sheets_historical/mangal all data sheet/PTM ROOFTOP/TMV ROOFTOP - JANUARY 2026.xlsx,
2026-01-01 22:33:45,1146.0,0.0,0.0,1146.0,YESAP60021140361,2026-01-02 04:15:09,UPI,rooftop,meet-recording/data_sheets_historical/mangal all data sheet/PTM ROOFTOP/TMV ROOFTOP - JANUARY 2026.xlsx,
2026-01-01 22:36:43,20.0,0.0,0.0,20.0,YESAP60021140361,2026-01-02 04:15:09,UPI,rooftop,meet-recording/data_sheets_historical/mangal all data sheet/PTM ROOFTOP/TMV ROOFTOP - JANUARY 2026.xlsx,
2026-01-01 22:52:41,3429.0,0.0,0.0,3429.0,YESAP60021140361,2026-01-02 04:15:09,UPI,rooftop,meet-recording/data_sheets_historical/mangal all data sheet/PTM ROOFTOP/TMV ROOFTOP - JANUARY 2026.xlsx,
2026-01-01 23:05:36,40.0,0.0,0.0,40.0,YESAP60021140361,2026-01-02 04:15:09,UPI,rooftop,meet-recording/data_sheets_historical/mangal all data sheet/PTM ROOFTOP/TMV ROOFTOP - JANUARY 2026.xlsx,
2026-01-01 23:17:29,827.0,0.0,0.0,827.0,YESAP60021140361,2026-01-02 04:15:09,UPI,rooftop,meet-recording/data_sheets_historical/mangal all data sheet/PTM ROOFTOP/TMV ROOFTOP - JANUARY 2026.xlsx,
2026-01-01 23:34:18,40.0,0.0,0.0,40.0,YESAP60021140361,2026-01-02 04:15:09,UPI,rooftop,meet-recording/data_sheets_historical/mangal all data sheet/PTM ROOFTOP/TMV ROOFTOP - JANUARY 2026.xlsx,
2026-01-01 23:40:34,2879.0,0.0,0.0,2879.0,YESAP60021140361,2026-01-02 04:15:09,UPI,rooftop,meet-recording/data_sheets_historical/mangal all data sheet/PTM ROOFTOP/TMV ROOFTOP - JANUARY 2026.xlsx,
,,,,,,,,rooftop,meet-recording/data_sheets_historical/mangal all data sheet/PTM ROOFTOP/TMV ROOFTOP - JANUARY 2026.xlsx,
2026-01-02 08:36:36,450.0,0.0,0.0,450.0,YESAP60031498160,2026-01-03 04:11:57,UPI,rooftop,meet-recording/data_sheets_historical/mangal all data sheet/PTM ROOFTOP/TMV ROOFTOP - JANUARY 2026.xlsx,
2026-01-02 09:03:22,219.0,4.93,0.89,213.18,YESAP60031498160,2026-01-03 04:11:57,UPI_CREDIT_CARD,rooftop,meet-recording/data_sheets_historical/mangal all data sheet/PTM ROOFTOP/TMV ROOFTOP - JANUARY 2026.xlsx,
2026-01-02 10:45:13,70.0,0.0,0.0,70.0,YESAP60031498160,2026-01-03 04:11:57,UPI,rooftop,meet-recording/data_sheets_historical/mangal all data sheet/PTM ROOFTOP/TMV ROOFTOP - JANUARY 2026.xlsx,
2026-01-02 14:00:10,1500.0,0.0,0.0,1500.0,YESAP60031498160,2026-01-03 04:11:57,UPI,rooftop,meet-recording/data_sheets_historical/mangal all data sheet/PTM ROOFTOP/TMV ROOFTOP - JANUARY 2026.xlsx,
2026-01-02 14:17:33,349.0,0.0,0.0,349.0,YESAP60031498160,2026-01-03 04:11:57,UPI,rooftop,meet-recording/data_sheets_historical/mangal all data sheet/PTM ROOFTOP/TMV ROOFTOP - JANUARY 2026.xlsx,
2026-01-02 17:04:14,419.0,0.0,0.0,419.0,YESAP60031498160,2026-01-03 04:11:57,UPI,rooftop,meet-recording/data_sheets_historical/mangal all data sheet/PTM ROOFTOP/TMV ROOFTOP - JANUARY 2026.xlsx,
2026-01-02 17:26:38,180.0,0.0,0.0,180.0,YESAP60031498160,2026-01-03 04:11:57,UPI,rooftop,meet-recording/data_sheets_historical/mangal all data sheet/PTM ROOFTOP/TMV ROOFTOP - JANUARY 2026.xlsx,
2026-01-02 18:09:29,60.0,1.35,0.24,58.41,YESAP60031498160,2026-01-03 04:11:57,UPI_CREDIT_CARD,rooftop,meet-recording/data_sheets_historical/mangal all data sheet/PTM ROOFTOP/TMV ROOFTOP - JANUARY 2026.xlsx,
2026-01-02 18:30:56,180.0,0.0,0.0,180.0,YESAP60031498160,2026-01-03 04:11:57,UPI,rooftop,meet-recording/data_sheets_historical/mangal all data sheet/PTM ROOFTOP/TMV ROOFTOP - JANUARY 2026.xlsx,
2026-01-02 19:06:17,1995.0,7.98,0.0,1987.02,YESAP60031498160,2026-01-03 04:11:57,DEBIT_CARD,rooftop,meet-recording/data_sheets_historical/mangal all data sheet/PTM ROOFTOP/TMV ROOFTOP - JANUARY 2026.xlsx,
2026-01-02 20:24:11,469.0,0.0,0.0,469.0,YESAP60031498160,2026-01-03 04:11:57,UPI,rooftop,meet-recording/data_sheets_historical/mangal all data sheet/PTM ROOFTOP/TMV ROOFTOP - JANUARY 2026.xlsx,
2026-01-02 20:31:17,439.0,0.0,0.0,439.0,YESAP60031498160,2026-01-03 04:11:57,UPI,rooftop,meet-recording/data_sheets_historical/mangal all data sheet/PTM ROOFTOP/TMV ROOFTOP - JANUARY 2026.xlsx,
2026-01-02 20:47:16,1244.0,0.0,0.0,1244.0,YESAP60031498160,2026-01-03 04:11:57,UPI,rooftop,meet-recording/data_sheets_historical/mangal all data sheet/PTM ROOFTOP/TMV ROOFTOP - JANUARY 2026.xlsx,
2026-01-02 21:05:21,40.0,0.0,0.0,40.0,YESAP60031498160,2026-01-03 04:11:57,UPI,rooftop,meet-recording/data_sheets_historical/mangal all data sheet/PTM ROOFTOP/TMV ROOFTOP - JANUARY 2026.xlsx,
2026-01-02 21:15:14,99.0,0.0,0.0,99.0,YESAP60031498160,2026-01-03 04:11:57,UPI,rooftop,meet-recording/data_sheets_historical/mangal all data sheet/PTM ROOFTOP/TMV ROOFTOP - JANUARY 2026.xlsx,
2026-01-02 22:02:43,60.0,1.35,0.24,58.41,YESAP60031498160,2026-01-03 04:11:57,UPI_CREDIT_CARD,rooftop,meet-recording/data_sheets_historical/mangal all data sheet/PTM ROOFTOP/TMV ROOFTOP - JANUARY 2026.xlsx,
,,,,,,,,rooftop,meet-recording/data_sheets_historical/mangal all data sheet/PTM ROOFTOP/TMV ROOFTOP - JANUARY 2026.xlsx,
2026-01-03 09:23:29,900.0,0.0,0.0,900.0,YESAP60040094172,2026-01-04 02:14:19,UPI,rooftop,meet-recording/data_sheets_historical/mangal all data sheet/PTM ROOFTOP/TMV ROOFTOP - JANUARY 2026.xlsx,
2026-01-03 10:34:36,300.0,0.0,0.0,300.0,YESAP60040094172,2026-01-04 02:14:19,UPI,rooftop,meet-recording/data_sheets_historical/mangal all data sheet/PTM ROOFTOP/TMV ROOFTOP - JANUARY 2026.xlsx,
2026-01-03 12:14:47,1423.0,0.0,0.0,1423.0,YESAP60040094172,2026-01-04 02:14:19,UPI,rooftop,meet-recording/data_sheets_historical/mangal all data sheet/PTM ROOFTOP/TMV ROOFTOP - JANUARY 2026.xlsx,
2026-01-03 13:26:15,609.0,13.7,2.47,592.83,YESAP60040094172,2026-01-04 02:14:19,UPI_CREDIT_CARD,rooftop,meet-recording/data_sheets_historical/mangal all data sheet/PTM ROOFTOP/TMV ROOFTOP - JANUARY 2026.xlsx,
2026-01-03 13:35:27,817.0,0.0,0.0,817.0,YESAP60040094172,2026-01-04 02:14:19,UPI,rooftop,meet-recording/data_sheets_historical/mangal all data sheet/PTM ROOFTOP/TMV ROOFTOP - JANUARY 2026.xlsx,
2026-01-03 13:47:16,1022.0,0.0,0.0,1022.0,YESAP60040094172,2026-01-04 02:14:19,UPI,rooftop,meet-recording/data_sheets_historical/mangal all data sheet/PTM ROOFTOP/TMV ROOFTOP - JANUARY 2026.xlsx,
2026-01-03 13:47:18,1285.0,19.28,0.0,1265.72,YESAP60040094172,2026-01-04 02:14:19,CREDIT_CARD,rooftop,meet-recording/data_sheets_historical/mangal all data sheet/PTM ROOFTOP/TMV ROOFTOP - JANUARY 2026.xlsx,
2026-01-03 14:02:22,888.0,0.0,0.0,888.0,YESAP60040094172,2026-01-04 02:14:19,UPI,rooftop,meet-recording/data_sheets_historical/mangal all data sheet/PTM ROOFTOP/TMV ROOFTOP - JANUARY 2026.xlsx,
2026-01-03 14:32:13,777.0,0.0,0.0,777.0,YESAP60040094172,2026-01-04 02:14:19,UPI,rooftop,meet-recording/data_sheets_historical/mangal all data sheet/PTM ROOFTOP/TMV ROOFTOP - JANUARY 2026.xlsx,
2026-01-03 14:40:45,200.0,0.0,0.0,200.0,YESAP60040094172,2026-01-04 02:14:19,UPI,rooftop,meet-recording/data_sheets_historical/mangal all data sheet/PTM ROOFTOP/TMV ROOFTOP - JANUARY 2026.xlsx,
2026-01-03 14:57:56,180.0,0.0,0.0,180.0,YESAP60040094172,2026-01-04 02:14:19,UPI,rooftop,meet-recording/data_sheets_historical/mangal all data sheet/PTM ROOFTOP/TMV ROOFTOP - JANUARY 2026.xlsx,
2026-01-03 14:59:49,249.0,0.0,0.0,249.0,YESAP60040094172,2026-01-04 02:14:19,UPI,rooftop,meet-recording/data_sheets_historical/mangal all data sheet/PTM ROOFTOP/TMV ROOFTOP - JANUARY 2026.xlsx,
2026-01-03 15:45:10,1322.0,0.0,0.0,1322.0,YESAP60040094172,2026-01-04 02:14:19,UPI,rooftop,meet-recording/data_sheets_historical/mangal all data sheet/PTM ROOFTOP/TMV ROOFTOP - JANUARY 2026.xlsx,
2026-01-03 15:54:31,1906.0,0.0,0.0,1906.0,YESAP60040094172,2026-01-04 02:14:19,UPI,rooftop,meet-recording/data_sheets_historical/mangal all data sheet/PTM ROOFTOP/TMV ROOFTOP - JANUARY 2026.xlsx,
2026-01-03 16:58:52,180.0,4.05,0.73,175.22,YESAP60040094172,2026-01-04 02:14:19,UPI_CREDIT_CARD,rooftop,meet-recording/data_sheets_historical/mangal all data sheet/PTM ROOFTOP/TMV ROOFTOP - JANUARY 2026.xlsx,
2026-01-03 17:24:12,60.0,1.35,0.24,58.41,YESAP60040094172,2026-01-04 02:14:19,UPI_CREDIT_CARD,rooftop,meet-recording/data_sheets_historical/mangal all data sheet/PTM ROOFTOP/TMV ROOFTOP - JANUARY 2026.xlsx,
2026-01-03 17:28:53,937.0,14.06,0.0,922.94,YESAP60040094172,2026-01-04 02:14:19,CREDIT_CARD,rooftop,meet-recording/data_sheets_historical/mangal all data sheet/PTM ROOFTOP/TMV ROOFTOP - JANUARY 2026.xlsx,
2026-01-03 18:39:18,131.0,0.0,0.0,131.0,YESAP60040094172,2026-01-04 02:14:19,UPI,rooftop,meet-recording/data_sheets_historical/mangal all data sheet/PTM ROOFTOP/TMV ROOFTOP - JANUARY 2026.xlsx,
2026-01-03 18:55:26,708.0,2.83,0.0,705.17,YESAP60040094172,2026-01-04 02:14:19,DEBIT_CARD,rooftop,meet-recording/data_sheets_historical/mangal all data sheet/PTM ROOFTOP/TMV ROOFTOP - JANUARY 2026.xlsx,
2026-01-03 19:34:11,299.0,6.73,1.21,291.06,YESAP60040094172,2026-01-04 02:14:19,UPI_CREDIT_CARD,rooftop,meet-recording/data_sheets_historical/mangal all data sheet/PTM ROOFTOP/TMV ROOFTOP - JANUARY 2026.xlsx,
2026-01-03 19:41:01,60.0,0.0,0.0,60.0,YESAP60040094172,2026-01-04 02:14:19,UPI,rooftop,meet-recording/data_sheets_historical/mangal all data sheet/PTM ROOFTOP/TMV ROOFTOP - JANUARY 2026.xlsx,
2026-01-03 20:11:09,60.0,1.35,0.24,58.41,YESAP60040094172,2026-01-04 02:14:19,UPI_CREDIT_CARD,rooftop,meet-recording/data_sheets_historical/mangal all data sheet/PTM ROOFTOP/TMV ROOFTOP - JANUARY 2026.xlsx,
2026-01-03 20:33:41,868.0,0.0,0.0,868.0,YESAP60040094172,2026-01-04 02:14:19,UPI,rooftop,meet-recording/data_sheets_historical/mangal all data sheet/PTM ROOFTOP/TMV ROOFTOP - JANUARY 2026.xlsx,
2026-01-03 20:43:44,797.0,0.0,0.0,797.0,YESAP60040094172,2026-01-04 02:14:19,UPI,rooftop,meet-recording/data_sheets_historical/mangal all data sheet/PTM ROOFTOP/TMV ROOFTOP - JANUARY 2026.xlsx,
2026-01-03 21:07:59,518.0,11.66,2.1,504.24,YESAP60040094172,2026-01-04 02:14:19,UPI_CREDIT_CARD,rooftop,meet-recording/data_sheets_historical/mangal all data sheet/PTM ROOFTOP/TMV ROOFTOP - JANUARY 2026.xlsx,
2026-01-03 21:09:20,299.0,6.73,1.21,291.06,YESAP60040094172,2026-01-04 02:14:19,UPI_CREDIT_CARD,rooftop,meet-recording/data_sheets_historical/mangal all data sheet/PTM ROOFTOP/TMV ROOFTOP - JANUARY 2026.xlsx,
2026-01-03 21:30:33,20.0,0.0,0.0,20.0,YESAP60040094172,2026-01-04 02:14:19,UPI,rooftop,meet-recording/data_sheets_historical/mangal all data sheet/PTM ROOFTOP/TMV ROOFTOP - JANUARY 2026.xlsx,
2026-01-03 21:40:35,1146.0,4.58,0.0,1141.42,YESAP60040094172,2026-01-04 02:14:19,DEBIT_CARD,rooftop,meet-recording/data_sheets_historical/mangal all data sheet/PTM ROOFTOP/TMV ROOFTOP - JANUARY 2026.xlsx,
2026-01-03 21:44:26,648.0,0.0,0.0,648.0,YESAP60040094172,2026-01-04 02:14:19,UPI,rooftop,meet-recording/data_sheets_historical/mangal all data sheet/PTM ROOFTOP/TMV ROOFTOP - JANUARY 2026.xlsx,
2026-01-03 22:00:08,1147.0,0.0,0.0,1147.0,YESAP60040094172,2026-01-04 02:14:19,UPI,rooftop,meet-recording/data_sheets_historical/mangal all data sheet/PTM ROOFTOP/TMV ROOFTOP - JANUARY 2026.xlsx,
2026-01-03 22:13:20,40.0,0.0,0.0,40.0,YESAP60040094172,2026-01-04 02:14:19,UPI,rooftop,meet-recording/data_sheets_historical/mangal all data sheet/PTM ROOFTOP/TMV ROOFTOP - JANUARY 2026.xlsx,
2026-01-03 22:31:35,40.0,0.0,0.0,40.0,YESAP60040094172,2026-01-04 02:14:19,UPI,rooftop,meet-recording/data_sheets_historical/mangal all data sheet/PTM ROOFTOP/TMV ROOFTOP - JANUARY 2026.xlsx,
2026-01-03 22:32:31,60.0,0.0,0.0,60.0,YESAP60040094172,2026-01-04 02:14:19,UPI,rooftop,meet-recording/data_sheets_historical/mangal all data sheet/PTM ROOFTOP/TMV ROOFTOP - JANUARY 2026.xlsx,
2026-01-03 22:43:24,1575.0,0.0,0.0,1575.0,YESAP60040094172,2026-01-04 02:14:19,UPI,rooftop,meet-recording/data_sheets_historical/mangal all data sheet/PTM ROOFTOP/TMV ROOFTOP - JANUARY 2026.xlsx,
2026-01-03 22:46:43,968.0,0.0,0.0,968.0,YESAP60040094172,2026-01-04 02:14:19,UPI,rooftop,meet-recording/data_sheets_historical/mangal all data sheet/PTM ROOFTOP/TMV ROOFTOP - JANUARY 2026.xlsx,
2026-01-03 22:49:00,40.0,0.0,0.0,40.0,YESAP60040094172,2026-01-04 02:14:19,UPI,rooftop,meet-recording/data_sheets_historical/mangal all data sheet/PTM ROOFTOP/TMV ROOFTOP - JANUARY 2026.xlsx,
,,,,,,,,rooftop,meet-recording/data_sheets_historical/mangal all data sheet/PTM ROOFTOP/TMV ROOFTOP - JANUARY 2026.xlsx,
2026-01-04 08:19:28,120.0,0.0,0.0,120.0,YESAP60050946571,2026-01-05 03:43:19,UPI,rooftop,meet-recording/data_sheets_historical/mangal all data sheet/PTM ROOFTOP/TMV ROOFTOP - JANUARY 2026.xlsx,
2026-01-04 10:32:34,420.0,0.0,0.0,420.0,YESAP60050946571,2026-01-05 03:43:19,UPI,rooftop,meet-recording/data_sheets_historical/mangal all data sheet/PTM ROOFTOP/TMV ROOFTOP - JANUARY 2026.xlsx,
2026-01-04 10:34:16,249.0,0.0,0.0,249.0,YESAP60050946571,2026-01-05 03:43:19,UPI,rooftop,meet-recording/data_sheets_historical/mangal all data sheet/PTM ROOFTOP/TMV ROOFTOP - JANUARY 2026.xlsx,
2026-01-04 11:34:32,40.0,0.9,0.16,38.94,YESAP60050946571,2026-01-05 03:43:19,UPI_CREDIT_CARD,rooftop,meet-recording/data_sheets_historical/mangal all data sheet/PTM ROOFTOP/TMV ROOFTOP - JANUARY 2026.xlsx,
2026-01-04 11:36:56,120.0,0.0,0.0,120.0,YESAP60050946571,2026-01-05 03:43:19,UPI,rooftop,meet-recording/data_sheets_historical/mangal all data sheet/PTM ROOFTOP/TMV ROOFTOP - JANUARY 2026.xlsx,
2026-01-04 11:38:03,538.0,0.0,0.0,538.0,YESAP60050946571,2026-01-05 03:43:19,UPI,rooftop,meet-recording/data_sheets_historical/mangal all data sheet/PTM ROOFTOP/TMV ROOFTOP - JANUARY 2026.xlsx,
2026-01-04 13:13:11,947.0,0.0,0.0,947.0,YESAP60050946571,2026-01-05 03:43:19,UPI,rooftop,meet-recording/data_sheets_historical/mangal all data sheet/PTM ROOFTOP/TMV ROOFTOP - JANUARY 2026.xlsx,
2026-01-04 13:33:55,1126.0,16.89,0.0,1109.11,YESAP60050946571,2026-01-05 03:43:19,CREDIT_CARD,rooftop,meet-recording/data_sheets_historical/mangal all data sheet/PTM ROOFTOP/TMV ROOFTOP - JANUARY 2026.xlsx,
2026-01-04 15:50:18,558.0,0.0,0.0,558.0,YESAP60050946571,2026-01-05 03:43:19,UPI,rooftop,meet-recording/data_sheets_historical/mangal all data sheet/PTM ROOFTOP/TMV ROOFTOP - JANUARY 2026.xlsx,
2026-01-04 15:54:06,2552.0,0.0,0.0,2552.0,YESAP60050946571,2026-01-05 03:43:19,UPI,rooftop,meet-recording/data_sheets_historical/mangal all data sheet/PTM ROOFTOP/TMV ROOFTOP - JANUARY 2026.xlsx,
2026-01-04 16:14:59,180.0,0.0,0.0,180.0,YESAP60050946571,2026-01-05 03:43:19,UPI,rooftop,meet-recording/data_sheets_historical/mangal all data sheet/PTM ROOFTOP/TMV ROOFTOP - JANUARY 2026.xlsx,
2026-01-04 19:51:21,237.0,0.0,0.0,237.0,YESAP60050946571,2026-01-05 03:43:19,UPI,rooftop,meet-recording/data_sheets_historical/mangal all data sheet/PTM ROOFTOP/TMV ROOFTOP - JANUARY 2026.xlsx,
2026-01-04 20:05:06,626.0,0.0,0.0,626.0,YESAP60050946571,2026-01-05 03:43:19,UPI,rooftop,meet-recording/data_sheets_historical/mangal all data sheet/PTM ROOFTOP/TMV ROOFTOP - JANUARY 2026.xlsx,
2026-01-04 20:16:13,1067.0,37.35,0.0,1029.65,YESAP60050946571,2026-01-05 03:43:19,CREDIT_CARD,rooftop,meet-recording/data_sheets_historical/mangal all data sheet/PTM ROOFTOP/TMV ROOFTOP - JANUARY 2026.xlsx,
2026-01-04 20:22:29,957.0,33.5,0.0,923.5,YESAP60050946571,2026-01-05 03:43:19,CREDIT_CARD,rooftop,meet-recording/data_sheets_historical/mangal all data sheet/PTM ROOFTOP/TMV ROOFTOP - JANUARY 2026.xlsx,
2026-01-04 20:23:18,179.0,0.0,0.0,179.0,YESAP60050946571,2026-01-05 03:43:19,UPI,rooftop,meet-recording/data_sheets_historical/mangal all data sheet/PTM ROOFTOP/TMV ROOFTOP - JANUARY 2026.xlsx,
2026-01-04 20:30:36,1156.0,0.0,0.0,1156.0,YESAP60050946571,2026-01-05 03:43:19,UPI,rooftop,meet-recording/data_sheets_historical/mangal all data sheet/PTM ROOFTOP/TMV ROOFTOP - JANUARY 2026.xlsx,
2026-01-04 20:30:45,518.0,0.0,0.0,518.0,YESAP60050946571,2026-01-05 03:43:19,UPI,rooftop,meet-recording/data_sheets_historical/mangal all data sheet/PTM ROOFTOP/TMV ROOFTOP - JANUARY 2026.xlsx,
2026-01-04 20:31:46,996.0,0.0,0.0,996.0,YESAP60050946571,2026-01-05 03:43:19,UPI,rooftop,meet-recording/data_sheets_historical/mangal all data sheet/PTM ROOFTOP/TMV ROOFTOP - JANUARY 2026.xlsx,
2026-01-04 20:37:58,1446.0,21.69,0.0,1424.31,YESAP60050946571,2026-01-05 03:43:19,CREDIT_CARD,rooftop,meet-recording/data_sheets_historical/mangal all data sheet/PTM ROOFTOP/TMV ROOFTOP - JANUARY 2026.xlsx,
2026-01-04 21:08:18,1247.0,0.0,0.0,1247.0,YESAP60050946571,2026-01-05 03:43:19,UPI,rooftop,meet-recording/data_sheets_historical/mangal all data sheet/PTM ROOFTOP/TMV ROOFTOP - JANUARY 2026.xlsx,
2026-01-04 21:24:11,1257.0,0.0,0.0,1257.0,YESAP60050946571,2026-01-05 03:43:19,UPI,rooftop,meet-recording/data_sheets_historical/mangal all data sheet/PTM ROOFTOP/TMV ROOFTOP - JANUARY 2026.xlsx,
2026-01-04 21:35:58,1047.0,0.0,0.0,1047.0,YESAP60050946571,2026-01-05 03:43:19,UPI,rooftop,meet-recording/data_sheets_historical/mangal all data sheet/PTM ROOFTOP/TMV ROOFTOP - JANUARY 2026.xlsx,
2026-01-04 22:05:31,40.0,0.0,0.0,40.0,YESAP60050946571,2026-01-05 03:43:19,UPI,rooftop,meet-recording/data_sheets_historical/mangal all data sheet/PTM ROOFTOP/TMV ROOFTOP - JANUARY 2026.xlsx,
2026-01-04 22:05:53,537.0,0.0,0.0,537.0,YESAP60050946571,2026-01-05 03:43:19,UPI_LITE,rooftop,meet-recording/data_sheets_historical/mangal all data sheet/PTM ROOFTOP/TMV ROOFTOP - JANUARY 2026.xlsx,
2026-01-04 22:23:23,568.0,12.78,2.3,552.92,YESAP60050946571,2026-01-05 03:43:19,UPI_CREDIT_CARD,rooftop,meet-recording/data_sheets_historical/mangal all data sheet/PTM ROOFTOP/TMV ROOFTOP - JANUARY 2026.xlsx,
2026-01-04 22:36:10,1097.0,0.0,0.0,1097.0,YESAP60050946571,2026-01-05 03:43:19,UPI,rooftop,meet-recording/data_sheets_historical/mangal all data sheet/PTM ROOFTOP/TMV ROOFTOP - JANUARY 2026.xlsx,
2026-01-04 22:59:04,788.0,0.0,0.0,788.0,YESAP60050946571,2026-01-05 03:43:19,UPI,rooftop,meet-recording/data_sheets_historical/mangal all data sheet/PTM ROOFTOP/TMV ROOFTOP - JANUARY 2026.xlsx,
2026-01-04 23:02:04,429.0,0.0,0.0,429.0,YESAP60050946571,2026-01-05 03:43:19,UPI,rooftop,meet-recording/data_sheets_historical/mangal all data sheet/PTM ROOFTOP/TMV ROOFTOP - JANUARY 2026.xlsx,
,,,,,,,,rooftop,meet-recording/data_sheets_historical/mangal all data sheet/PTM ROOFTOP/TMV ROOFTOP - JANUARY 2026.xlsx,
2026-01-05 07:22:07,120.0,0.0,0.0,120.0,YESAP60060062926,2026-01-06 01:42:48,UPI,rooftop,meet-recording/data_sheets_historical/mangal all data sheet/PTM ROOFTOP/TMV ROOFTOP - JANUARY 2026.xlsx,
2026-01-05 07:47:17,60.0,0.0,0.0,60.0,YESAP60060062926,2026-01-06 01:42:48,UPI,rooftop,meet-recording/data_sheets_historical/mangal all data sheet/PTM ROOFTOP/TMV ROOFTOP - JANUARY 2026.xlsx,
2026-01-05 08:09:36,20.0,0.0,0.0,20.0,YESAP60060062926,2026-01-06 01:42:48,UPI,rooftop,meet-recording/data_sheets_historical/mangal all data sheet/PTM ROOFTOP/TMV ROOFTOP - JANUARY 2026.xlsx,
2026-01-05 14:00:09,424.0,9.54,1.72,412.74,YESAP60060062926,2026-01-06 01:42:48,UPI_CREDIT_CARD,rooftop,meet-recording/data_sheets_historical/mangal all data sheet/PTM ROOFTOP/TMV ROOFTOP - JANUARY 2026.xlsx,
2026-01-05 14:09:06,60.0,1.35,0.24,58.41,YESAP60060062926,2026-01-06 01:42:48,UPI_CREDIT_CARD,rooftop,meet-recording/data_sheets_historical/mangal all data sheet/PTM ROOFTOP/TMV ROOFTOP - JANUARY 2026.xlsx,
2026-01-05 15:41:49,2573.0,0.0,0.0,2573.0,YESAP60060062926,2026-01-06 01:42:48,UPI,rooftop,meet-recording/data_sheets_historical/mangal all data sheet/PTM ROOFTOP/TMV ROOFTOP - JANUARY 2026.xlsx,
2026-01-05 15:44:28,618.0,0.0,0.0,618.0,YESAP60060062926,2026-01-06 01:42:48,UPI,rooftop,meet-recording/data_sheets_historical/mangal all data sheet/PTM ROOFTOP/TMV ROOFTOP - JANUARY 2026.xlsx,
2026-01-05 18:13:26,120.0,0.0,0.0,120.0,YESAP60060062926,2026-01-06 01:42:48,UPI,rooftop,meet-recording/data_sheets_historical/mangal all data sheet/PTM ROOFTOP/TMV ROOFTOP - JANUARY 2026.xlsx,
2026-01-05 18:56:17,210.0,0.0,0.0,210.0,YESAP60060062926,2026-01-06 01:42:48,UPI,rooftop,meet-recording/data_sheets_historical/mangal all data sheet/PTM ROOFTOP/TMV ROOFTOP - JANUARY 2026.xlsx,
2026-01-05 19:25:22,240.0,0.0,0.0,240.0,YESAP60060062926,2026-01-06 01:42:48,UPI,rooftop,meet-recording/data_sheets_historical/mangal all data sheet/PTM ROOFTOP/TMV ROOFTOP - JANUARY 2026.xlsx,
2026-01-05 19:26:50,80.0,0.0,0.0,80.0,YESAP60060062926,2026-01-06 01:42:48,UPI,rooftop,meet-recording/data_sheets_historical/mangal all data sheet/PTM ROOFTOP/TMV ROOFTOP - JANUARY 2026.xlsx,
2026-01-05 19:27:33,369.0,0.0,0.0,369.0,YESAP60060062926,2026-01-06 01:42:48,UPI,rooftop,meet-recording/data_sheets_historical/mangal all data sheet/PTM ROOFTOP/TMV ROOFTOP - JANUARY 2026.xlsx,
2026-01-05 20:30:11,498.0,17.43,0.0,480.57,YESAP60060062926,2026-01-06 01:42:48,DEBIT_CARD,rooftop,meet-recording/data_sheets_historical/mangal all data sheet/PTM ROOFTOP/TMV ROOFTOP - JANUARY 2026.xlsx,
2026-01-05 20:57:13,40.0,0.0,0.0,40.0,YESAP60060062926,2026-01-06 01:42:48,UPI,rooftop,meet-recording/data_sheets_historical/mangal all data sheet/PTM ROOFTOP/TMV ROOFTOP - JANUARY 2026.xlsx,
2026-01-05 21:26:12,688.0,0.0,0.0,688.0,YESAP60060062926,2026-01-06 01:42:48,UPI,rooftop,meet-recording/data_sheets_historical/mangal all data sheet/PTM ROOFTOP/TMV ROOFTOP - JANUARY 2026.xlsx,
2026-01-05 21:28:04,80.0,1.8,0.32,77.88,YESAP60060062926,2026-01-06 01:42:48,UPI_CREDIT_CARD,rooftop,meet-recording/data_sheets_historical/mangal all data sheet/PTM ROOFTOP/TMV ROOFTOP - JANUARY 2026.xlsx,
2026-01-05 21:32:04,80.0,0.0,0.0,80.0,YESAP60060062926,2026-01-06 01:42:48,UPI,rooftop,meet-recording/data_sheets_historical/mangal all data sheet/PTM ROOFTOP/TMV ROOFTOP - JANUARY 2026.xlsx,
2026-01-05 21:51:26,738.0,0.0,0.0,738.0,YESAP60060062926,2026-01-06 01:42:48,UPI,rooftop,meet-recording/data_sheets_historical/mangal all data sheet/PTM ROOFTOP/TMV ROOFTOP - JANUARY 2026.xlsx,
2026-01-05 22:02:08,350.0,0.0,0.0,350.0,YESAP60060062926,2026-01-06 01:42:48,UPI,rooftop,meet-recording/data_sheets_historical/mangal all data sheet/PTM ROOFTOP/TMV ROOFTOP - JANUARY 2026.xlsx,
2026-01-05 22:14:23,124.0,0.0,0.0,124.0,YESAP60060062926,2026-01-06 01:42:48,UPI,rooftop,meet-recording/data_sheets_historical/mangal all data sheet/PTM ROOFTOP/TMV ROOFTOP - JANUARY 2026.xlsx,
2026-01-05 22:30:20,249.0,5.6,1.01,242.39,YESAP60060062926,2026-01-06 01:42:48,UPI_CREDIT_CARD,rooftop,meet-recording/data_sheets_historical/mangal all data sheet/PTM ROOFTOP/TMV ROOFTOP - JANUARY 2026.xlsx,
2026-01-05 22:34:28,639.0,0.0,0.0,639.0,YESAP60060062926,2026-01-06 01:42:48,UPI,rooftop,meet-recording/data_sheets_historical/mangal all data sheet/PTM ROOFTOP/TMV ROOFTOP - JANUARY 2026.xlsx,
,,,,,,,,rooftop,meet-recording/data_sheets_historical/mangal all data sheet/PTM ROOFTOP/TMV ROOFTOP - JANUARY 2026.xlsx,
2026-01-06 09:17:07,120.0,0.0,0.0,120.0,YESAP60070136129,2026-01-07 02:27:05,UPI,rooftop,meet-recording/data_sheets_historical/mangal all data sheet/PTM ROOFTOP/TMV ROOFTOP - JANUARY 2026.xlsx,
2026-01-06 09:29:31,40.0,0.0,0.0,40.0,YESAP60070136129,2026-01-07 02:27:05,UPI,rooftop,meet-recording/data_sheets_historical/mangal all data sheet/PTM ROOFTOP/TMV ROOFTOP - JANUARY 2026.xlsx,
2026-01-06 14:51:14,991.0,0.0,0.0,991.0,YESAP60070136129,2026-01-07 02:27:05,UPI,rooftop,meet-recording/data_sheets_historical/mangal all data sheet/PTM ROOFTOP/TMV ROOFTOP - JANUARY 2026.xlsx,
2026-01-06 14:56:27,4500.0,0.0,0.0,4500.0,YESAP60070136129,2026-01-07 02:27:05,UPI,rooftop,meet-recording/data_sheets_historical/mangal all data sheet/PTM ROOFTOP/TMV ROOFTOP - JANUARY 2026.xlsx,
2026-01-06 16:09:49,3971.0,0.0,0.0,3971.0,YESAP60070136129,2026-01-07 02:27:05,UPI,rooftop,meet-recording/data_sheets_historical/mangal all data sheet/PTM ROOFTOP/TMV ROOFTOP - JANUARY 2026.xlsx,
2026-01-06 16:09:56,708.0,0.0,0.0,708.0,YESAP60070136129,2026-01-07 02:27:05,UPI,rooftop,meet-recording/data_sheets_historical/mangal all data sheet/PTM ROOFTOP/TMV ROOFTOP - JANUARY 2026.xlsx,
2026-01-06 16:11:52,40.0,0.0,0.0,40.0,YESAP60070136129,2026-01-07 02:27:05,UPI,rooftop,meet-recording/data_sheets_historical/mangal all data sheet/PTM ROOFTOP/TMV ROOFTOP - JANUARY 2026.xlsx,
2026-01-06 18:47:23,120.0,0.0,0.0,120.0,YESAP60070136129,2026-01-07 02:27:05,UPI,rooftop,meet-recording/data_sheets_historical/mangal all data sheet/PTM ROOFTOP/TMV ROOFTOP - JANUARY 2026.xlsx,
2026-01-06 20:02:50,478.0,0.0,0.0,478.0,YESAP60070136129,2026-01-07 02:27:05,UPI,rooftop,meet-recording/data_sheets_historical/mangal all data sheet/PTM ROOFTOP/TMV ROOFTOP - JANUARY 2026.xlsx,
2026-01-06 21:22:24,747.0,0.0,0.0,747.0,YESAP60070136129,2026-01-07 02:27:05,UPI,rooftop,meet-recording/data_sheets_historical/mangal all data sheet/PTM ROOFTOP/TMV ROOFTOP - JANUARY 2026.xlsx,
2026-01-06 22:49:22,489.0,0.0,0.0,489.0,YESAP60070136129,2026-01-07 02:27:05,UPI,rooftop,meet-recording/data_sheets_historical/mangal all data sheet/PTM ROOFTOP/TMV ROOFTOP - JANUARY 2026.xlsx,
,,,,,,,,rooftop,meet-recording/data_sheets_historical/mangal all data sheet/PTM ROOFTOP/TMV ROOFTOP - JANUARY 2026.xlsx,
2026-01-07 10:08:10,600.0,0.0,0.0,600.0,YESAP60081202537,2026-01-08 03:34:59,UPI,rooftop,meet-recording/data_sheets_historical/mangal all data sheet/PTM ROOFTOP/TMV ROOFTOP - JANUARY 2026.xlsx,
2026-01-07 10:21:17,450.0,0.0,0.0,450.0,YESAP60081202537,2026-01-08 03:34:59,UPI,rooftop,meet-recording/data_sheets_historical/mangal all data sheet/PTM ROOFTOP/TMV ROOFTOP - JANUARY 2026.xlsx,
2026-01-07 16:21:54,548.0,0.0,0.0,548.0,YESAP60081202537,2026-01-08 03:34:59,UPI,rooftop,meet-recording/data_sheets_historical/mangal all data sheet/PTM ROOFTOP/TMV ROOFTOP - JANUARY 2026.xlsx,
2026-01-07 16:40:44,714.0,0.0,0.0,714.0,YESAP60081202537,2026-01-08 03:34:59,UPI,rooftop,meet-recording/data_sheets_historical/mangal all data sheet/PTM ROOFTOP/TMV ROOFTOP - JANUARY 2026.xlsx,
2026-01-07 16:43:11,678.0,0.0,0.0,678.0,YESAP60081202537,2026-01-08 03:34:59,UPI,rooftop,meet-recording/data_sheets_historical/mangal all data sheet/PTM ROOFTOP/TMV ROOFTOP - JANUARY 2026.xlsx,
2026-01-07 19:07:26,120.0,0.0,0.0,120.0,YESAP60081202537,2026-01-08 03:34:59,UPI,rooftop,meet-recording/data_sheets_historical/mangal all data sheet/PTM ROOFTOP/TMV ROOFTOP - JANUARY 2026.xlsx,
2026-01-07 20:03:52,298.0,0.0,0.0,298.0,YESAP60081202537,2026-01-08 03:34:59,UPI,rooftop,meet-recording/data_sheets_historical/mangal all data sheet/PTM ROOFTOP/TMV ROOFTOP - JANUARY 2026.xlsx,
2026-01-07 20:47:54,936.0,0.0,0.0,936.0,YESAP60081202537,2026-01-08 03:34:59,UPI,rooftop,meet-recording/data_sheets_historical/mangal all data sheet/PTM ROOFTOP/TMV ROOFTOP - JANUARY 2026.xlsx,
2026-01-07 20:53:08,2462.0,0.0,0.0,2462.0,YESAP60081202537,2026-01-08 03:34:59,UPI,rooftop,meet-recording/data_sheets_historical/mangal all data sheet/PTM ROOFTOP/TMV ROOFTOP - JANUARY 2026.xlsx,
2026-01-07 21:01:23,278.0,0.0,0.0,278.0,YESAP60081202537,2026-01-08 03:34:59,UPI,rooftop,meet-recording/data_sheets_historical/mangal all data sheet/PTM ROOFTOP/TMV ROOFTOP - JANUARY 2026.xlsx,
2026-01-07 21:03:38,299.0,0.0,0.0,299.0,YESAP60081202537,2026-01-08 03:34:59,UPI,rooftop,meet-recording/data_sheets_historical/mangal all data sheet/PTM ROOFTOP/TMV ROOFTOP - JANUARY 2026.xlsx,
2026-01-07 21:13:32,2242.0,20.18,3.63,2218.19,YESAP60081202537,2026-01-08 03:34:59,DEBIT_CARD,rooftop,meet-recording/data_sheets_historical/mangal all data sheet/PTM ROOFTOP/TMV ROOFTOP - JANUARY 2026.xlsx,
2026-01-07 21:30:35,1137.0,0.0,0.0,1137.0,YESAP60081202537,2026-01-08 03:34:59,UPI,rooftop,meet-recording/data_sheets_historical/mangal all data sheet/PTM ROOFTOP/TMV ROOFTOP - JANUARY 2026.xlsx,
2026-01-07 21:56:12,796.0,0.0,0.0,796.0,YESAP60081202537,2026-01-08 03:34:59,UPI,rooftop,meet-recording/data_sheets_historical/mangal all data sheet/PTM ROOFTOP/TMV ROOFTOP - JANUARY 2026.xlsx,
2026-01-07 22:00:04,499.0,0.0,0.0,499.0,YESAP60081202537,2026-01-08 03:34:59,UPI,rooftop,meet-recording/data_sheets_historical/mangal all data sheet/PTM ROOFTOP/TMV ROOFTOP - JANUARY 2026.xlsx,
2026-01-07 22:06:39,229.0,0.0,0.0,229.0,YESAP60081202537,2026-01-08 03:34:59,UPI,rooftop,meet-recording/data_sheets_historical/mangal all data sheet/PTM ROOFTOP/TMV ROOFTOP - JANUARY 2026.xlsx,
2026-01-07 22:23:37,120.0,0.0,0.0,120.0,YESAP60081202537,2026-01-08 03:34:59,UPI,rooftop,meet-recording/data_sheets_historical/mangal all data sheet/PTM ROOFTOP/TMV ROOFTOP - JANUARY 2026.xlsx,
2026-01-07 22:46:47,249.0,0.0,0.0,249.0,YESAP60081202537,2026-01-08 03:34:59,UPI,rooftop,meet-recording/data_sheets_historical/mangal all data sheet/PTM ROOFTOP/TMV ROOFTOP - JANUARY 2026.xlsx,
2026-01-07 23:08:14,1810.0,40.73,7.33,1761.94,YESAP60081202537,2026-01-08 03:34:59,UPI_CREDIT_CARD,rooftop,meet-recording/data_sheets_historical/mangal all data sheet/PTM ROOFTOP/TMV ROOFTOP - JANUARY 2026.xlsx,
,,,,,,,,rooftop,meet-recording/data_sheets_historical/mangal all data sheet/PTM ROOFTOP/TMV ROOFTOP - JANUARY 2026.xlsx,
2026-01-08 07:35:29,120.0,0.0,0.0,120.0,YESAP60090338911,2026-01-09 02:30:43,UPI,rooftop,meet-recording/data_sheets_historical/mangal all data sheet/PTM ROOFTOP/TMV ROOFTOP - JANUARY 2026.xlsx,
2026-01-08 10:02:35,90.0,0.0,0.0,90.0,YESAP60090338911,2026-01-09 02:30:43,UPI,rooftop,meet-recording/data_sheets_historical/mangal all data sheet/PTM ROOFTOP/TMV ROOFTOP - JANUARY 2026.xlsx,
2026-01-08 12:36:16,309.0,0.0,0.0,309.0,YESAP60090338911,2026-01-09 02:30:43,UPI,rooftop,meet-recording/data_sheets_historical/mangal all data sheet/PTM ROOFTOP/TMV ROOFTOP - JANUARY 2026.xlsx,
2026-01-08 13:19:11,70.0,0.0,0.0,70.0,YESAP60090338911,2026-01-09 02:30:43,UPI,rooftop,meet-recording/data_sheets_historical/mangal all data sheet/PTM ROOFTOP/TMV ROOFTOP - JANUARY 2026.xlsx,
2026-01-08 14:33:47,269.0,0.0,0.0,269.0,YESAP60090338911,2026-01-09 02:30:43,UPI,rooftop,meet-recording/data_sheets_historical/mangal all data sheet/PTM ROOFTOP/TMV ROOFTOP - JANUARY 2026.xlsx,
2026-01-08 14:56:28,250.0,0.0,0.0,250.0,YESAP60090338911,2026-01-09 02:30:43,UPI,rooftop,meet-recording/data_sheets_historical/mangal all data sheet/PTM ROOFTOP/TMV ROOFTOP - JANUARY 2026.xlsx,
2026-01-08 15:07:17,998.0,14.97,0.0,983.03,YESAP60090338911,2026-01-09 02:30:43,CREDIT_CARD,rooftop,meet-recording/data_sheets_historical/mangal all data sheet/PTM ROOFTOP/TMV ROOFTOP - JANUARY 2026.xlsx,
2026-01-08 15:08:53,2519.0,0.0,0.0,2519.0,YESAP60090338911,2026-01-09 02:30:43,UPI,rooftop,meet-recording/data_sheets_historical/mangal all data sheet/PTM ROOFTOP/TMV ROOFTOP - JANUARY 2026.xlsx,
2026-01-08 15:16:59,1265.0,28.46,5.12,1231.42,YESAP60090338911,2026-01-09 02:30:43,UPI_CREDIT_CARD,rooftop,meet-recording/data_sheets_historical/mangal all data sheet/PTM ROOFTOP/TMV ROOFTOP - JANUARY 2026.xlsx,
2026-01-08 16:58:30,1017.0,15.26,0.0,1001.74,YESAP60090338911,2026-01-09 02:30:43,CREDIT_CARD,rooftop,meet-recording/data_sheets_historical/mangal all data sheet/PTM ROOFTOP/TMV ROOFTOP - JANUARY 2026.xlsx,
2026-01-08 19:14:47,570.0,0.0,0.0,570.0,YESAP60090338911,2026-01-09 02:30:43,UPI,rooftop,meet-recording/data_sheets_historical/mangal all data sheet/PTM ROOFTOP/TMV ROOFTOP - JANUARY 2026.xlsx,
2026-01-08 20:24:42,1666.0,0.0,0.0,1666.0,YESAP60090338911,2026-01-09 02:30:43,UPI,rooftop,meet-recording/data_sheets_historical/mangal all data sheet/PTM ROOFTOP/TMV ROOFTOP - JANUARY 2026.xlsx,
2026-01-08 20:28:40,667.0,0.0,0.0,667.0,YESAP60090338911,2026-01-09 02:30:43,UPI,rooftop,meet-recording/data_sheets_historical/mangal all data sheet/PTM ROOFTOP/TMV ROOFTOP - JANUARY 2026.xlsx,
2026-01-08 20:45:56,150.0,0.0,0.0,150.0,YESAP60090338911,2026-01-09 02:30:43,UPI,rooftop,meet-recording/data_sheets_historical/mangal all data sheet/PTM ROOFTOP/TMV ROOFTOP - JANUARY 2026.xlsx,
2026-01-08 20:54:32,25.0,0.0,0.0,25.0,YESAP60090338911,2026-01-09 02:30:43,UPI_PPIWALLET,rooftop,meet-recording/data_sheets_historical/mangal all data sheet/PTM ROOFTOP/TMV ROOFTOP - JANUARY 2026.xlsx,
2026-01-08 20:57:03,249.0,0.0,0.0,249.0,YESAP60090338911,2026-01-09 02:30:43,UPI,rooftop,meet-recording/data_sheets_historical/mangal all data sheet/PTM ROOFTOP/TMV ROOFTOP - JANUARY 2026.xlsx,
2026-01-08 21:18:21,888.0,0.0,0.0,888.0,YESAP60090338911,2026-01-09 02:30:43,UPI,rooftop,meet-recording/data_sheets_historical/mangal all data sheet/PTM ROOFTOP/TMV ROOFTOP - JANUARY 2026.xlsx,
2026-01-08 21:29:10,60.0,0.0,0.0,60.0,YESAP60090338911,2026-01-09 02:30:43,UPI,rooftop,meet-recording/data_sheets_historical/mangal all data sheet/PTM ROOFTOP/TMV ROOFTOP - JANUARY 2026.xlsx,
2026-01-08 21:36:56,1754.0,0.0,0.0,1754.0,YESAP60090338911,2026-01-09 02:30:43,UPI,rooftop,meet-recording/data_sheets_historical/mangal all data sheet/PTM ROOFTOP/TMV ROOFTOP - JANUARY 2026.xlsx,
2026-01-08 21:56:06,40.0,0.0,0.0,40.0,YESAP60090338911,2026-01-09 02:30:43,UPI_PPIWALLET,rooftop,meet-recording/data_sheets_historical/mangal all data sheet/PTM ROOFTOP/TMV ROOFTOP - JANUARY 2026.xlsx,
2026-01-08 22:09:49,1860.0,41.85,7.53,1810.62,YESAP60090338911,2026-01-09 02:30:43,UPI_CREDIT_CARD,rooftop,meet-recording/data_sheets_historical/mangal all data sheet/PTM ROOFTOP/TMV ROOFTOP - JANUARY 2026.xlsx,
2026-01-08 22:18:18,298.0,0.0,0.0,298.0,YESAP60090338911,2026-01-09 02:30:43,UPI,rooftop,meet-recording/data_sheets_historical/mangal all data sheet/PTM ROOFTOP/TMV ROOFTOP - JANUARY 2026.xlsx,
2026-01-08 22:41:43,298.0,0.0,0.0,298.0,YESAP60090338911,2026-01-09 02:30:43,UPI,rooftop,meet-recording/data_sheets_historical/mangal all data sheet/PTM ROOFTOP/TMV ROOFTOP - JANUARY 2026.xlsx,
,,,,,,,,rooftop,meet-recording/data_sheets_historical/mangal all data sheet/PTM ROOFTOP/TMV ROOFTOP - JANUARY 2026.xlsx,
2026-01-09 08:52:41,60.0,0.0,0.0,60.0,AXNPM01099541324,2026-01-10 02:24:31,UPI,rooftop,meet-recording/data_sheets_historical/mangal all data sheet/PTM ROOFTOP/TMV ROOFTOP - JANUARY 2026.xlsx,
2026-01-09 09:25:30,150.0,0.0,0.0,150.0,AXNPM01099541324,2026-01-10 02:24:31,UPI,rooftop,meet-recording/data_sheets_historical/mangal all data sheet/PTM ROOFTOP/TMV ROOFTOP - JANUARY 2026.xlsx,
2026-01-09 11:08:32,350.0,0.0,0.0,350.0,AXNPM01099541324,2026-01-10 02:24:31,UPI,rooftop,meet-recording/data_sheets_historical/mangal all data sheet/PTM ROOFTOP/TMV ROOFTOP - JANUARY 2026.xlsx,
2026-01-09 13:05:17,348.0,0.0,0.0,348.0,AXNPM01099541324,2026-01-10 02:24:31,UPI,rooftop,meet-recording/data_sheets_historical/mangal all data sheet/PTM ROOFTOP/TMV ROOFTOP - JANUARY 2026.xlsx,
2026-01-09 13:10:43,484.0,0.0,0.0,484.0,AXNPM01099541324,2026-01-10 02:24:31,UPI,rooftop,meet-recording/data_sheets_historical/mangal all data sheet/PTM ROOFTOP/TMV ROOFTOP - JANUARY 2026.xlsx,
2026-01-09 14:48:41,668.0,0.0,0.0,668.0,AXNPM01099541324,2026-01-10 02:24:31,UPI,rooftop,meet-recording/data_sheets_historical/mangal all data sheet/PTM ROOFTOP/TMV ROOFTOP - JANUARY 2026.xlsx,
2026-01-09 16:22:25,1016.0,15.24,0.0,1000.76,AXNPM01099541324,2026-01-10 02:24:31,CREDIT_CARD,rooftop,meet-recording/data_sheets_historical/mangal all data sheet/PTM ROOFTOP/TMV ROOFTOP - JANUARY 2026.xlsx,
2026-01-09 17:06:35,2567.0,0.0,0.0,2567.0,AXNPM01099541324,2026-01-10 02:24:31,UPI,rooftop,meet-recording/data_sheets_historical/mangal all data sheet/PTM ROOFTOP/TMV ROOFTOP - JANUARY 2026.xlsx,
2026-01-09 18:21:26,130.0,0.0,0.0,130.0,AXNPM01099541324,2026-01-10 02:24:31,UPI,rooftop,meet-recording/data_sheets_historical/mangal all data sheet/PTM ROOFTOP/TMV ROOFTOP - JANUARY 2026.xlsx,
2026-01-09 20:13:20,698.0,0.0,0.0,698.0,AXNPM01099541324,2026-01-10 02:24:31,UPI_LITE,rooftop,meet-recording/data_sheets_historical/mangal all data sheet/PTM ROOFTOP/TMV ROOFTOP - JANUARY 2026.xlsx,
2026-01-09 20:24:43,648.0,14.58,2.62,630.8,AXNPM01099541324,2026-01-10 02:24:31,UPI_CREDIT_CARD,rooftop,meet-recording/data_sheets_historical/mangal all data sheet/PTM ROOFTOP/TMV ROOFTOP - JANUARY 2026.xlsx,
2026-01-09 21:02:34,448.0,0.0,0.0,448.0,AXNPM01099541324,2026-01-10 02:24:31,UPI,rooftop,meet-recording/data_sheets_historical/mangal all data sheet/PTM ROOFTOP/TMV ROOFTOP - JANUARY 2026.xlsx,
2026-01-09 21:39:06,727.0,0.0,0.0,727.0,AXNPM01099541324,2026-01-10 02:24:31,UPI,rooftop,meet-recording/data_sheets_historical/mangal all data sheet/PTM ROOFTOP/TMV ROOFTOP - JANUARY 2026.xlsx,
2026-01-09 21:46:27,1937.0,0.0,0.0,1937.0,AXNPM01099541324,2026-01-10 02:24:31,UPI,rooftop,meet-recording/data_sheets_historical/mangal all data sheet/PTM ROOFTOP/TMV ROOFTOP - JANUARY 2026.xlsx,
2026-01-09 21:46:46,239.0,0.0,0.0,239.0,AXNPM01099541324,2026-01-10 02:24:31,UPI,rooftop,meet-recording/data_sheets_historical/mangal all data sheet/PTM ROOFTOP/TMV ROOFTOP - JANUARY 2026.xlsx,
2026-01-09 21:51:19,250.0,0.0,0.0,250.0,AXNPM01099541324,2026-01-10 02:24:31,UPI,rooftop,meet-recording/data_sheets_historical/mangal all data sheet/PTM ROOFTOP/TMV ROOFTOP - JANUARY 2026.xlsx,
2026-01-09 22:14:22,20.0,0.45,0.08,19.47,AXNPM01099541324,2026-01-10 02:24:31,UPI_CREDIT_CARD,rooftop,meet-recording/data_sheets_historical/mangal all data sheet/PTM ROOFTOP/TMV ROOFTOP - JANUARY 2026.xlsx,
2026-01-09 22:27:27,200.0,0.0,0.0,200.0,AXNPM01099541324,2026-01-10 02:24:31,UPI_LITE,rooftop,meet-recording/data_sheets_historical/mangal all data sheet/PTM ROOFTOP/TMV ROOFTOP - JANUARY 2026.xlsx,
2026-01-09 22:36:42,747.0,16.81,3.03,727.16,AXNPM01099541324,2026-01-10 02:24:31,UPI_CREDIT_CARD,rooftop,meet-recording/data_sheets_historical/mangal all data sheet/PTM ROOFTOP/TMV ROOFTOP - JANUARY 2026.xlsx,
2026-01-09 22:52:48,210.0,4.73,0.85,204.42,AXNPM01099541324,2026-01-10 02:24:31,UPI_CREDIT_CARD,rooftop,meet-recording/data_sheets_historical/mangal all data sheet/PTM ROOFTOP/TMV ROOFTOP - JANUARY 2026.xlsx,
,,,,,,,,rooftop,meet-recording/data_sheets_historical/mangal all data sheet/PTM ROOFTOP/TMV ROOFTOP - JANUARY 2026.xlsx,
2026-01-10 13:13:40,180.0,0.0,0.0,180.0,YESAP60110019697,2026-01-11 02:18:06,UPI,rooftop,meet-recording/data_sheets_historical/mangal all data sheet/PTM ROOFTOP/TMV ROOFTOP - JANUARY 2026.xlsx,
2026-01-10 14:22:03,599.0,0.0,0.0,599.0,YESAP60110019697,2026-01-11 02:18:06,UPI,rooftop,meet-recording/data_sheets_historical/mangal all data sheet/PTM ROOFTOP/TMV ROOFTOP - JANUARY 2026.xlsx,
2026-01-10 14:23:50,528.0,11.88,2.14,513.98,YESAP60110019697,2026-01-11 02:18:06,UPI_CREDIT_CARD,rooftop,meet-recording/data_sheets_historical/mangal all data sheet/PTM ROOFTOP/TMV ROOFTOP - JANUARY 2026.xlsx,
2026-01-10 14:31:58,768.0,0.0,0.0,768.0,YESAP60110019697,2026-01-11 02:18:06,UPI,rooftop,meet-recording/data_sheets_historical/mangal all data sheet/PTM ROOFTOP/TMV ROOFTOP - JANUARY 2026.xlsx,
2026-01-10 14:44:27,1196.0,17.94,0.0,1178.06,YESAP60110019697,2026-01-11 02:18:06,CREDIT_CARD,rooftop,meet-recording/data_sheets_historical/mangal all data sheet/PTM ROOFTOP/TMV ROOFTOP - JANUARY 2026.xlsx,
2026-01-10 15:46:53,1504.0,0.0,0.0,1504.0,YESAP60110019697,2026-01-11 02:18:06,UPI,rooftop,meet-recording/data_sheets_historical/mangal all data sheet/PTM ROOFTOP/TMV ROOFTOP - JANUARY 2026.xlsx,
2026-01-10 18:37:33,40.0,0.0,0.0,40.0,YESAP60110019697,2026-01-11 02:18:06,UPI,rooftop,meet-recording/data_sheets_historical/mangal all data sheet/PTM ROOFTOP/TMV ROOFTOP - JANUARY 2026.xlsx,
2026-01-10 19:56:48,2221.0,0.0,0.0,2221.0,YESAP60110019697,2026-01-11 02:18:06,UPI,rooftop,meet-recording/data_sheets_historical/mangal all data sheet/PTM ROOFTOP/TMV ROOFTOP - JANUARY 2026.xlsx,
2026-01-10 20:21:17,338.0,7.61,1.37,329.02,YESAP60110019697,2026-01-11 02:18:06,UPI_CREDIT_CARD,rooftop,meet-recording/data_sheets_historical/mangal all data sheet/PTM ROOFTOP/TMV ROOFTOP - JANUARY 2026.xlsx,
2026-01-10 20:29:35,3188.0,0.0,0.0,3188.0,YESAP60110019697,2026-01-11 02:18:06,UPI,rooftop,meet-recording/data_sheets_historical/mangal all data sheet/PTM ROOFTOP/TMV ROOFTOP - JANUARY 2026.xlsx,
2026-01-10 20:30:30,379.0,0.0,0.0,379.0,YESAP60110019697,2026-01-11 02:18:06,UPI,rooftop,meet-recording/data_sheets_historical/mangal all data sheet/PTM ROOFTOP/TMV ROOFTOP - JANUARY 2026.xlsx,
2026-01-10 20:57:17,70.0,0.0,0.0,70.0,YESAP60110019697,2026-01-11 02:18:06,UPI_LITE,rooftop,meet-recording/data_sheets_historical/mangal all data sheet/PTM ROOFTOP/TMV ROOFTOP - JANUARY 2026.xlsx,
2026-01-10 21:08:35,269.0,0.0,0.0,269.0,YESAP60110019697,2026-01-11 02:18:06,UPI,rooftop,meet-recording/data_sheets_historical/mangal all data sheet/PTM ROOFTOP/TMV ROOFTOP - JANUARY 2026.xlsx,
2026-01-10 21:21:03,538.0,12.11,2.18,523.71,YESAP60110019697,2026-01-11 02:18:06,UPI_CREDIT_CARD,rooftop,meet-recording/data_sheets_historical/mangal all data sheet/PTM ROOFTOP/TMV ROOFTOP - JANUARY 2026.xlsx,
2026-01-10 21:27:07,668.0,0.0,0.0,668.0,YESAP60110019697,2026-01-11 02:18:06,UPI,rooftop,meet-recording/data_sheets_historical/mangal all data sheet/PTM ROOFTOP/TMV ROOFTOP - JANUARY 2026.xlsx,
2026-01-10 21:29:50,488.0,0.0,0.0,488.0,YESAP60110019697,2026-01-11 02:18:06,UPI,rooftop,meet-recording/data_sheets_historical/mangal all data sheet/PTM ROOFTOP/TMV ROOFTOP - JANUARY 2026.xlsx,
2026-01-10 21:47:37,872.0,13.08,0.0,858.92,YESAP60110019697,2026-01-11 02:18:06,CREDIT_CARD,rooftop,meet-recording/data_sheets_historical/mangal all data sheet/PTM ROOFTOP/TMV ROOFTOP - JANUARY 2026.xlsx,
2026-01-10 22:43:41,20.0,0.0,0.0,20.0,YESAP60110019697,2026-01-11 02:18:06,UPI,rooftop,meet-recording/data_sheets_historical/mangal all data sheet/PTM ROOFTOP/TMV ROOFTOP - JANUARY 2026.xlsx,
2026-01-10 23:23:13,40.0,0.0,0.0,40.0,YESAP60110019697,2026-01-11 02:18:06,UPI,rooftop,meet-recording/data_sheets_historical/mangal all data sheet/PTM ROOFTOP/TMV ROOFTOP - JANUARY 2026.xlsx,
,,,,,,,,rooftop,meet-recording/data_sheets_historical/mangal all data sheet/PTM ROOFTOP/TMV ROOFTOP - JANUARY 2026.xlsx,
2026-01-11 09:23:44,300.0,0.0,0.0,300.0,YESAP60120039317,2026-01-12 02:12:36,UPI,rooftop,meet-recording/data_sheets_historical/mangal all data sheet/PTM ROOFTOP/TMV ROOFTOP - JANUARY 2026.xlsx,
2026-01-11 09:51:38,40.0,0.0,0.0,40.0,YESAP60120039317,2026-01-12 02:12:36,UPI,rooftop,meet-recording/data_sheets_historical/mangal all data sheet/PTM ROOFTOP/TMV ROOFTOP - JANUARY 2026.xlsx,
2026-01-11 12:00:27,845.0,0.0,0.0,845.0,YESAP60120039317,2026-01-12 02:12:36,UPI,rooftop,meet-recording/data_sheets_historical/mangal all data sheet/PTM ROOFTOP/TMV ROOFTOP - JANUARY 2026.xlsx,
2026-01-11 14:31:34,1781.0,0.0,0.0,1781.0,YESAP60120039317,2026-01-12 02:12:36,UPI,rooftop,meet-recording/data_sheets_historical/mangal all data sheet/PTM ROOFTOP/TMV ROOFTOP - JANUARY 2026.xlsx,
2026-01-11 14:32:13,1416.0,0.0,0.0,1416.0,YESAP60120039317,2026-01-12 02:12:36,UPI,rooftop,meet-recording/data_sheets_historical/mangal all data sheet/PTM ROOFTOP/TMV ROOFTOP - JANUARY 2026.xlsx,
2026-01-11 14:38:58,768.0,0.0,0.0,768.0,YESAP60120039317,2026-01-12 02:12:36,UPI,rooftop,meet-recording/data_sheets_historical/mangal all data sheet/PTM ROOFTOP/TMV ROOFTOP - JANUARY 2026.xlsx,
2026-01-11 15:01:24,1180.0,0.0,0.0,1180.0,YESAP60120039317,2026-01-12 02:12:36,UPI,rooftop,meet-recording/data_sheets_historical/mangal all data sheet/PTM ROOFTOP/TMV ROOFTOP - JANUARY 2026.xlsx,
2026-01-11 15:15:59,1536.0,0.0,0.0,1536.0,YESAP60120039317,2026-01-12 02:12:36,UPI,rooftop,meet-recording/data_sheets_historical/mangal all data sheet/PTM ROOFTOP/TMV ROOFTOP - JANUARY 2026.xlsx,
2026-01-11 15:54:04,993.0,0.0,0.0,993.0,YESAP60120039317,2026-01-12 02:12:36,UPI,rooftop,meet-recording/data_sheets_historical/mangal all data sheet/PTM ROOFTOP/TMV ROOFTOP - JANUARY 2026.xlsx,
2026-01-11 16:02:23,908.0,0.0,0.0,908.0,YESAP60120039317,2026-01-12 02:12:36,UPI,rooftop,meet-recording/data_sheets_historical/mangal all data sheet/PTM ROOFTOP/TMV ROOFTOP - JANUARY 2026.xlsx,
2026-01-11 16:04:16,977.0,0.0,0.0,977.0,YESAP60120039317,2026-01-12 02:12:36,UPI,rooftop,meet-recording/data_sheets_historical/mangal all data sheet/PTM ROOFTOP/TMV ROOFTOP - JANUARY 2026.xlsx,
2026-01-11 16:23:22,80.0,0.0,0.0,80.0,YESAP60120039317,2026-01-12 02:12:36,UPI,rooftop,meet-recording/data_sheets_historical/mangal all data sheet/PTM ROOFTOP/TMV ROOFTOP - JANUARY 2026.xlsx,
2026-01-11 17:41:37,60.0,0.0,0.0,60.0,YESAP60120039317,2026-01-12 02:12:36,UPI,rooftop,meet-recording/data_sheets_historical/mangal all data sheet/PTM ROOFTOP/TMV ROOFTOP - JANUARY 2026.xlsx,
2026-01-11 18:35:03,120.0,0.0,0.0,120.0,YESAP60120039317,2026-01-12 02:12:36,UPI,rooftop,meet-recording/data_sheets_historical/mangal all data sheet/PTM ROOFTOP/TMV ROOFTOP - JANUARY 2026.xlsx,
2026-01-11 20:12:08,1365.0,20.48,0.0,1344.52,YESAP60120039317,2026-01-12 02:12:36,CREDIT_CARD,rooftop,meet-recording/data_sheets_historical/mangal all data sheet/PTM ROOFTOP/TMV ROOFTOP - JANUARY 2026.xlsx,
2026-01-11 20:24:33,539.0,0.0,0.0,539.0,YESAP60120039317,2026-01-12 02:12:36,UPI,rooftop,meet-recording/data_sheets_historical/mangal all data sheet/PTM ROOFTOP/TMV ROOFTOP - JANUARY 2026.xlsx,
2026-01-11 20:26:47,1676.0,0.0,0.0,1676.0,YESAP60120039317,2026-01-12 02:12:36,UPI,rooftop,meet-recording/data_sheets_historical/mangal all data sheet/PTM ROOFTOP/TMV ROOFTOP - JANUARY 2026.xlsx,
2026-01-11 20:56:08,1237.0,0.0,0.0,1237.0,YESAP60120039317,2026-01-12 02:12:36,UPI,rooftop,meet-recording/data_sheets_historical/mangal all data sheet/PTM ROOFTOP/TMV ROOFTOP - JANUARY 2026.xlsx,
2026-01-11 20:57:10,1905.0,0.0,0.0,1905.0,YESAP60120039317,2026-01-12 02:12:36,UPI,rooftop,meet-recording/data_sheets_historical/mangal all data sheet/PTM ROOFTOP/TMV ROOFTOP - JANUARY 2026.xlsx,
2026-01-11 21:07:46,180.0,4.05,0.73,175.22,YESAP60120039317,2026-01-12 02:12:36,UPI_CREDIT_CARD,rooftop,meet-recording/data_sheets_historical/mangal all data sheet/PTM ROOFTOP/TMV ROOFTOP - JANUARY 2026.xlsx,
2026-01-11 21:18:01,509.0,0.0,0.0,509.0,YESAP60120039317,2026-01-12 02:12:36,UPI,rooftop,meet-recording/data_sheets_historical/mangal all data sheet/PTM ROOFTOP/TMV ROOFTOP - JANUARY 2026.xlsx,
2026-01-11 21:43:30,787.0,0.0,0.0,787.0,YESAP60120039317,2026-01-12 02:12:36,UPI,rooftop,meet-recording/data_sheets_historical/mangal all data sheet/PTM ROOFTOP/TMV ROOFTOP - JANUARY 2026.xlsx,
2026-01-11 21:46:38,1793.0,0.0,0.0,1793.0,YESAP60120039317,2026-01-12 02:12:36,UPI,rooftop,meet-recording/data_sheets_historical/mangal all data sheet/PTM ROOFTOP/TMV ROOFTOP - JANUARY 2026.xlsx,
2026-01-11 21:56:40,579.0,13.03,2.35,563.62,YESAP60120039317,2026-01-12 02:12:36,UPI_CREDIT_CARD,rooftop,meet-recording/data_sheets_historical/mangal all data sheet/PTM ROOFTOP/TMV ROOFTOP - JANUARY 2026.xlsx,
2026-01-11 22:30:53,468.0,0.0,0.0,468.0,YESAP60120039317,2026-01-12 02:12:36,UPI,rooftop,meet-recording/data_sheets_historical/mangal all data sheet/PTM ROOFTOP/TMV ROOFTOP - JANUARY 2026.xlsx,
2026-01-11 22:33:58,788.0,0.0,0.0,788.0,YESAP60120039317,2026-01-12 02:12:36,UPI,rooftop,meet-recording/data_sheets_historical/mangal all data sheet/PTM ROOFTOP/TMV ROOFTOP - JANUARY 2026.xlsx,
2026-01-11 22:34:22,20.0,0.45,0.08,19.47,YESAP60120039317,2026-01-12 02:12:36,UPI_CREDIT_CARD,rooftop,meet-recording/data_sheets_historical/mangal all data sheet/PTM ROOFTOP/TMV ROOFTOP - JANUARY 2026.xlsx,
2026-01-11 22:35:28,1943.0,0.0,0.0,1943.0,YESAP60120039317,2026-01-12 02:12:36,UPI,rooftop,meet-recording/data_sheets_historical/mangal all data sheet/PTM ROOFTOP/TMV ROOFTOP - JANUARY 2026.xlsx,
,,,,,,,,rooftop,meet-recording/data_sheets_historical/mangal all data sheet/PTM ROOFTOP/TMV ROOFTOP - JANUARY 2026.xlsx,
2026-01-12 08:45:54,300.0,0.0,0.0,300.0,YESAP60130066358,2026-01-13 02:21:54,UPI,rooftop,meet-recording/data_sheets_historical/mangal all data sheet/PTM ROOFTOP/TMV ROOFTOP - JANUARY 2026.xlsx,
2026-01-12 09:38:48,300.0,0.0,0.0,300.0,YESAP60130066358,2026-01-13 02:21:54,UPI,rooftop,meet-recording/data_sheets_historical/mangal all data sheet/PTM ROOFTOP/TMV ROOFTOP - JANUARY 2026.xlsx,
2026-01-12 12:38:56,428.0,0.0,0.0,428.0,YESAP60130066358,2026-01-13 02:21:54,UPI,rooftop,meet-recording/data_sheets_historical/mangal all data sheet/PTM ROOFTOP/TMV ROOFTOP - JANUARY 2026.xlsx,
2026-01-12 13:52:34,723.0,16.27,2.93,703.8,YESAP60130066358,2026-01-13 02:21:54,UPI_CREDIT_CARD,rooftop,meet-recording/data_sheets_historical/mangal all data sheet/PTM ROOFTOP/TMV ROOFTOP - JANUARY 2026.xlsx,
2026-01-12 14:02:16,588.0,0.0,0.0,588.0,YESAP60130066358,2026-01-13 02:21:54,UPI_LITE,rooftop,meet-recording/data_sheets_historical/mangal all data sheet/PTM ROOFTOP/TMV ROOFTOP - JANUARY 2026.xlsx,
2026-01-12 15:03:45,548.0,0.0,0.0,548.0,YESAP60130066358,2026-01-13 02:21:54,UPI,rooftop,meet-recording/data_sheets_historical/mangal all data sheet/PTM ROOFTOP/TMV ROOFTOP - JANUARY 2026.xlsx,
2026-01-12 15:09:28,2342.0,52.7,9.49,2279.81,YESAP60130066358,2026-01-13 02:21:54,UPI_CREDIT_CARD,rooftop,meet-recording/data_sheets_historical/mangal all data sheet/PTM ROOFTOP/TMV ROOFTOP - JANUARY 2026.xlsx,
2026-01-12 19:25:09,349.0,0.0,0.0,349.0,YESAP60130066358,2026-01-13 02:21:54,UPI,rooftop,meet-recording/data_sheets_historical/mangal all data sheet/PTM ROOFTOP/TMV ROOFTOP - JANUARY 2026.xlsx,
2026-01-12 19:31:54,1387.0,0.0,0.0,1387.0,YESAP60130066358,2026-01-13 02:21:54,UPI,rooftop,meet-recording/data_sheets_historical/mangal all data sheet/PTM ROOFTOP/TMV ROOFTOP - JANUARY 2026.xlsx,
2026-01-12 20:00:34,159.0,3.58,0.64,154.78,YESAP60130066358,2026-01-13 02:21:54,UPI_CREDIT_CARD,rooftop,meet-recording/data_sheets_historical/mangal all data sheet/PTM ROOFTOP/TMV ROOFTOP - JANUARY 2026.xlsx,
2026-01-12 20:18:05,2929.0,0.0,0.0,2929.0,YESAP60130066358,2026-01-13 02:21:54,UPI,rooftop,meet-recording/data_sheets_historical/mangal all data sheet/PTM ROOFTOP/TMV ROOFTOP - JANUARY 2026.xlsx,
2026-01-12 20:54:48,509.0,0.0,0.0,509.0,YESAP60130066358,2026-01-13 02:21:54,UPI_LITE,rooftop,meet-recording/data_sheets_historical/mangal all data sheet/PTM ROOFTOP/TMV ROOFTOP - JANUARY 2026.xlsx,
2026-01-12 21:22:30,1145.0,17.18,0.0,1127.82,YESAP60130066358,2026-01-13 02:21:54,CREDIT_CARD,rooftop,meet-recording/data_sheets_historical/mangal all data sheet/PTM ROOFTOP/TMV ROOFTOP - JANUARY 2026.xlsx,
2026-01-12 21:27:53,1207.0,42.25,0.0,1164.75,YESAP60130066358,2026-01-13 02:21:54,CREDIT_CARD,rooftop,meet-recording/data_sheets_historical/mangal all data sheet/PTM ROOFTOP/TMV ROOFTOP - JANUARY 2026.xlsx,
2026-01-12 21:29:57,1155.0,0.0,0.0,1155.0,YESAP60130066358,2026-01-13 02:21:54,UPI,rooftop,meet-recording/data_sheets_historical/mangal all data sheet/PTM ROOFTOP/TMV ROOFTOP - JANUARY 2026.xlsx,
2026-01-12 21:31:06,249.0,0.0,0.0,249.0,YESAP60130066358,2026-01-13 02:21:54,UPI,rooftop,meet-recording/data_sheets_historical/mangal all data sheet/PTM ROOFTOP/TMV ROOFTOP - JANUARY 2026.xlsx,
2026-01-12 21:37:51,2532.0,0.0,0.0,2532.0,YESAP60130066358,2026-01-13 02:21:54,UPI,rooftop,meet-recording/data_sheets_historical/mangal all data sheet/PTM ROOFTOP/TMV ROOFTOP - JANUARY 2026.xlsx,
2026-01-12 21:38:33,479.0,0.0,0.0,479.0,YESAP60130066358,2026-01-13 02:21:54,UPI,rooftop,meet-recording/data_sheets_historical/mangal all data sheet/PTM ROOFTOP/TMV ROOFTOP - JANUARY 2026.xlsx,
2026-01-12 22:06:35,2013.0,30.2,5.44,1977.36,YESAP60130066358,2026-01-13 02:21:54,CREDIT_CARD,rooftop,meet-recording/data_sheets_historical/mangal all data sheet/PTM ROOFTOP/TMV ROOFTOP - JANUARY 2026.xlsx,
2026-01-12 22:07:11,1714.0,25.71,0.0,1688.29,YESAP60130066358,2026-01-13 02:21:54,CREDIT_CARD,rooftop,meet-recording/data_sheets_historical/mangal all data sheet/PTM ROOFTOP/TMV ROOFTOP - JANUARY 2026.xlsx,
2026-01-12 22:16:57,767.0,0.0,0.0,767.0,YESAP60130066358,2026-01-13 02:21:54,UPI,rooftop,meet-recording/data_sheets_historical/mangal all data sheet/PTM ROOFTOP/TMV ROOFTOP - JANUARY 2026.xlsx,
2026-01-12 22:41:14,4615.0,0.0,0.0,4615.0,YESAP60130066358,2026-01-13 02:21:54,UPI,rooftop,meet-recording/data_sheets_historical/mangal all data sheet/PTM ROOFTOP/TMV ROOFTOP - JANUARY 2026.xlsx,
2026-01-12 22:51:30,120.0,0.0,0.0,120.0,YESAP60130066358,2026-01-13 02:21:54,UPI,rooftop,meet-recording/data_sheets_historical/mangal all data sheet/PTM ROOFTOP/TMV ROOFTOP - JANUARY 2026.xlsx,
,,,,,,,,rooftop,meet-recording/data_sheets_historical/mangal all data sheet/PTM ROOFTOP/TMV ROOFTOP - JANUARY 2026.xlsx,
2026-01-13 14:02:15,469.0,0.0,0.0,469.0,YESAP60141385650,2026-01-14 04:25:39,UPI,rooftop,meet-recording/data_sheets_historical/mangal all data sheet/PTM ROOFTOP/TMV ROOFTOP - JANUARY 2026.xlsx,
2026-01-13 14:42:02,958.0,21.56,3.88,932.56,YESAP60141385650,2026-01-14 04:25:39,UPI_CREDIT_CARD,rooftop,meet-recording/data_sheets_historical/mangal all data sheet/PTM ROOFTOP/TMV ROOFTOP - JANUARY 2026.xlsx,
2026-01-13 15:24:43,1785.0,0.0,0.0,1785.0,YESAP60141385650,2026-01-14 04:25:39,UPI,rooftop,meet-recording/data_sheets_historical/mangal all data sheet/PTM ROOFTOP/TMV ROOFTOP - JANUARY 2026.xlsx,
2026-01-13 15:30:44,1027.0,0.0,0.0,1027.0,YESAP60141385650,2026-01-14 04:25:39,UPI,rooftop,meet-recording/data_sheets_historical/mangal all data sheet/PTM ROOFTOP/TMV ROOFTOP - JANUARY 2026.xlsx,
2026-01-13 16:50:13,2656.0,59.76,10.76,2585.48,YESAP60141385650,2026-01-14 04:25:39,UPI_CREDIT_CARD,rooftop,meet-recording/data_sheets_historical/mangal all data sheet/PTM ROOFTOP/TMV ROOFTOP - JANUARY 2026.xlsx,
2026-01-13 19:10:03,160.0,0.0,0.0,160.0,YESAP60141385650,2026-01-14 04:25:39,UPI,rooftop,meet-recording/data_sheets_historical/mangal all data sheet/PTM ROOFTOP/TMV ROOFTOP - JANUARY 2026.xlsx,
2026-01-13 19:12:40,60.0,1.35,0.24,58.41,YESAP60141385650,2026-01-14 04:25:39,UPI_CREDIT_CARD,rooftop,meet-recording/data_sheets_historical/mangal all data sheet/PTM ROOFTOP/TMV ROOFTOP - JANUARY 2026.xlsx,
2026-01-13 19:33:18,350.0,0.0,0.0,350.0,YESAP60141385650,2026-01-14 04:25:39,UPI,rooftop,meet-recording/data_sheets_historical/mangal all data sheet/PTM ROOFTOP/TMV ROOFTOP - JANUARY 2026.xlsx,
2026-01-13 19:49:53,500.0,0.0,0.0,500.0,YESAP60141385650,2026-01-14 04:25:39,UPI,rooftop,meet-recording/data_sheets_historical/mangal all data sheet/PTM ROOFTOP/TMV ROOFTOP - JANUARY 2026.xlsx,
2026-01-13 20:01:44,697.0,0.0,0.0,697.0,YESAP60141385650,2026-01-14 04:25:39,DEBIT_CARD,rooftop,meet-recording/data_sheets_historical/mangal all data sheet/PTM ROOFTOP/TMV ROOFTOP - JANUARY 2026.xlsx,
2026-01-13 20:37:02,1087.0,38.05,0.0,1048.95,YESAP60141385650,2026-01-14 04:25:39,CREDIT_CARD,rooftop,meet-recording/data_sheets_historical/mangal all data sheet/PTM ROOFTOP/TMV ROOFTOP - JANUARY 2026.xlsx,
2026-01-13 20:42:31,120.0,4.2,0.0,115.8,YESAP60141385650,2026-01-14 04:25:39,CREDIT_CARD,rooftop,meet-recording/data_sheets_historical/mangal all data sheet/PTM ROOFTOP/TMV ROOFTOP - JANUARY 2026.xlsx,
2026-01-13 20:54:45,1295.0,0.0,0.0,1295.0,YESAP60141385650,2026-01-14 04:25:39,UPI,rooftop,meet-recording/data_sheets_historical/mangal all data sheet/PTM ROOFTOP/TMV ROOFTOP - JANUARY 2026.xlsx,
2026-01-13 21:50:57,638.0,0.0,0.0,638.0,YESAP60141385650,2026-01-14 04:25:39,UPI,rooftop,meet-recording/data_sheets_historical/mangal all data sheet/PTM ROOFTOP/TMV ROOFTOP - JANUARY 2026.xlsx,
2026-01-13 21:53:19,1505.0,0.0,0.0,1505.0,YESAP60141385650,2026-01-14 04:25:39,UPI,rooftop,meet-recording/data_sheets_historical/mangal all data sheet/PTM ROOFTOP/TMV ROOFTOP - JANUARY 2026.xlsx,
2026-01-13 21:55:07,1217.0,0.0,0.0,1217.0,YESAP60141385650,2026-01-14 04:25:39,UPI,rooftop,meet-recording/data_sheets_historical/mangal all data sheet/PTM ROOFTOP/TMV ROOFTOP - JANUARY 2026.xlsx,
2026-01-13 22:08:26,1321.0,0.0,0.0,1321.0,YESAP60141385650,2026-01-14 04:25:39,UPI,rooftop,meet-recording/data_sheets_historical/mangal all data sheet/PTM ROOFTOP/TMV ROOFTOP - JANUARY 2026.xlsx,
2026-01-13 22:08:35,2383.0,0.0,0.0,2383.0,YESAP60141385650,2026-01-14 04:25:39,UPI,rooftop,meet-recording/data_sheets_historical/mangal all data sheet/PTM ROOFTOP/TMV ROOFTOP - JANUARY 2026.xlsx,
2026-01-13 22:09:26,40.0,0.0,0.0,40.0,YESAP60141385650,2026-01-14 04:25:39,UPI,rooftop,meet-recording/data_sheets_historical/mangal all data sheet/PTM ROOFTOP/TMV ROOFTOP - JANUARY 2026.xlsx,
2026-01-13 22:32:00,2223.0,77.81,14.01,2131.18,YESAP60141385650,2026-01-14 04:25:39,CREDIT_CARD,rooftop,meet-recording/data_sheets_historical/mangal all data sheet/PTM ROOFTOP/TMV ROOFTOP - JANUARY 2026.xlsx,
2026-01-13 22:44:25,778.0,0.0,0.0,778.0,YESAP60141385650,2026-01-14 04:25:39,UPI,rooftop,meet-recording/data_sheets_historical/mangal all data sheet/PTM ROOFTOP/TMV ROOFTOP - JANUARY 2026.xlsx,
2026-01-13 22:45:49,677.0,10.16,0.0,666.84,YESAP60141385650,2026-01-14 04:25:39,CREDIT_CARD,rooftop,meet-recording/data_sheets_historical/mangal all data sheet/PTM ROOFTOP/TMV ROOFTOP - JANUARY 2026.xlsx,
2026-01-13 23:31:25,20.0,0.0,0.0,20.0,YESAP60141385650,2026-01-14 04:25:39,UPI,rooftop,meet-recording/data_sheets_historical/mangal all data sheet/PTM ROOFTOP/TMV ROOFTOP - JANUARY 2026.xlsx,
,,,,,,,,rooftop,meet-recording/data_sheets_historical/mangal all data sheet/PTM ROOFTOP/TMV ROOFTOP - JANUARY 2026.xlsx,
2026-01-14 07:50:54,300.0,0.0,0.0,300.0,YESAP60150122715,2026-01-15 02:20:45,UPI,rooftop,meet-recording/data_sheets_historical/mangal all data sheet/PTM ROOFTOP/TMV ROOFTOP - JANUARY 2026.xlsx,
2026-01-14 15:18:39,349.0,0.0,0.0,349.0,YESAP60150122715,2026-01-15 02:20:45,UPI,rooftop,meet-recording/data_sheets_historical/mangal all data sheet/PTM ROOFTOP/TMV ROOFTOP - JANUARY 2026.xlsx,
2026-01-14 16:06:39,1596.0,0.0,0.0,1596.0,YESAP60150122715,2026-01-15 02:20:45,UPI,rooftop,meet-recording/data_sheets_historical/mangal all data sheet/PTM ROOFTOP/TMV ROOFTOP - JANUARY 2026.xlsx,
2026-01-14 16:11:41,528.0,0.0,0.0,528.0,YESAP60150122715,2026-01-15 02:20:45,UPI,rooftop,meet-recording/data_sheets_historical/mangal all data sheet/PTM ROOFTOP/TMV ROOFTOP - JANUARY 2026.xlsx,
2026-01-14 16:18:25,1700.0,38.25,6.89,1654.86,YESAP60150122715,2026-01-15 02:20:45,UPI_CREDIT_CARD,rooftop,meet-recording/data_sheets_historical/mangal all data sheet/PTM ROOFTOP/TMV ROOFTOP - JANUARY 2026.xlsx,
2026-01-14 17:41:35,469.0,0.0,0.0,469.0,YESAP60150122715,2026-01-15 02:20:45,UPI,rooftop,meet-recording/data_sheets_historical/mangal all data sheet/PTM ROOFTOP/TMV ROOFTOP - JANUARY 2026.xlsx,
2026-01-14 17:45:05,20.0,0.0,0.0,20.0,YESAP60150122715,2026-01-15 02:20:45,UPI,rooftop,meet-recording/data_sheets_historical/mangal all data sheet/PTM ROOFTOP/TMV ROOFTOP - JANUARY 2026.xlsx,
2026-01-14 19:48:48,299.0,0.0,0.0,299.0,YESAP60150122715,2026-01-15 02:20:45,UPI,rooftop,meet-recording/data_sheets_historical/mangal all data sheet/PTM ROOFTOP/TMV ROOFTOP - JANUARY 2026.xlsx,
2026-01-14 20:03:23,120.0,0.0,0.0,120.0,YESAP60150122715,2026-01-15 02:20:45,UPI,rooftop,meet-recording/data_sheets_historical/mangal all data sheet/PTM ROOFTOP/TMV ROOFTOP - JANUARY 2026.xlsx,
2026-01-14 20:17:20,697.0,0.0,0.0,697.0,YESAP60150122715,2026-01-15 02:20:45,UPI,rooftop,meet-recording/data_sheets_historical/mangal all data sheet/PTM ROOFTOP/TMV ROOFTOP - JANUARY 2026.xlsx,
2026-01-14 20:23:24,1247.0,43.65,0.0,1203.35,YESAP60150122715,2026-01-15 02:20:45,CREDIT_CARD,rooftop,meet-recording/data_sheets_historical/mangal all data sheet/PTM ROOFTOP/TMV ROOFTOP - JANUARY 2026.xlsx,
2026-01-14 20:54:34,2322.0,0.0,0.0,2322.0,YESAP60150122715,2026-01-15 02:20:45,UPI,rooftop,meet-recording/data_sheets_historical/mangal all data sheet/PTM ROOFTOP/TMV ROOFTOP - JANUARY 2026.xlsx,
2026-01-14 20:58:37,1734.0,0.0,0.0,1734.0,YESAP60150122715,2026-01-15 02:20:45,UPI,rooftop,meet-recording/data_sheets_historical/mangal all data sheet/PTM ROOFTOP/TMV ROOFTOP - JANUARY 2026.xlsx,
2026-01-14 21:36:35,359.0,0.0,0.0,359.0,YESAP60150122715,2026-01-15 02:20:45,UPI,rooftop,meet-recording/data_sheets_historical/mangal all data sheet/PTM ROOFTOP/TMV ROOFTOP - JANUARY 2026.xlsx,
2026-01-14 22:01:04,578.0,0.0,0.0,578.0,YESAP60150122715,2026-01-15 02:20:45,UPI_LITE,rooftop,meet-recording/data_sheets_historical/mangal all data sheet/PTM ROOFTOP/TMV ROOFTOP - JANUARY 2026.xlsx,
2026-01-14 22:15:12,120.0,0.0,0.0,120.0,YESAP60150122715,2026-01-15 02:20:45,UPI,rooftop,meet-recording/data_sheets_historical/mangal all data sheet/PTM ROOFTOP/TMV ROOFTOP - JANUARY 2026.xlsx,
2026-01-14 22:28:37,29.0,0.0,0.0,29.0,YESAP60150122715,2026-01-15 02:20:45,UPI,rooftop,meet-recording/data_sheets_historical/mangal all data sheet/PTM ROOFTOP/TMV ROOFTOP - JANUARY 2026.xlsx,
2026-01-14 22:51:53,648.0,0.0,0.0,648.0,YESAP60150122715,2026-01-15 02:20:45,UPI,rooftop,meet-recording/data_sheets_historical/mangal all data sheet/PTM ROOFTOP/TMV ROOFTOP - JANUARY 2026.xlsx,
2026-01-14 22:54:22,1116.0,0.0,0.0,1116.0,YESAP60150122715,2026-01-15 02:20:45,UPI,rooftop,meet-recording/data_sheets_historical/mangal all data sheet/PTM ROOFTOP/TMV ROOFTOP - JANUARY 2026.xlsx,
,,,,,,,,rooftop,meet-recording/data_sheets_historical/mangal all data sheet/PTM ROOFTOP/TMV ROOFTOP - JANUARY 2026.xlsx,
2026-01-15 07:27:15,20.0,0.0,0.0,20.0,YESAP60160022027,2026-01-16 02:07:23,UPI_LITE,rooftop,meet-recording/data_sheets_historical/mangal all data sheet/PTM ROOFTOP/TMV ROOFTOP - JANUARY 2026.xlsx,
2026-01-15 07:47:00,120.0,0.0,0.0,120.0,YESAP60160022027,2026-01-16 02:07:23,UPI_PPIWALLET,rooftop,meet-recording/data_sheets_historical/mangal all data sheet/PTM ROOFTOP/TMV ROOFTOP - JANUARY 2026.xlsx,
2026-01-15 09:53:47,120.0,0.0,0.0,120.0,YESAP60160022027,2026-01-16 02:07:23,UPI,rooftop,meet-recording/data_sheets_historical/mangal all data sheet/PTM ROOFTOP/TMV ROOFTOP - JANUARY 2026.xlsx,
2026-01-15 12:57:57,509.0,0.0,0.0,509.0,YESAP60160022027,2026-01-16 02:07:23,UPI,rooftop,meet-recording/data_sheets_historical/mangal all data sheet/PTM ROOFTOP/TMV ROOFTOP - JANUARY 2026.xlsx,
2026-01-15 13:02:54,1950.0,0.0,0.0,1950.0,YESAP60160022027,2026-01-16 02:07:23,UPI,rooftop,meet-recording/data_sheets_historical/mangal all data sheet/PTM ROOFTOP/TMV ROOFTOP - JANUARY 2026.xlsx,
2026-01-15 13:43:07,2242.0,0.0,0.0,2242.0,YESAP60160022027,2026-01-16 02:07:23,UPI,rooftop,meet-recording/data_sheets_historical/mangal all data sheet/PTM ROOFTOP/TMV ROOFTOP - JANUARY 2026.xlsx,
2026-01-15 13:55:19,693.0,10.4,0.0,682.6,YESAP60160022027,2026-01-16 02:07:23,CREDIT_CARD,rooftop,meet-recording/data_sheets_historical/mangal all data sheet/PTM ROOFTOP/TMV ROOFTOP - JANUARY 2026.xlsx,
2026-01-15 14:42:27,75.0,0.0,0.0,75.0,YESAP60160022027,2026-01-16 02:07:23,UPI,rooftop,meet-recording/data_sheets_historical/mangal all data sheet/PTM ROOFTOP/TMV ROOFTOP - JANUARY 2026.xlsx,
2026-01-15 14:49:51,1167.0,0.0,0.0,1167.0,YESAP60160022027,2026-01-16 02:07:23,UPI,rooftop,meet-recording/data_sheets_historical/mangal all data sheet/PTM ROOFTOP/TMV ROOFTOP - JANUARY 2026.xlsx,
2026-01-15 16:00:40,1846.0,0.0,0.0,1846.0,YESAP60160022027,2026-01-16 02:07:23,UPI,rooftop,meet-recording/data_sheets_historical/mangal all data sheet/PTM ROOFTOP/TMV ROOFTOP - JANUARY 2026.xlsx,
2026-01-15 18:46:28,349.0,0.0,0.0,349.0,YESAP60160022027,2026-01-16 02:07:23,UPI,rooftop,meet-recording/data_sheets_historical/mangal all data sheet/PTM ROOFTOP/TMV ROOFTOP - JANUARY 2026.xlsx,
2026-01-15 20:37:46,1357.0,0.0,0.0,1357.0,YESAP60160022027,2026-01-16 02:07:23,UPI,rooftop,meet-recording/data_sheets_historical/mangal all data sheet/PTM ROOFTOP/TMV ROOFTOP - JANUARY 2026.xlsx,
2026-01-15 20:53:35,1385.0,31.16,5.61,1348.23,YESAP60160022027,2026-01-16 02:07:23,UPI_CREDIT_CARD,rooftop,meet-recording/data_sheets_historical/mangal all data sheet/PTM ROOFTOP/TMV ROOFTOP - JANUARY 2026.xlsx,
2026-01-15 21:25:05,179.0,0.0,0.0,179.0,YESAP60160022027,2026-01-16 02:07:23,UPI,rooftop,meet-recording/data_sheets_historical/mangal all data sheet/PTM ROOFTOP/TMV ROOFTOP - JANUARY 2026.xlsx,
2026-01-15 21:30:21,578.0,13.01,2.34,562.65,YESAP60160022027,2026-01-16 02:07:23,UPI_CREDIT_CARD,rooftop,meet-recording/data_sheets_historical/mangal all data sheet/PTM ROOFTOP/TMV ROOFTOP - JANUARY 2026.xlsx,
2026-01-15 21:55:45,17.0,0.0,0.0,17.0,YESAP60160022027,2026-01-16 02:07:23,UPI,rooftop,meet-recording/data_sheets_historical/mangal all data sheet/PTM ROOFTOP/TMV ROOFTOP - JANUARY 2026.xlsx,
2026-01-15 21:58:47,678.0,15.26,2.75,659.99,YESAP60160022027,2026-01-16 02:07:23,UPI_CREDIT_CARD,rooftop,meet-recording/data_sheets_historical/mangal all data sheet/PTM ROOFTOP/TMV ROOFTOP - JANUARY 2026.xlsx,
2026-01-15 22:05:11,498.0,11.21,2.02,484.77,YESAP60160022027,2026-01-16 02:07:23,UPI_CREDIT_CARD,rooftop,meet-recording/data_sheets_historical/mangal all data sheet/PTM ROOFTOP/TMV ROOFTOP - JANUARY 2026.xlsx,
2026-01-15 22:21:02,309.0,0.0,0.0,309.0,YESAP60160022027,2026-01-16 02:07:23,UPI,rooftop,meet-recording/data_sheets_historical/mangal all data sheet/PTM ROOFTOP/TMV ROOFTOP - JANUARY 2026.xlsx,
2026-01-15 22:28:46,120.0,0.0,0.0,120.0,YESAP60160022027,2026-01-16 02:07:23,UPI,rooftop,meet-recording/data_sheets_historical/mangal all data sheet/PTM ROOFTOP/TMV ROOFTOP - JANUARY 2026.xlsx,
,,,,,,,,rooftop,meet-recording/data_sheets_historical/mangal all data sheet/PTM ROOFTOP/TMV ROOFTOP - JANUARY 2026.xlsx,
2026-01-16 09:35:59,300.0,0.0,0.0,300.0,YESAP60170065187,2026-01-17 02:17:45,UPI,rooftop,meet-recording/data_sheets_historical/mangal all data sheet/PTM ROOFTOP/TMV ROOFTOP - JANUARY 2026.xlsx,
2026-01-16 09:55:44,20.0,0.45,0.08,19.47,YESAP60170065187,2026-01-17 02:17:45,UPI_CREDIT_CARD,rooftop,meet-recording/data_sheets_historical/mangal all data sheet/PTM ROOFTOP/TMV ROOFTOP - JANUARY 2026.xlsx,
2026-01-16 10:31:09,40.0,0.0,0.0,40.0,YESAP60170065187,2026-01-17 02:17:45,UPI,rooftop,meet-recording/data_sheets_historical/mangal all data sheet/PTM ROOFTOP/TMV ROOFTOP - JANUARY 2026.xlsx,
2026-01-16 14:22:36,249.0,5.6,1.01,242.39,YESAP60170065187,2026-01-17 02:17:45,UPI_CREDIT_CARD,rooftop,meet-recording/data_sheets_historical/mangal all data sheet/PTM ROOFTOP/TMV ROOFTOP - JANUARY 2026.xlsx,
2026-01-16 14:45:23,1430.0,50.05,0.0,1379.95,YESAP60170065187,2026-01-17 02:17:45,CREDIT_CARD,rooftop,meet-recording/data_sheets_historical/mangal all data sheet/PTM ROOFTOP/TMV ROOFTOP - JANUARY 2026.xlsx,
2026-01-16 14:48:51,5232.0,0.0,0.0,5232.0,YESAP60170065187,2026-01-17 02:17:45,UPI,rooftop,meet-recording/data_sheets_historical/mangal all data sheet/PTM ROOFTOP/TMV ROOFTOP - JANUARY 2026.xlsx,
2026-01-16 15:32:17,509.0,0.0,0.0,509.0,YESAP60170065187,2026-01-17 02:17:45,UPI,rooftop,meet-recording/data_sheets_historical/mangal all data sheet/PTM ROOFTOP/TMV ROOFTOP - JANUARY 2026.xlsx,
2026-01-16 16:15:06,60.0,0.0,0.0,60.0,YESAP60170065187,2026-01-17 02:17:45,UPI,rooftop,meet-recording/data_sheets_historical/mangal all data sheet/PTM ROOFTOP/TMV ROOFTOP - JANUARY 2026.xlsx,
2026-01-16 16:31:47,299.0,0.0,0.0,299.0,YESAP60170065187,2026-01-17 02:17:45,UPI_PPIWALLET,rooftop,meet-recording/data_sheets_historical/mangal all data sheet/PTM ROOFTOP/TMV ROOFTOP - JANUARY 2026.xlsx,
2026-01-16 18:28:27,180.0,0.0,0.0,180.0,YESAP60170065187,2026-01-17 02:17:45,UPI,rooftop,meet-recording/data_sheets_historical/mangal all data sheet/PTM ROOFTOP/TMV ROOFTOP - JANUARY 2026.xlsx,
2026-01-16 18:41:34,180.0,0.0,0.0,180.0,YESAP60170065187,2026-01-17 02:17:45,UPI,rooftop,meet-recording/data_sheets_historical/mangal all data sheet/PTM ROOFTOP/TMV ROOFTOP - JANUARY 2026.xlsx,
2026-01-16 19:01:07,120.0,0.0,0.0,120.0,YESAP60170065187,2026-01-17 02:17:45,UPI,rooftop,meet-recording/data_sheets_historical/mangal all data sheet/PTM ROOFTOP/TMV ROOFTOP - JANUARY 2026.xlsx,
2026-01-16 20:27:58,688.0,0.0,0.0,688.0,YESAP60170065187,2026-01-17 02:17:45,UPI,rooftop,meet-recording/data_sheets_historical/mangal all data sheet/PTM ROOFTOP/TMV ROOFTOP - JANUARY 2026.xlsx,
2026-01-16 20:32:51,498.0,17.43,0.0,480.57,YESAP60170065187,2026-01-17 02:17:45,DEBIT_CARD,rooftop,meet-recording/data_sheets_historical/mangal all data sheet/PTM ROOFTOP/TMV ROOFTOP - JANUARY 2026.xlsx,
2026-01-16 21:30:12,5429.0,0.0,0.0,5429.0,YESAP60170065187,2026-01-17 02:17:45,UPI,rooftop,meet-recording/data_sheets_historical/mangal all data sheet/PTM ROOFTOP/TMV ROOFTOP - JANUARY 2026.xlsx,
2026-01-16 21:46:16,1924.0,0.0,0.0,1924.0,YESAP60170065187,2026-01-17 02:17:45,UPI,rooftop,meet-recording/data_sheets_historical/mangal all data sheet/PTM ROOFTOP/TMV ROOFTOP - JANUARY 2026.xlsx,
2026-01-16 21:47:37,658.0,0.0,0.0,658.0,YESAP60170065187,2026-01-17 02:17:45,UPI,rooftop,meet-recording/data_sheets_historical/mangal all data sheet/PTM ROOFTOP/TMV ROOFTOP - JANUARY 2026.xlsx,
2026-01-16 21:48:14,1924.0,0.0,0.0,1924.0,YESAP60170065187,2026-01-17 02:17:45,UPI,rooftop,meet-recording/data_sheets_historical/mangal all data sheet/PTM ROOFTOP/TMV ROOFTOP - JANUARY 2026.xlsx,
2026-01-16 21:51:51,1356.0,5.42,0.0,1350.58,YESAP60170065187,2026-01-17 02:17:45,DEBIT_CARD,rooftop,meet-recording/data_sheets_historical/mangal all data sheet/PTM ROOFTOP/TMV ROOFTOP - JANUARY 2026.xlsx,
2026-01-16 22:29:30,537.0,0.0,0.0,537.0,YESAP60170065187,2026-01-17 02:17:45,UPI,rooftop,meet-recording/data_sheets_historical/mangal all data sheet/PTM ROOFTOP/TMV ROOFTOP - JANUARY 2026.xlsx,
2026-01-16 22:36:52,60.0,0.0,0.0,60.0,YESAP60170065187,2026-01-17 02:17:45,UPI,rooftop,meet-recording/data_sheets_historical/mangal all data sheet/PTM ROOFTOP/TMV ROOFTOP - JANUARY 2026.xlsx,
2026-01-16 22:40:05,419.0,0.0,0.0,419.0,YESAP60170065187,2026-01-17 02:17:45,UPI,rooftop,meet-recording/data_sheets_historical/mangal all data sheet/PTM ROOFTOP/TMV ROOFTOP - JANUARY 2026.xlsx,
2026-01-16 23:00:52,796.0,0.0,0.0,796.0,YESAP60170065187,2026-01-17 02:17:45,UPI,rooftop,meet-recording/data_sheets_historical/mangal all data sheet/PTM ROOFTOP/TMV ROOFTOP - JANUARY 2026.xlsx,
2026-01-16 23:07:32,1542.0,40.09,0.0,1501.91,YESAP60170065187,2026-01-17 02:17:45,CREDIT_CARD,rooftop,meet-recording/data_sheets_historical/mangal all data sheet/PTM ROOFTOP/TMV ROOFTOP - JANUARY 2026.xlsx,
2026-01-16 23:08:07,434.0,0.0,0.0,434.0,YESAP60170065187,2026-01-17 02:17:45,UPI_PPIWALLET,rooftop,meet-recording/data_sheets_historical/mangal all data sheet/PTM ROOFTOP/TMV ROOFTOP - JANUARY 2026.xlsx,
,,,,,,,,rooftop,meet-recording/data_sheets_historical/mangal all data sheet/PTM ROOFTOP/TMV ROOFTOP - JANUARY 2026.xlsx,
2026-01-17 08:13:00,120.0,0.0,0.0,120.0,YESAP60181218132,2026-01-18 04:48:24,UPI_PPIWALLET,rooftop,meet-recording/data_sheets_historical/mangal all data sheet/PTM ROOFTOP/TMV ROOFTOP - JANUARY 2026.xlsx,
2026-01-17 12:12:45,744.0,0.0,0.0,744.0,YESAP60181218132,2026-01-18 04:48:24,UPI,rooftop,meet-recording/data_sheets_historical/mangal all data sheet/PTM ROOFTOP/TMV ROOFTOP - JANUARY 2026.xlsx,
2026-01-17 12:55:41,1834.0,41.27,7.43,1785.3,YESAP60181218132,2026-01-18 04:48:24,UPI_CREDIT_CARD,rooftop,meet-recording/data_sheets_historical/mangal all data sheet/PTM ROOFTOP/TMV ROOFTOP - JANUARY 2026.xlsx,
2026-01-17 13:19:55,269.0,6.05,1.09,261.86,YESAP60181218132,2026-01-18 04:48:24,UPI_CREDIT_CARD,rooftop,meet-recording/data_sheets_historical/mangal all data sheet/PTM ROOFTOP/TMV ROOFTOP - JANUARY 2026.xlsx,
2026-01-17 15:09:34,883.0,0.0,0.0,883.0,YESAP60181218132,2026-01-18 04:48:24,UPI,rooftop,meet-recording/data_sheets_historical/mangal all data sheet/PTM ROOFTOP/TMV ROOFTOP - JANUARY 2026.xlsx,
2026-01-17 15:13:07,2449.0,0.0,0.0,2449.0,YESAP60181218132,2026-01-18 04:48:24,UPI,rooftop,meet-recording/data_sheets_historical/mangal all data sheet/PTM ROOFTOP/TMV ROOFTOP - JANUARY 2026.xlsx,
2026-01-17 15:42:21,1186.0,0.0,0.0,1186.0,YESAP60181218132,2026-01-18 04:48:24,UPI,rooftop,meet-recording/data_sheets_historical/mangal all data sheet/PTM ROOFTOP/TMV ROOFTOP - JANUARY 2026.xlsx,
2026-01-17 19:03:44,409.0,0.0,0.0,409.0,YESAP60181218132,2026-01-18 04:48:24,UPI,rooftop,meet-recording/data_sheets_historical/mangal all data sheet/PTM ROOFTOP/TMV ROOFTOP - JANUARY 2026.xlsx,
2026-01-17 19:09:50,120.0,0.0,0.0,120.0,YESAP60181218132,2026-01-18 04:48:24,UPI,rooftop,meet-recording/data_sheets_historical/mangal all data sheet/PTM ROOFTOP/TMV ROOFTOP - JANUARY 2026.xlsx,
2026-01-17 20:01:11,140.0,3.15,0.57,136.28,YESAP60181218132,2026-01-18 04:48:24,UPI_CREDIT_CARD,rooftop,meet-recording/data_sheets_historical/mangal all data sheet/PTM ROOFTOP/TMV ROOFTOP - JANUARY 2026.xlsx,
2026-01-17 20:24:48,638.0,19.08,0.0,618.92,YESAP60181218132,2026-01-18 04:48:24,CREDIT_CARD,rooftop,meet-recording/data_sheets_historical/mangal all data sheet/PTM ROOFTOP/TMV ROOFTOP - JANUARY 2026.xlsx,
2026-01-17 20:54:30,1235.0,0.0,0.0,1235.0,YESAP60181218132,2026-01-18 04:48:24,UPI,rooftop,meet-recording/data_sheets_historical/mangal all data sheet/PTM ROOFTOP/TMV ROOFTOP - JANUARY 2026.xlsx,
2026-01-17 20:54:34,479.0,0.0,0.0,479.0,YESAP60181218132,2026-01-18 04:48:24,UPI,rooftop,meet-recording/data_sheets_historical/mangal all data sheet/PTM ROOFTOP/TMV ROOFTOP - JANUARY 2026.xlsx,
2026-01-17 20:56:01,927.0,32.45,0.0,894.55,YESAP60181218132,2026-01-18 04:48:24,DEBIT_CARD,rooftop,meet-recording/data_sheets_historical/mangal all data sheet/PTM ROOFTOP/TMV ROOFTOP - JANUARY 2026.xlsx,
2026-01-17 20:58:36,1157.0,0.0,0.0,1157.0,YESAP60181218132,2026-01-18 04:48:24,UPI,rooftop,meet-recording/data_sheets_historical/mangal all data sheet/PTM ROOFTOP/TMV ROOFTOP - JANUARY 2026.xlsx,
2026-01-17 21:17:45,508.0,0.0,0.0,508.0,YESAP60181218132,2026-01-18 04:48:24,UPI,rooftop,meet-recording/data_sheets_historical/mangal all data sheet/PTM ROOFTOP/TMV ROOFTOP - JANUARY 2026.xlsx,
2026-01-17 21:17:56,100.0,2.25,0.41,97.34,YESAP60181218132,2026-01-18 04:48:24,UPI_CREDIT_CARD,rooftop,meet-recording/data_sheets_historical/mangal all data sheet/PTM ROOFTOP/TMV ROOFTOP - JANUARY 2026.xlsx,
2026-01-17 21:29:48,40.0,0.0,0.0,40.0,YESAP60181218132,2026-01-18 04:48:24,UPI,rooftop,meet-recording/data_sheets_historical/mangal all data sheet/PTM ROOFTOP/TMV ROOFTOP - JANUARY 2026.xlsx,
2026-01-17 21:47:11,867.0,19.51,3.51,843.98,YESAP60181218132,2026-01-18 04:48:24,UPI_CREDIT_CARD,rooftop,meet-recording/data_sheets_historical/mangal all data sheet/PTM ROOFTOP/TMV ROOFTOP - JANUARY 2026.xlsx,
2026-01-17 23:41:00,8298.0,0.0,0.0,8298.0,YESAP60181218132,2026-01-18 04:48:24,UPI,rooftop,meet-recording/data_sheets_historical/mangal all data sheet/PTM ROOFTOP/TMV ROOFTOP - JANUARY 2026.xlsx,
,,,,,,,,rooftop,meet-recording/data_sheets_historical/mangal all data sheet/PTM ROOFTOP/TMV ROOFTOP - JANUARY 2026.xlsx,
2026-01-18 08:26:20,60.0,0.0,0.0,60.0,YESAP60190908079,2026-01-19 03:27:07,UPI,rooftop,meet-recording/data_sheets_historical/mangal all data sheet/PTM ROOFTOP/TMV ROOFTOP - JANUARY 2026.xlsx,
2026-01-18 10:33:24,600.0,0.0,0.0,600.0,YESAP60190908079,2026-01-19 03:27:07,UPI,rooftop,meet-recording/data_sheets_historical/mangal all data sheet/PTM ROOFTOP/TMV ROOFTOP - JANUARY 2026.xlsx,
2026-01-18 11:47:07,448.0,0.0,0.0,448.0,YESAP60190908079,2026-01-19 03:27:07,UPI,rooftop,meet-recording/data_sheets_historical/mangal all data sheet/PTM ROOFTOP/TMV ROOFTOP - JANUARY 2026.xlsx,
2026-01-18 11:47:28,20.0,0.0,0.0,20.0,YESAP60190908079,2026-01-19 03:27:07,UPI,rooftop,meet-recording/data_sheets_historical/mangal all data sheet/PTM ROOFTOP/TMV ROOFTOP - JANUARY 2026.xlsx,
2026-01-18 12:54:29,200.0,0.0,0.0,200.0,YESAP60190908079,2026-01-19 03:27:07,UPI,rooftop,meet-recording/data_sheets_historical/mangal all data sheet/PTM ROOFTOP/TMV ROOFTOP - JANUARY 2026.xlsx,
2026-01-18 13:47:30,747.0,0.0,0.0,747.0,YESAP60190908079,2026-01-19 03:27:07,UPI,rooftop,meet-recording/data_sheets_historical/mangal all data sheet/PTM ROOFTOP/TMV ROOFTOP - JANUARY 2026.xlsx,
2026-01-18 15:13:43,1705.0,59.68,0.0,1645.32,YESAP60190908079,2026-01-19 03:27:07,CREDIT_CARD,rooftop,meet-recording/data_sheets_historical/mangal all data sheet/PTM ROOFTOP/TMV ROOFTOP - JANUARY 2026.xlsx,
2026-01-18 16:46:13,1716.0,0.0,0.0,1716.0,YESAP60190908079,2026-01-19 03:27:07,UPI,rooftop,meet-recording/data_sheets_historical/mangal all data sheet/PTM ROOFTOP/TMV ROOFTOP - JANUARY 2026.xlsx,
2026-01-18 16:49:45,469.0,0.0,0.0,469.0,YESAP60190908079,2026-01-19 03:27:07,UPI,rooftop,meet-recording/data_sheets_historical/mangal all data sheet/PTM ROOFTOP/TMV ROOFTOP - JANUARY 2026.xlsx,
2026-01-18 17:04:33,310.0,0.0,0.0,310.0,YESAP60190908079,2026-01-19 03:27:07,UPI,rooftop,meet-recording/data_sheets_historical/mangal all data sheet/PTM ROOFTOP/TMV ROOFTOP - JANUARY 2026.xlsx,
2026-01-18 20:25:17,100.0,2.25,0.41,97.34,YESAP60190908079,2026-01-19 03:27:07,UPI_CREDIT_CARD,rooftop,meet-recording/data_sheets_historical/mangal all data sheet/PTM ROOFTOP/TMV ROOFTOP - JANUARY 2026.xlsx,
2026-01-18 20:49:42,2453.0,0.0,0.0,2453.0,YESAP60190908079,2026-01-19 03:27:07,UPI,rooftop,meet-recording/data_sheets_historical/mangal all data sheet/PTM ROOFTOP/TMV ROOFTOP - JANUARY 2026.xlsx,
2026-01-18 20:51:56,758.0,0.0,0.0,758.0,YESAP60190908079,2026-01-19 03:27:07,UPI,rooftop,meet-recording/data_sheets_historical/mangal all data sheet/PTM ROOFTOP/TMV ROOFTOP - JANUARY 2026.xlsx,
2026-01-18 21:27:34,598.0,13.46,2.42,582.12,YESAP60190908079,2026-01-19 03:27:07,UPI_CREDIT_CARD,rooftop,meet-recording/data_sheets_historical/mangal all data sheet/PTM ROOFTOP/TMV ROOFTOP - JANUARY 2026.xlsx,
2026-01-18 22:09:22,1480.0,0.0,0.0,1480.0,YESAP60190908079,2026-01-19 03:27:07,UPI,rooftop,meet-recording/data_sheets_historical/mangal all data sheet/PTM ROOFTOP/TMV ROOFTOP - JANUARY 2026.xlsx,
2026-01-18 22:29:26,2336.0,0.0,0.0,2336.0,YESAP60190908079,2026-01-19 03:27:07,UPI,rooftop,meet-recording/data_sheets_historical/mangal all data sheet/PTM ROOFTOP/TMV ROOFTOP - JANUARY 2026.xlsx,
2026-01-18 22:30:00,1834.0,0.0,0.0,1834.0,YESAP60190908079,2026-01-19 03:27:07,UPI,rooftop,meet-recording/data_sheets_historical/mangal all data sheet/PTM ROOFTOP/TMV ROOFTOP - JANUARY 2026.xlsx,
2026-01-18 22:56:25,100.0,0.0,0.0,100.0,YESAP60190908079,2026-01-19 03:27:07,UPI,rooftop,meet-recording/data_sheets_historical/mangal all data sheet/PTM ROOFTOP/TMV ROOFTOP - JANUARY 2026.xlsx,
2026-01-18 23:04:05,627.0,0.0,0.0,627.0,YESAP60190908079,2026-01-19 03:27:07,UPI,rooftop,meet-recording/data_sheets_historical/mangal all data sheet/PTM ROOFTOP/TMV ROOFTOP - JANUARY 2026.xlsx,
,,,,,,,,rooftop,meet-recording/data_sheets_historical/mangal all data sheet/PTM ROOFTOP/TMV ROOFTOP - JANUARY 2026.xlsx,
2026-01-19 07:13:59,20.0,0.0,0.0,20.0,YESAP60200184860,2026-01-20 02:25:03,UPI,rooftop,meet-recording/data_sheets_historical/mangal all data sheet/PTM ROOFTOP/TMV ROOFTOP - JANUARY 2026.xlsx,
2026-01-19 07:35:57,240.0,0.0,0.0,240.0,YESAP60200184860,2026-01-20 02:25:03,UPI,rooftop,meet-recording/data_sheets_historical/mangal all data sheet/PTM ROOFTOP/TMV ROOFTOP - JANUARY 2026.xlsx,
2026-01-19 13:51:16,867.0,19.51,3.51,843.98,YESAP60200184860,2026-01-20 02:25:03,UPI_CREDIT_CARD,rooftop,meet-recording/data_sheets_historical/mangal all data sheet/PTM ROOFTOP/TMV ROOFTOP - JANUARY 2026.xlsx,
2026-01-19 14:12:27,598.0,0.0,0.0,598.0,YESAP60200184860,2026-01-20 02:25:03,UPI,rooftop,meet-recording/data_sheets_historical/mangal all data sheet/PTM ROOFTOP/TMV ROOFTOP - JANUARY 2026.xlsx,
2026-01-19 14:21:46,60.0,1.35,0.24,58.41,YESAP60200184860,2026-01-20 02:25:03,UPI_CREDIT_CARD,rooftop,meet-recording/data_sheets_historical/mangal all data sheet/PTM ROOFTOP/TMV ROOFTOP - JANUARY 2026.xlsx,
2026-01-19 15:40:42,2211.0,0.0,0.0,2211.0,YESAP60200184860,2026-01-20 02:25:03,UPI,rooftop,meet-recording/data_sheets_historical/mangal all data sheet/PTM ROOFTOP/TMV ROOFTOP - JANUARY 2026.xlsx,
2026-01-19 18:53:59,179.0,0.0,0.0,179.0,YESAP60200184860,2026-01-20 02:25:03,UPI,rooftop,meet-recording/data_sheets_historical/mangal all data sheet/PTM ROOFTOP/TMV ROOFTOP - JANUARY 2026.xlsx,
2026-01-19 20:41:46,40.0,0.0,0.0,40.0,YESAP60200184860,2026-01-20 02:25:03,UPI,rooftop,meet-recording/data_sheets_historical/mangal all data sheet/PTM ROOFTOP/TMV ROOFTOP - JANUARY 2026.xlsx,
2026-01-19 20:46:38,50.0,1.13,0.2,48.67,YESAP60200184860,2026-01-20 02:25:03,UPI_CREDIT_CARD,rooftop,meet-recording/data_sheets_historical/mangal all data sheet/PTM ROOFTOP/TMV ROOFTOP - JANUARY 2026.xlsx,
2026-01-19 21:59:31,846.0,0.0,0.0,846.0,YESAP60200184860,2026-01-20 02:25:03,UPI,rooftop,meet-recording/data_sheets_historical/mangal all data sheet/PTM ROOFTOP/TMV ROOFTOP - JANUARY 2026.xlsx,
2026-01-19 22:18:07,149.0,0.0,0.0,149.0,YESAP60200184860,2026-01-20 02:25:03,UPI,rooftop,meet-recording/data_sheets_historical/mangal all data sheet/PTM ROOFTOP/TMV ROOFTOP - JANUARY 2026.xlsx,
2026-01-19 22:25:08,1733.0,0.0,0.0,1733.0,YESAP60200184860,2026-01-20 02:25:03,UPI,rooftop,meet-recording/data_sheets_historical/mangal all data sheet/PTM ROOFTOP/TMV ROOFTOP - JANUARY 2026.xlsx,
2026-01-19 22:30:24,1217.0,18.26,0.0,1198.74,YESAP60200184860,2026-01-20 02:25:03,CREDIT_CARD,rooftop,meet-recording/data_sheets_historical/mangal all data sheet/PTM ROOFTOP/TMV ROOFTOP - JANUARY 2026.xlsx,
,,,,,,,,rooftop,meet-recording/data_sheets_historical/mangal all data sheet/PTM ROOFTOP/TMV ROOFTOP - JANUARY 2026.xlsx,
2026-01-20 07:50:44,240.0,0.0,0.0,240.0,YESAP60210210892,2026-01-21 02:32:58,UPI,rooftop,meet-recording/data_sheets_historical/mangal all data sheet/PTM ROOFTOP/TMV ROOFTOP - JANUARY 2026.xlsx,
2026-01-20 08:22:41,20.0,0.0,0.0,20.0,YESAP60210210892,2026-01-21 02:32:58,UPI,rooftop,meet-recording/data_sheets_historical/mangal all data sheet/PTM ROOFTOP/TMV ROOFTOP - JANUARY 2026.xlsx,
2026-01-20 08:52:52,20.0,0.0,0.0,20.0,YESAP60210210892,2026-01-21 02:32:58,UPI,rooftop,meet-recording/data_sheets_historical/mangal all data sheet/PTM ROOFTOP/TMV ROOFTOP - JANUARY 2026.xlsx,
2026-01-20 12:51:37,568.0,19.88,0.0,548.12,YESAP60210210892,2026-01-21 02:32:58,DEBIT_CARD,rooftop,meet-recording/data_sheets_historical/mangal all data sheet/PTM ROOFTOP/TMV ROOFTOP - JANUARY 2026.xlsx,
2026-01-20 12:53:15,968.0,0.0,0.0,968.0,YESAP60210210892,2026-01-21 02:32:58,UPI,rooftop,meet-recording/data_sheets_historical/mangal all data sheet/PTM ROOFTOP/TMV ROOFTOP - JANUARY 2026.xlsx,
2026-01-20 14:14:00,1726.0,0.0,0.0,1726.0,YESAP60210210892,2026-01-21 02:32:58,UPI,rooftop,meet-recording/data_sheets_historical/mangal all data sheet/PTM ROOFTOP/TMV ROOFTOP - JANUARY 2026.xlsx,
2026-01-20 14:18:16,489.0,0.0,0.0,489.0,YESAP60210210892,2026-01-21 02:32:58,UPI_LITE,rooftop,meet-recording/data_sheets_historical/mangal all data sheet/PTM ROOFTOP/TMV ROOFTOP - JANUARY 2026.xlsx,
2026-01-20 14:58:23,898.0,0.0,0.0,898.0,YESAP60210210892,2026-01-21 02:32:58,UPI,rooftop,meet-recording/data_sheets_historical/mangal all data sheet/PTM ROOFTOP/TMV ROOFTOP - JANUARY 2026.xlsx,
2026-01-20 15:08:25,2477.0,86.7,15.61,2374.69,YESAP60210210892,2026-01-21 02:32:58,CREDIT_CARD,rooftop,meet-recording/data_sheets_historical/mangal all data sheet/PTM ROOFTOP/TMV ROOFTOP - JANUARY 2026.xlsx,
2026-01-20 16:35:41,2330.0,0.0,0.0,2330.0,YESAP60210210892,2026-01-21 02:32:58,UPI,rooftop,meet-recording/data_sheets_historical/mangal all data sheet/PTM ROOFTOP/TMV ROOFTOP - JANUARY 2026.xlsx,
2026-01-20 19:47:30,389.0,5.84,0.0,383.16,YESAP60210210892,2026-01-21 02:32:58,CREDIT_CARD,rooftop,meet-recording/data_sheets_historical/mangal all data sheet/PTM ROOFTOP/TMV ROOFTOP - JANUARY 2026.xlsx,
2026-01-20 20:20:26,1671.0,0.0,0.0,1671.0,YESAP60210210892,2026-01-21 02:32:58,UPI,rooftop,meet-recording/data_sheets_historical/mangal all data sheet/PTM ROOFTOP/TMV ROOFTOP - JANUARY 2026.xlsx,
2026-01-20 20:32:26,977.0,0.0,0.0,977.0,YESAP60210210892,2026-01-21 02:32:58,UPI,rooftop,meet-recording/data_sheets_historical/mangal all data sheet/PTM ROOFTOP/TMV ROOFTOP - JANUARY 2026.xlsx,
2026-01-20 20:46:01,1048.0,36.68,0.0,1011.32,YESAP60210210892,2026-01-21 02:32:58,DEBIT_CARD,rooftop,meet-recording/data_sheets_historical/mangal all data sheet/PTM ROOFTOP/TMV ROOFTOP - JANUARY 2026.xlsx,
2026-01-20 20:53:25,913.0,0.0,0.0,913.0,YESAP60210210892,2026-01-21 02:32:58,UPI,rooftop,meet-recording/data_sheets_historical/mangal all data sheet/PTM ROOFTOP/TMV ROOFTOP - JANUARY 2026.xlsx,
2026-01-20 21:01:05,179.0,0.0,0.0,179.0,YESAP60210210892,2026-01-21 02:32:58,UPI,rooftop,meet-recording/data_sheets_historical/mangal all data sheet/PTM ROOFTOP/TMV ROOFTOP - JANUARY 2026.xlsx,
2026-01-20 21:45:59,996.0,3.98,0.0,992.02,YESAP60210210892,2026-01-21 02:32:58,DEBIT_CARD,rooftop,meet-recording/data_sheets_historical/mangal all data sheet/PTM ROOFTOP/TMV ROOFTOP - JANUARY 2026.xlsx,
2026-01-20 22:11:45,1621.0,0.0,0.0,1621.0,YESAP60210210892,2026-01-21 02:32:58,UPI,rooftop,meet-recording/data_sheets_historical/mangal all data sheet/PTM ROOFTOP/TMV ROOFTOP - JANUARY 2026.xlsx,
2026-01-20 22:23:21,1323.0,0.0,0.0,1323.0,YESAP60210210892,2026-01-21 02:32:58,UPI,rooftop,meet-recording/data_sheets_historical/mangal all data sheet/PTM ROOFTOP/TMV ROOFTOP - JANUARY 2026.xlsx,
,,,,,,,,rooftop,meet-recording/data_sheets_historical/mangal all data sheet/PTM ROOFTOP/TMV ROOFTOP - JANUARY 2026.xlsx,
2026-01-21 10:30:29,209.0,0.0,0.0,209.0,YESAP60220731387,2026-01-22 03:11:34,UPI,rooftop,meet-recording/data_sheets_historical/mangal all data sheet/PTM ROOFTOP/TMV ROOFTOP - JANUARY 2026.xlsx,
2026-01-21 13:44:09,862.0,0.0,0.0,862.0,YESAP60220731387,2026-01-22 03:11:34,UPI,rooftop,meet-recording/data_sheets_historical/mangal all data sheet/PTM ROOFTOP/TMV ROOFTOP - JANUARY 2026.xlsx,
2026-01-21 14:16:42,718.0,0.0,0.0,718.0,YESAP60220731387,2026-01-22 03:11:34,UPI,rooftop,meet-recording/data_sheets_historical/mangal all data sheet/PTM ROOFTOP/TMV ROOFTOP - JANUARY 2026.xlsx,
2026-01-21 15:33:22,908.0,13.62,0.0,894.38,YESAP60220731387,2026-01-22 03:11:34,CREDIT_CARD,rooftop,meet-recording/data_sheets_historical/mangal all data sheet/PTM ROOFTOP/TMV ROOFTOP - JANUARY 2026.xlsx,
2026-01-21 16:11:48,60.0,0.0,0.0,60.0,YESAP60220731387,2026-01-22 03:11:34,UPI,rooftop,meet-recording/data_sheets_historical/mangal all data sheet/PTM ROOFTOP/TMV ROOFTOP - JANUARY 2026.xlsx,
2026-01-21 19:59:42,986.0,0.0,0.0,986.0,YESAP60220731387,2026-01-22 03:11:34,UPI,rooftop,meet-recording/data_sheets_historical/mangal all data sheet/PTM ROOFTOP/TMV ROOFTOP - JANUARY 2026.xlsx,
2026-01-21 20:27:33,1595.0,55.83,0.0,1539.17,YESAP60220731387,2026-01-22 03:11:34,DEBIT_CARD,rooftop,meet-recording/data_sheets_historical/mangal all data sheet/PTM ROOFTOP/TMV ROOFTOP - JANUARY 2026.xlsx,
2026-01-21 20:34:32,603.0,16.58,0.0,586.42,YESAP60220731387,2026-01-22 03:11:34,CREDIT_CARD,rooftop,meet-recording/data_sheets_historical/mangal all data sheet/PTM ROOFTOP/TMV ROOFTOP - JANUARY 2026.xlsx,
2026-01-21 20:37:52,1047.0,36.65,0.0,1010.35,YESAP60220731387,2026-01-22 03:11:34,DEBIT_CARD,rooftop,meet-recording/data_sheets_historical/mangal all data sheet/PTM ROOFTOP/TMV ROOFTOP - JANUARY 2026.xlsx,
2026-01-21 20:41:45,907.0,13.61,0.0,893.39,YESAP60220731387,2026-01-22 03:11:34,CREDIT_CARD,rooftop,meet-recording/data_sheets_historical/mangal all data sheet/PTM ROOFTOP/TMV ROOFTOP - JANUARY 2026.xlsx,
2026-01-21 20:58:31,947.0,0.0,0.0,947.0,YESAP60220731387,2026-01-22 03:11:34,UPI,rooftop,meet-recording/data_sheets_historical/mangal all data sheet/PTM ROOFTOP/TMV ROOFTOP - JANUARY 2026.xlsx,
2026-01-21 21:40:43,698.0,0.0,0.0,698.0,YESAP60220731387,2026-01-22 03:11:34,UPI,rooftop,meet-recording/data_sheets_historical/mangal all data sheet/PTM ROOFTOP/TMV ROOFTOP - JANUARY 2026.xlsx,
2026-01-21 22:04:38,67.0,0.0,0.0,67.0,YESAP60220731387,2026-01-22 03:11:34,UPI,rooftop,meet-recording/data_sheets_historical/mangal all data sheet/PTM ROOFTOP/TMV ROOFTOP - JANUARY 2026.xlsx,
2026-01-21 22:20:37,698.0,10.47,0.0,687.53,YESAP60220731387,2026-01-22 03:11:34,CREDIT_CARD,rooftop,meet-recording/data_sheets_historical/mangal all data sheet/PTM ROOFTOP/TMV ROOFTOP - JANUARY 2026.xlsx,
,,,,,,,,rooftop,meet-recording/data_sheets_historical/mangal all data sheet/PTM ROOFTOP/TMV ROOFTOP - JANUARY 2026.xlsx,
2026-01-22 11:33:00,60.0,0.0,0.0,60.0,YESAP60230200691,2026-01-23 02:20:11,UPI,rooftop,meet-recording/data_sheets_historical/mangal all data sheet/PTM ROOFTOP/TMV ROOFTOP - JANUARY 2026.xlsx,
2026-01-22 13:19:11,1008.0,0.0,0.0,1008.0,YESAP60230200691,2026-01-23 02:20:11,UPI,rooftop,meet-recording/data_sheets_historical/mangal all data sheet/PTM ROOFTOP/TMV ROOFTOP - JANUARY 2026.xlsx,
2026-01-22 14:55:01,1494.0,0.0,0.0,1494.0,YESAP60230200691,2026-01-23 02:20:11,UPI,rooftop,meet-recording/data_sheets_historical/mangal all data sheet/PTM ROOFTOP/TMV ROOFTOP - JANUARY 2026.xlsx,
2026-01-22 17:23:28,916.0,3.66,0.0,912.34,YESAP60230200691,2026-01-23 02:20:11,DEBIT_CARD,rooftop,meet-recording/data_sheets_historical/mangal all data sheet/PTM ROOFTOP/TMV ROOFTOP - JANUARY 2026.xlsx,
2026-01-22 18:04:52,60.0,0.0,0.0,60.0,YESAP60230200691,2026-01-23 02:20:11,UPI,rooftop,meet-recording/data_sheets_historical/mangal all data sheet/PTM ROOFTOP/TMV ROOFTOP - JANUARY 2026.xlsx,
2026-01-22 20:01:38,548.0,19.18,0.0,528.82,YESAP60230200691,2026-01-23 02:20:11,DEBIT_CARD,rooftop,meet-recording/data_sheets_historical/mangal all data sheet/PTM ROOFTOP/TMV ROOFTOP - JANUARY 2026.xlsx,
2026-01-22 20:47:37,934.0,0.0,0.0,934.0,YESAP60230200691,2026-01-23 02:20:11,UPI,rooftop,meet-recording/data_sheets_historical/mangal all data sheet/PTM ROOFTOP/TMV ROOFTOP - JANUARY 2026.xlsx,
2026-01-22 20:59:14,419.0,0.0,0.0,419.0,YESAP60230200691,2026-01-23 02:20:11,UPI,rooftop,meet-recording/data_sheets_historical/mangal all data sheet/PTM ROOFTOP/TMV ROOFTOP - JANUARY 2026.xlsx,
2026-01-22 21:30:36,950.0,0.0,0.0,950.0,YESAP60230200691,2026-01-23 02:20:11,UPI,rooftop,meet-recording/data_sheets_historical/mangal all data sheet/PTM ROOFTOP/TMV ROOFTOP - JANUARY 2026.xlsx,
2026-01-22 21:45:18,1855.0,0.0,0.0,1855.0,YESAP60230200691,2026-01-23 02:20:11,UPI,rooftop,meet-recording/data_sheets_historical/mangal all data sheet/PTM ROOFTOP/TMV ROOFTOP - JANUARY 2026.xlsx,
2026-01-22 21:53:58,752.0,0.0,0.0,752.0,YESAP60230200691,2026-01-23 02:20:11,UPI,rooftop,meet-recording/data_sheets_historical/mangal all data sheet/PTM ROOFTOP/TMV ROOFTOP - JANUARY 2026.xlsx,
,,,,,,,,rooftop,meet-recording/data_sheets_historical/mangal all data sheet/PTM ROOFTOP/TMV ROOFTOP - JANUARY 2026.xlsx,
2026-01-23 10:49:30,320.0,0.0,0.0,320.0,YESAP60242178739,2026-01-24 05:39:05,UPI,rooftop,meet-recording/data_sheets_historical/mangal all data sheet/PTM ROOFTOP/TMV ROOFTOP - JANUARY 2026.xlsx,
2026-01-23 15:42:07,1227.0,0.0,0.0,1227.0,YESAP60242178739,2026-01-24 05:39:05,UPI,rooftop,meet-recording/data_sheets_historical/mangal all data sheet/PTM ROOFTOP/TMV ROOFTOP - JANUARY 2026.xlsx,
2026-01-23 16:56:02,120.0,0.0,0.0,120.0,YESAP60242178739,2026-01-24 05:39:05,UPI,rooftop,meet-recording/data_sheets_historical/mangal all data sheet/PTM ROOFTOP/TMV ROOFTOP - JANUARY 2026.xlsx,
2026-01-23 18:06:24,60.0,0.0,0.0,60.0,YESAP60242178739,2026-01-24 05:39:05,UPI,rooftop,meet-recording/data_sheets_historical/mangal all data sheet/PTM ROOFTOP/TMV ROOFTOP - JANUARY 2026.xlsx,
2026-01-23 18:58:05,399.0,0.0,0.0,399.0,YESAP60242178739,2026-01-24 05:39:05,UPI,rooftop,meet-recording/data_sheets_historical/mangal all data sheet/PTM ROOFTOP/TMV ROOFTOP - JANUARY 2026.xlsx,
2026-01-23 19:27:53,1156.0,0.0,0.0,1156.0,YESAP60242178739,2026-01-24 05:39:05,UPI,rooftop,meet-recording/data_sheets_historical/mangal all data sheet/PTM ROOFTOP/TMV ROOFTOP - JANUARY 2026.xlsx,
2026-01-23 19:48:41,70.0,0.0,0.0,70.0,YESAP60242178739,2026-01-24 05:39:05,UPI,rooftop,meet-recording/data_sheets_historical/mangal all data sheet/PTM ROOFTOP/TMV ROOFTOP - JANUARY 2026.xlsx,
2026-01-23 20:26:27,2064.0,0.0,0.0,2064.0,YESAP60242178739,2026-01-24 05:39:05,UPI,rooftop,meet-recording/data_sheets_historical/mangal all data sheet/PTM ROOFTOP/TMV ROOFTOP - JANUARY 2026.xlsx,
2026-01-23 20:40:39,439.0,0.0,0.0,439.0,YESAP60242178739,2026-01-24 05:39:05,UPI,rooftop,meet-recording/data_sheets_historical/mangal all data sheet/PTM ROOFTOP/TMV ROOFTOP - JANUARY 2026.xlsx,
2026-01-23 20:50:38,30.0,0.0,0.0,30.0,YESAP60242178739,2026-01-24 05:39:05,UPI,rooftop,meet-recording/data_sheets_historical/mangal all data sheet/PTM ROOFTOP/TMV ROOFTOP - JANUARY 2026.xlsx,
2026-01-23 20:52:42,966.0,0.0,0.0,966.0,YESAP60242178739,2026-01-24 05:39:05,UPI,rooftop,meet-recording/data_sheets_historical/mangal all data sheet/PTM ROOFTOP/TMV ROOFTOP - JANUARY 2026.xlsx,
2026-01-23 21:27:29,947.0,0.0,0.0,947.0,YESAP60242178739,2026-01-24 05:39:05,UPI,rooftop,meet-recording/data_sheets_historical/mangal all data sheet/PTM ROOFTOP/TMV ROOFTOP - JANUARY 2026.xlsx,
2026-01-23 21:28:14,249.0,0.0,0.0,249.0,YESAP60242178739,2026-01-24 05:39:05,UPI,rooftop,meet-recording/data_sheets_historical/mangal all data sheet/PTM ROOFTOP/TMV ROOFTOP - JANUARY 2026.xlsx,
2026-01-23 21:34:27,539.0,0.0,0.0,539.0,YESAP60242178739,2026-01-24 05:39:05,UPI,rooftop,meet-recording/data_sheets_historical/mangal all data sheet/PTM ROOFTOP/TMV ROOFTOP - JANUARY 2026.xlsx,
2026-01-23 21:46:38,698.0,0.0,0.0,698.0,YESAP60242178739,2026-01-24 05:39:05,UPI,rooftop,meet-recording/data_sheets_historical/mangal all data sheet/PTM ROOFTOP/TMV ROOFTOP - JANUARY 2026.xlsx,
2026-01-23 21:51:50,474.0,0.0,0.0,474.0,YESAP60242178739,2026-01-24 05:39:05,UPI,rooftop,meet-recording/data_sheets_historical/mangal all data sheet/PTM ROOFTOP/TMV ROOFTOP - JANUARY 2026.xlsx,
2026-01-23 21:56:09,598.0,0.0,0.0,598.0,YESAP60242178739,2026-01-24 05:39:05,UPI,rooftop,meet-recording/data_sheets_historical/mangal all data sheet/PTM ROOFTOP/TMV ROOFTOP - JANUARY 2026.xlsx,
2026-01-23 22:07:48,40.0,0.0,0.0,40.0,YESAP60242178739,2026-01-24 05:39:05,UPI,rooftop,meet-recording/data_sheets_historical/mangal all data sheet/PTM ROOFTOP/TMV ROOFTOP - JANUARY 2026.xlsx,
2026-01-23 22:09:44,1182.0,0.0,0.0,1182.0,YESAP60242178739,2026-01-24 05:39:05,UPI,rooftop,meet-recording/data_sheets_historical/mangal all data sheet/PTM ROOFTOP/TMV ROOFTOP - JANUARY 2026.xlsx,
2026-01-23 22:11:41,99.0,0.0,0.0,99.0,YESAP60242178739,2026-01-24 05:39:05,UPI,rooftop,meet-recording/data_sheets_historical/mangal all data sheet/PTM ROOFTOP/TMV ROOFTOP - JANUARY 2026.xlsx,
2026-01-23 22:17:06,120.0,0.0,0.0,120.0,YESAP60242178739,2026-01-24 05:39:05,UPI,rooftop,meet-recording/data_sheets_historical/mangal all data sheet/PTM ROOFTOP/TMV ROOFTOP - JANUARY 2026.xlsx,
2026-01-23 22:20:06,1223.0,0.0,0.0,1223.0,YESAP60242178739,2026-01-24 05:39:05,UPI,rooftop,meet-recording/data_sheets_historical/mangal all data sheet/PTM ROOFTOP/TMV ROOFTOP - JANUARY 2026.xlsx,
2026-01-23 22:39:51,434.0,0.0,0.0,434.0,YESAP60242178739,2026-01-24 05:39:05,UPI,rooftop,meet-recording/data_sheets_historical/mangal all data sheet/PTM ROOFTOP/TMV ROOFTOP - JANUARY 2026.xlsx,
2026-01-23 22:40:58,449.0,0.0,0.0,449.0,YESAP60242178739,2026-01-24 05:39:05,UPI,rooftop,meet-recording/data_sheets_historical/mangal all data sheet/PTM ROOFTOP/TMV ROOFTOP - JANUARY 2026.xlsx,
,,,,,,,,rooftop,meet-recording/data_sheets_historical/mangal all data sheet/PTM ROOFTOP/TMV ROOFTOP - JANUARY 2026.xlsx,
2026-01-24 10:05:39,300.0,0.0,0.0,300.0,YESAP60251171157,2026-01-25 06:16:22,UPI,rooftop,meet-recording/data_sheets_historical/mangal all data sheet/PTM ROOFTOP/TMV ROOFTOP - JANUARY 2026.xlsx,
2026-01-24 10:15:02,900.0,13.5,0.0,886.5,YESAP60251171157,2026-01-25 06:16:22,CREDIT_CARD,rooftop,meet-recording/data_sheets_historical/mangal all data sheet/PTM ROOFTOP/TMV ROOFTOP - JANUARY 2026.xlsx,
2026-01-24 14:39:37,524.0,0.0,0.0,524.0,YESAP60251171157,2026-01-25 06:16:22,UPI,rooftop,meet-recording/data_sheets_historical/mangal all data sheet/PTM ROOFTOP/TMV ROOFTOP - JANUARY 2026.xlsx,
2026-01-24 14:58:29,1027.0,26.7,0.0,1000.3,YESAP60251171157,2026-01-25 06:16:22,CREDIT_CARD,rooftop,meet-recording/data_sheets_historical/mangal all data sheet/PTM ROOFTOP/TMV ROOFTOP - JANUARY 2026.xlsx,
2026-01-24 15:48:42,698.0,0.0,0.0,698.0,YESAP60251171157,2026-01-25 06:16:22,UPI,rooftop,meet-recording/data_sheets_historical/mangal all data sheet/PTM ROOFTOP/TMV ROOFTOP - JANUARY 2026.xlsx,
2026-01-24 18:28:21,159.0,0.0,0.0,159.0,YESAP60251171157,2026-01-25 06:16:22,UPI,rooftop,meet-recording/data_sheets_historical/mangal all data sheet/PTM ROOFTOP/TMV ROOFTOP - JANUARY 2026.xlsx,
2026-01-24 18:29:36,60.0,0.0,0.0,60.0,YESAP60251171157,2026-01-25 06:16:22,UPI,rooftop,meet-recording/data_sheets_historical/mangal all data sheet/PTM ROOFTOP/TMV ROOFTOP - JANUARY 2026.xlsx,
2026-01-24 18:53:08,598.0,0.0,0.0,598.0,YESAP60251171157,2026-01-25 06:16:22,UPI,rooftop,meet-recording/data_sheets_historical/mangal all data sheet/PTM ROOFTOP/TMV ROOFTOP - JANUARY 2026.xlsx,
2026-01-24 19:57:39,918.0,32.13,0.0,885.87,YESAP60251171157,2026-01-25 06:16:22,DEBIT_CARD,rooftop,meet-recording/data_sheets_historical/mangal all data sheet/PTM ROOFTOP/TMV ROOFTOP - JANUARY 2026.xlsx,
2026-01-24 20:06:31,623.0,0.0,0.0,623.0,YESAP60251171157,2026-01-25 06:16:22,UPI,rooftop,meet-recording/data_sheets_historical/mangal all data sheet/PTM ROOFTOP/TMV ROOFTOP - JANUARY 2026.xlsx,
2026-01-24 20:10:23,60.0,0.0,0.0,60.0,YESAP60251171157,2026-01-25 06:16:22,UPI,rooftop,meet-recording/data_sheets_historical/mangal all data sheet/PTM ROOFTOP/TMV ROOFTOP - JANUARY 2026.xlsx,
2026-01-24 20:43:54,519.0,11.68,2.1,505.22,YESAP60251171157,2026-01-25 06:16:22,UPI_CREDIT_CARD,rooftop,meet-recording/data_sheets_historical/mangal all data sheet/PTM ROOFTOP/TMV ROOFTOP - JANUARY 2026.xlsx,
2026-01-24 21:13:06,2115.0,0.0,0.0,2115.0,YESAP60251171157,2026-01-25 06:16:22,UPI,rooftop,meet-recording/data_sheets_historical/mangal all data sheet/PTM ROOFTOP/TMV ROOFTOP - JANUARY 2026.xlsx,
2026-01-24 21:13:29,1167.0,0.0,0.0,1167.0,YESAP60251171157,2026-01-25 06:16:22,UPI,rooftop,meet-recording/data_sheets_historical/mangal all data sheet/PTM ROOFTOP/TMV ROOFTOP - JANUARY 2026.xlsx,
2026-01-24 21:24:25,468.0,0.0,0.0,468.0,YESAP60251171157,2026-01-25 06:16:22,UPI,rooftop,meet-recording/data_sheets_historical/mangal all data sheet/PTM ROOFTOP/TMV ROOFTOP - JANUARY 2026.xlsx,
2026-01-24 21:28:45,20.0,0.0,0.0,20.0,YESAP60251171157,2026-01-25 06:16:22,UPI,rooftop,meet-recording/data_sheets_historical/mangal all data sheet/PTM ROOFTOP/TMV ROOFTOP - JANUARY 2026.xlsx,
2026-01-24 21:33:04,1444.0,0.0,0.0,1444.0,YESAP60251171157,2026-01-25 06:16:22,UPI,rooftop,meet-recording/data_sheets_historical/mangal all data sheet/PTM ROOFTOP/TMV ROOFTOP - JANUARY 2026.xlsx,
2026-01-24 21:47:29,627.0,21.95,0.0,605.05,YESAP60251171157,2026-01-25 06:16:22,DEBIT_CARD,rooftop,meet-recording/data_sheets_historical/mangal all data sheet/PTM ROOFTOP/TMV ROOFTOP - JANUARY 2026.xlsx,
2026-01-24 21:52:30,4122.0,61.83,11.13,4049.04,YESAP60251171157,2026-01-25 06:16:22,CREDIT_CARD,rooftop,meet-recording/data_sheets_historical/mangal all data sheet/PTM ROOFTOP/TMV ROOFTOP - JANUARY 2026.xlsx,
2026-01-24 21:59:12,892.0,0.0,0.0,892.0,YESAP60251171157,2026-01-25 06:16:22,UPI,rooftop,meet-recording/data_sheets_historical/mangal all data sheet/PTM ROOFTOP/TMV ROOFTOP - JANUARY 2026.xlsx,
2026-01-24 22:00:18,279.0,0.0,0.0,279.0,YESAP60251171157,2026-01-25 06:16:22,UPI,rooftop,meet-recording/data_sheets_historical/mangal all data sheet/PTM ROOFTOP/TMV ROOFTOP - JANUARY 2026.xlsx,
2026-01-24 22:03:31,60.0,0.0,0.0,60.0,YESAP60251171157,2026-01-25 06:16:22,UPI,rooftop,meet-recording/data_sheets_historical/mangal all data sheet/PTM ROOFTOP/TMV ROOFTOP - JANUARY 2026.xlsx,
2026-01-24 22:20:19,3219.0,0.0,0.0,3219.0,YESAP60251171157,2026-01-25 06:16:22,UPI,rooftop,meet-recording/data_sheets_historical/mangal all data sheet/PTM ROOFTOP/TMV ROOFTOP - JANUARY 2026.xlsx,
2026-01-24 22:36:09,2127.0,0.0,0.0,2127.0,YESAP60251171157,2026-01-25 06:16:22,UPI,rooftop,meet-recording/data_sheets_historical/mangal all data sheet/PTM ROOFTOP/TMV ROOFTOP - JANUARY 2026.xlsx,
2026-01-24 22:45:20,299.0,0.0,0.0,299.0,YESAP60251171157,2026-01-25 06:16:22,UPI,rooftop,meet-recording/data_sheets_historical/mangal all data sheet/PTM ROOFTOP/TMV ROOFTOP - JANUARY 2026.xlsx,
2026-01-24 22:50:14,1237.0,18.56,0.0,1218.44,YESAP60251171157,2026-01-25 06:16:22,CREDIT_CARD,rooftop,meet-recording/data_sheets_historical/mangal all data sheet/PTM ROOFTOP/TMV ROOFTOP - JANUARY 2026.xlsx,
2026-01-24 23:27:18,20.0,0.0,0.0,20.0,YESAP60251171157,2026-01-25 06:16:22,UPI,rooftop,meet-recording/data_sheets_historical/mangal all data sheet/PTM ROOFTOP/TMV ROOFTOP - JANUARY 2026.xlsx,
,,,,,,,,rooftop,meet-recording/data_sheets_historical/mangal all data sheet/PTM ROOFTOP/TMV ROOFTOP - JANUARY 2026.xlsx,
2026-01-25 08:44:20,747.0,0.0,0.0,747.0,YESAP60261285474,2026-01-26 03:04:13,UPI,rooftop,meet-recording/data_sheets_historical/mangal all data sheet/PTM ROOFTOP/TMV ROOFTOP - JANUARY 2026.xlsx,
2026-01-25 11:00:44,149.0,0.0,0.0,149.0,YESAP60261285474,2026-01-26 03:04:13,UPI,rooftop,meet-recording/data_sheets_historical/mangal all data sheet/PTM ROOFTOP/TMV ROOFTOP - JANUARY 2026.xlsx,
2026-01-25 11:29:50,80.0,0.0,0.0,80.0,YESAP60261285474,2026-01-26 03:04:13,UPI,rooftop,meet-recording/data_sheets_historical/mangal all data sheet/PTM ROOFTOP/TMV ROOFTOP - JANUARY 2026.xlsx,
2026-01-25 12:50:33,360.0,0.0,0.0,360.0,YESAP60261285474,2026-01-26 03:04:13,UPI,rooftop,meet-recording/data_sheets_historical/mangal all data sheet/PTM ROOFTOP/TMV ROOFTOP - JANUARY 2026.xlsx,
2026-01-25 14:47:15,797.0,0.0,0.0,797.0,YESAP60261285474,2026-01-26 03:04:13,UPI,rooftop,meet-recording/data_sheets_historical/mangal all data sheet/PTM ROOFTOP/TMV ROOFTOP - JANUARY 2026.xlsx,
2026-01-25 16:34:28,60.0,0.0,0.0,60.0,YESAP60261285474,2026-01-26 03:04:13,UPI,rooftop,meet-recording/data_sheets_historical/mangal all data sheet/PTM ROOFTOP/TMV ROOFTOP - JANUARY 2026.xlsx,
2026-01-25 19:27:05,1486.0,33.44,6.02,1446.54,YESAP60261285474,2026-01-26 03:04:13,UPI_CREDIT_CARD,rooftop,meet-recording/data_sheets_historical/mangal all data sheet/PTM ROOFTOP/TMV ROOFTOP - JANUARY 2026.xlsx,
2026-01-25 19:27:20,319.0,0.0,0.0,319.0,YESAP60261285474,2026-01-26 03:04:13,UPI,rooftop,meet-recording/data_sheets_historical/mangal all data sheet/PTM ROOFTOP/TMV ROOFTOP - JANUARY 2026.xlsx,
2026-01-25 19:44:14,1653.0,0.0,0.0,1653.0,YESAP60261285474,2026-01-26 03:04:13,UPI,rooftop,meet-recording/data_sheets_historical/mangal all data sheet/PTM ROOFTOP/TMV ROOFTOP - JANUARY 2026.xlsx,
2026-01-25 20:09:33,1017.0,35.6,0.0,981.4,YESAP60261285474,2026-01-26 03:04:13,DEBIT_CARD,rooftop,meet-recording/data_sheets_historical/mangal all data sheet/PTM ROOFTOP/TMV ROOFTOP - JANUARY 2026.xlsx,
2026-01-25 20:19:18,1484.0,0.0,0.0,1484.0,YESAP60261285474,2026-01-26 03:04:13,UPI,rooftop,meet-recording/data_sheets_historical/mangal all data sheet/PTM ROOFTOP/TMV ROOFTOP - JANUARY 2026.xlsx,
2026-01-25 20:19:41,469.0,0.0,0.0,469.0,YESAP60261285474,2026-01-26 03:04:13,UPI,rooftop,meet-recording/data_sheets_historical/mangal all data sheet/PTM ROOFTOP/TMV ROOFTOP - JANUARY 2026.xlsx,
2026-01-25 20:28:18,727.0,0.0,0.0,727.0,YESAP60261285474,2026-01-26 03:04:13,UPI,rooftop,meet-recording/data_sheets_historical/mangal all data sheet/PTM ROOFTOP/TMV ROOFTOP - JANUARY 2026.xlsx,
2026-01-25 20:32:47,60.0,0.0,0.0,60.0,YESAP60261285474,2026-01-26 03:04:13,UPI,rooftop,meet-recording/data_sheets_historical/mangal all data sheet/PTM ROOFTOP/TMV ROOFTOP - JANUARY 2026.xlsx,
2026-01-25 20:44:14,99.0,0.0,0.0,99.0,YESAP60261285474,2026-01-26 03:04:13,UPI,rooftop,meet-recording/data_sheets_historical/mangal all data sheet/PTM ROOFTOP/TMV ROOFTOP - JANUARY 2026.xlsx,
2026-01-25 20:58:04,1564.0,0.0,0.0,1564.0,YESAP60261285474,2026-01-26 03:04:13,UPI,rooftop,meet-recording/data_sheets_historical/mangal all data sheet/PTM ROOFTOP/TMV ROOFTOP - JANUARY 2026.xlsx,
2026-01-25 21:15:34,1156.0,0.0,0.0,1156.0,YESAP60261285474,2026-01-26 03:04:13,UPI,rooftop,meet-recording/data_sheets_historical/mangal all data sheet/PTM ROOFTOP/TMV ROOFTOP - JANUARY 2026.xlsx,
2026-01-25 21:32:40,1614.0,0.0,0.0,1614.0,YESAP60261285474,2026-01-26 03:04:13,UPI,rooftop,meet-recording/data_sheets_historical/mangal all data sheet/PTM ROOFTOP/TMV ROOFTOP - JANUARY 2026.xlsx,
2026-01-25 21:36:55,60.0,0.0,0.0,60.0,YESAP60261285474,2026-01-26 03:04:13,UPI,rooftop,meet-recording/data_sheets_historical/mangal all data sheet/PTM ROOFTOP/TMV ROOFTOP - JANUARY 2026.xlsx,
2026-01-25 21:40:54,1626.0,0.0,0.0,1626.0,YESAP60261285474,2026-01-26 03:04:13,UPI,rooftop,meet-recording/data_sheets_historical/mangal all data sheet/PTM ROOFTOP/TMV ROOFTOP - JANUARY 2026.xlsx,
2026-01-25 21:56:08,588.0,0.0,0.0,588.0,YESAP60261285474,2026-01-26 03:04:13,UPI,rooftop,meet-recording/data_sheets_historical/mangal all data sheet/PTM ROOFTOP/TMV ROOFTOP - JANUARY 2026.xlsx,
2026-01-25 21:57:16,708.0,0.0,0.0,708.0,YESAP60261285474,2026-01-26 03:04:13,UPI,rooftop,meet-recording/data_sheets_historical/mangal all data sheet/PTM ROOFTOP/TMV ROOFTOP - JANUARY 2026.xlsx,
2026-01-25 22:00:11,348.0,0.0,0.0,348.0,YESAP60261285474,2026-01-26 03:04:13,UPI,rooftop,meet-recording/data_sheets_historical/mangal all data sheet/PTM ROOFTOP/TMV ROOFTOP - JANUARY 2026.xlsx,
2026-01-25 22:00:20,678.0,15.26,2.75,659.99,YESAP60261285474,2026-01-26 03:04:13,UPI_CREDIT_CARD,rooftop,meet-recording/data_sheets_historical/mangal all data sheet/PTM ROOFTOP/TMV ROOFTOP - JANUARY 2026.xlsx,
2026-01-25 22:01:03,708.0,0.0,0.0,708.0,YESAP60261285474,2026-01-26 03:04:13,UPI,rooftop,meet-recording/data_sheets_historical/mangal all data sheet/PTM ROOFTOP/TMV ROOFTOP - JANUARY 2026.xlsx,
2026-01-25 22:18:53,677.0,0.0,0.0,677.0,YESAP60261285474,2026-01-26 03:04:13,UPI,rooftop,meet-recording/data_sheets_historical/mangal all data sheet/PTM ROOFTOP/TMV ROOFTOP - JANUARY 2026.xlsx,
2026-01-25 22:23:05,20.0,0.0,0.0,20.0,YESAP60261285474,2026-01-26 03:04:13,UPI,rooftop,meet-recording/data_sheets_historical/mangal all data sheet/PTM ROOFTOP/TMV ROOFTOP - JANUARY 2026.xlsx,
2026-01-25 22:30:19,848.0,0.0,0.0,848.0,YESAP60261285474,2026-01-26 03:04:13,UPI,rooftop,meet-recording/data_sheets_historical/mangal all data sheet/PTM ROOFTOP/TMV ROOFTOP - JANUARY 2026.xlsx,
2026-01-25 22:35:33,1755.0,0.0,0.0,1755.0,YESAP60261285474,2026-01-26 03:04:13,UPI,rooftop,meet-recording/data_sheets_historical/mangal all data sheet/PTM ROOFTOP/TMV ROOFTOP - JANUARY 2026.xlsx,
2026-01-25 22:47:35,1257.0,0.0,0.0,1257.0,YESAP60261285474,2026-01-26 03:04:13,UPI,rooftop,meet-recording/data_sheets_historical/mangal all data sheet/PTM ROOFTOP/TMV ROOFTOP - JANUARY 2026.xlsx,
2026-01-25 22:51:27,210.0,0.0,0.0,210.0,YESAP60261285474,2026-01-26 03:04:13,UPI,rooftop,meet-recording/data_sheets_historical/mangal all data sheet/PTM ROOFTOP/TMV ROOFTOP - JANUARY 2026.xlsx,
2026-01-25 22:55:20,987.0,0.0,0.0,987.0,YESAP60261285474,2026-01-26 03:04:13,UPI,rooftop,meet-recording/data_sheets_historical/mangal all data sheet/PTM ROOFTOP/TMV ROOFTOP - JANUARY 2026.xlsx,
2026-01-25 23:03:55,846.0,12.69,0.0,833.31,YESAP60261285474,2026-01-26 03:04:13,CREDIT_CARD,rooftop,meet-recording/data_sheets_historical/mangal all data sheet/PTM ROOFTOP/TMV ROOFTOP - JANUARY 2026.xlsx,
2026-01-25 23:29:31,271.0,0.0,0.0,271.0,YESAP60261285474,2026-01-26 03:04:13,UPI,rooftop,meet-recording/data_sheets_historical/mangal all data sheet/PTM ROOFTOP/TMV ROOFTOP - JANUARY 2026.xlsx,
2026-01-25 23:30:09,80.0,0.0,0.0,80.0,YESAP60261285474,2026-01-26 03:04:13,UPI_LITE,rooftop,meet-recording/data_sheets_historical/mangal all data sheet/PTM ROOFTOP/TMV ROOFTOP - JANUARY 2026.xlsx,
2026-01-25 23:35:06,40.0,0.0,0.0,40.0,YESAP60261285474,2026-01-26 03:04:13,UPI,rooftop,meet-recording/data_sheets_historical/mangal all data sheet/PTM ROOFTOP/TMV ROOFTOP - JANUARY 2026.xlsx,
2026-01-25 23:36:45,20.0,0.0,0.0,20.0,YESAP60261285474,2026-01-26 03:04:13,UPI,rooftop,meet-recording/data_sheets_historical/mangal all data sheet/PTM ROOFTOP/TMV ROOFTOP - JANUARY 2026.xlsx,
,,,,,,,,rooftop,meet-recording/data_sheets_historical/mangal all data sheet/PTM ROOFTOP/TMV ROOFTOP - JANUARY 2026.xlsx,
2026-01-26 14:24:20,1067.0,0.0,0.0,1067.0,YESAP60270121542,2026-01-27 02:10:28,UPI,rooftop,meet-recording/data_sheets_historical/mangal all data sheet/PTM ROOFTOP/TMV ROOFTOP - JANUARY 2026.xlsx,
2026-01-26 15:02:18,269.0,6.05,1.09,261.86,YESAP60270121542,2026-01-27 02:10:28,UPI_CREDIT_CARD,rooftop,meet-recording/data_sheets_historical/mangal all data sheet/PTM ROOFTOP/TMV ROOFTOP - JANUARY 2026.xlsx,
2026-01-26 15:20:47,848.0,0.0,0.0,848.0,YESAP60270121542,2026-01-27 02:10:28,UPI,rooftop,meet-recording/data_sheets_historical/mangal all data sheet/PTM ROOFTOP/TMV ROOFTOP - JANUARY 2026.xlsx,
2026-01-26 19:23:13,618.0,21.63,0.0,596.37,YESAP60270121542,2026-01-27 02:10:28,CREDIT_CARD,rooftop,meet-recording/data_sheets_historical/mangal all data sheet/PTM ROOFTOP/TMV ROOFTOP - JANUARY 2026.xlsx,
2026-01-26 19:34:31,569.0,8.54,0.0,560.46,YESAP60270121542,2026-01-27 02:10:28,CREDIT_CARD,rooftop,meet-recording/data_sheets_historical/mangal all data sheet/PTM ROOFTOP/TMV ROOFTOP - JANUARY 2026.xlsx,
2026-01-26 20:09:08,788.0,0.0,0.0,788.0,YESAP60270121542,2026-01-27 02:10:28,UPI,rooftop,meet-recording/data_sheets_historical/mangal all data sheet/PTM ROOFTOP/TMV ROOFTOP - JANUARY 2026.xlsx,
2026-01-26 20:54:05,498.0,0.0,0.0,498.0,YESAP60270121542,2026-01-27 02:10:28,UPI,rooftop,meet-recording/data_sheets_historical/mangal all data sheet/PTM ROOFTOP/TMV ROOFTOP - JANUARY 2026.xlsx,
2026-01-26 21:03:13,778.0,0.0,0.0,778.0,YESAP60270121542,2026-01-27 02:10:28,UPI,rooftop,meet-recording/data_sheets_historical/mangal all data sheet/PTM ROOFTOP/TMV ROOFTOP - JANUARY 2026.xlsx,
2026-01-26 21:04:42,718.0,0.0,0.0,718.0,YESAP60270121542,2026-01-27 02:10:28,UPI,rooftop,meet-recording/data_sheets_historical/mangal all data sheet/PTM ROOFTOP/TMV ROOFTOP - JANUARY 2026.xlsx,
2026-01-26 21:07:06,1540.0,34.65,6.24,1499.11,YESAP60270121542,2026-01-27 02:10:28,UPI_CREDIT_CARD,rooftop,meet-recording/data_sheets_historical/mangal all data sheet/PTM ROOFTOP/TMV ROOFTOP - JANUARY 2026.xlsx,
2026-01-26 21:31:52,1176.0,0.0,0.0,1176.0,YESAP60270121542,2026-01-27 02:10:28,UPI,rooftop,meet-recording/data_sheets_historical/mangal all data sheet/PTM ROOFTOP/TMV ROOFTOP - JANUARY 2026.xlsx,
2026-01-26 21:33:42,20.0,0.0,0.0,20.0,YESAP60270121542,2026-01-27 02:10:28,UPI,rooftop,meet-recording/data_sheets_historical/mangal all data sheet/PTM ROOFTOP/TMV ROOFTOP - JANUARY 2026.xlsx,
2026-01-26 21:44:45,199.0,0.0,0.0,199.0,YESAP60270121542,2026-01-27 02:10:28,UPI,rooftop,meet-recording/data_sheets_historical/mangal all data sheet/PTM ROOFTOP/TMV ROOFTOP - JANUARY 2026.xlsx,
2026-01-26 22:03:57,923.0,0.0,0.0,923.0,YESAP60270121542,2026-01-27 02:10:28,UPI,rooftop,meet-recording/data_sheets_historical/mangal all data sheet/PTM ROOFTOP/TMV ROOFTOP - JANUARY 2026.xlsx,
2026-01-26 23:06:04,598.0,0.0,0.0,598.0,YESAP60270121542,2026-01-27 02:10:28,UPI,rooftop,meet-recording/data_sheets_historical/mangal all data sheet/PTM ROOFTOP/TMV ROOFTOP - JANUARY 2026.xlsx,
2026-01-26 23:06:38,2444.0,0.0,0.0,2444.0,YESAP60270121542,2026-01-27 02:10:28,UPI,rooftop,meet-recording/data_sheets_historical/mangal all data sheet/PTM ROOFTOP/TMV ROOFTOP - JANUARY 2026.xlsx,
2026-01-26 23:14:09,210.0,0.0,0.0,210.0,YESAP60270121542,2026-01-27 02:10:28,UPI,rooftop,meet-recording/data_sheets_historical/mangal all data sheet/PTM ROOFTOP/TMV ROOFTOP - JANUARY 2026.xlsx,
,,,,,,,,rooftop,meet-recording/data_sheets_historical/mangal all data sheet/PTM ROOFTOP/TMV ROOFTOP - JANUARY 2026.xlsx,
2026-01-27 07:31:10,20.0,0.0,0.0,20.0,YESAP60280275595,2026-01-28 02:26:42,UPI,rooftop,meet-recording/data_sheets_historical/mangal all data sheet/PTM ROOFTOP/TMV ROOFTOP - JANUARY 2026.xlsx,
2026-01-27 09:59:36,600.0,13.5,2.43,584.07,YESAP60280275595,2026-01-28 02:26:42,UPI_CREDIT_CARD,rooftop,meet-recording/data_sheets_historical/mangal all data sheet/PTM ROOFTOP/TMV ROOFTOP - JANUARY 2026.xlsx,
2026-01-27 14:41:02,1212.0,0.0,0.0,1212.0,YESAP60280275595,2026-01-28 02:26:42,UPI,rooftop,meet-recording/data_sheets_historical/mangal all data sheet/PTM ROOFTOP/TMV ROOFTOP - JANUARY 2026.xlsx,
2026-01-27 15:37:31,149.0,0.0,0.0,149.0,YESAP60280275595,2026-01-28 02:26:42,UPI,rooftop,meet-recording/data_sheets_historical/mangal all data sheet/PTM ROOFTOP/TMV ROOFTOP - JANUARY 2026.xlsx,
2026-01-27 19:31:51,598.0,0.0,0.0,598.0,YESAP60280275595,2026-01-28 02:26:42,UPI,rooftop,meet-recording/data_sheets_historical/mangal all data sheet/PTM ROOFTOP/TMV ROOFTOP - JANUARY 2026.xlsx,
2026-01-27 21:02:20,638.0,0.0,0.0,638.0,YESAP60280275595,2026-01-28 02:26:42,UPI,rooftop,meet-recording/data_sheets_historical/mangal all data sheet/PTM ROOFTOP/TMV ROOFTOP - JANUARY 2026.xlsx,
2026-01-27 21:20:56,389.0,0.0,0.0,389.0,YESAP60280275595,2026-01-28 02:26:42,UPI,rooftop,meet-recording/data_sheets_historical/mangal all data sheet/PTM ROOFTOP/TMV ROOFTOP - JANUARY 2026.xlsx,
2026-01-27 21:24:32,428.0,0.0,0.0,428.0,YESAP60280275595,2026-01-28 02:26:42,UPI,rooftop,meet-recording/data_sheets_historical/mangal all data sheet/PTM ROOFTOP/TMV ROOFTOP - JANUARY 2026.xlsx,
2026-01-27 21:24:39,877.0,19.73,3.55,853.72,YESAP60280275595,2026-01-28 02:26:42,UPI_CREDIT_CARD,rooftop,meet-recording/data_sheets_historical/mangal all data sheet/PTM ROOFTOP/TMV ROOFTOP - JANUARY 2026.xlsx,
2026-01-27 21:33:23,588.0,0.0,0.0,588.0,YESAP60280275595,2026-01-28 02:26:42,UPI,rooftop,meet-recording/data_sheets_historical/mangal all data sheet/PTM ROOFTOP/TMV ROOFTOP - JANUARY 2026.xlsx,
2026-01-27 22:18:04,787.0,27.55,0.0,759.45,YESAP60280275595,2026-01-28 02:26:42,CREDIT_CARD,rooftop,meet-recording/data_sheets_historical/mangal all data sheet/PTM ROOFTOP/TMV ROOFTOP - JANUARY 2026.xlsx,
2026-01-27 23:08:39,349.0,0.0,0.0,349.0,YESAP60280275595,2026-01-28 02:26:42,UPI,rooftop,meet-recording/data_sheets_historical/mangal all data sheet/PTM ROOFTOP/TMV ROOFTOP - JANUARY 2026.xlsx,
2026-01-27 23:39:20,20.0,0.0,0.0,20.0,YESAP60280275595,2026-01-28 02:26:42,UPI,rooftop,meet-recording/data_sheets_historical/mangal all data sheet/PTM ROOFTOP/TMV ROOFTOP - JANUARY 2026.xlsx,
,,,,,,,,rooftop,meet-recording/data_sheets_historical/mangal all data sheet/PTM ROOFTOP/TMV ROOFTOP - JANUARY 2026.xlsx,
2026-01-28 09:31:27,300.0,0.0,0.0,300.0,YESAP60291575259,2026-01-29 04:02:23,UPI,rooftop,meet-recording/data_sheets_historical/mangal all data sheet/PTM ROOFTOP/TMV ROOFTOP - JANUARY 2026.xlsx,
2026-01-28 13:48:26,1416.0,31.86,5.73,1378.41,YESAP60291575259,2026-01-29 04:02:23,UPI_CREDIT_CARD,rooftop,meet-recording/data_sheets_historical/mangal all data sheet/PTM ROOFTOP/TMV ROOFTOP - JANUARY 2026.xlsx,
2026-01-28 14:52:06,798.0,0.0,0.0,798.0,YESAP60291575259,2026-01-29 04:02:23,UPI,rooftop,meet-recording/data_sheets_historical/mangal all data sheet/PTM ROOFTOP/TMV ROOFTOP - JANUARY 2026.xlsx,
2026-01-28 15:21:37,677.0,0.0,0.0,677.0,YESAP60291575259,2026-01-29 04:02:23,UPI,rooftop,meet-recording/data_sheets_historical/mangal all data sheet/PTM ROOFTOP/TMV ROOFTOP - JANUARY 2026.xlsx,
2026-01-28 16:50:59,298.0,0.0,0.0,298.0,YESAP60291575259,2026-01-29 04:02:23,UPI,rooftop,meet-recording/data_sheets_historical/mangal all data sheet/PTM ROOFTOP/TMV ROOFTOP - JANUARY 2026.xlsx,
2026-01-28 18:04:32,2172.0,76.02,13.68,2082.3,YESAP60291575259,2026-01-29 04:02:23,CREDIT_CARD,rooftop,meet-recording/data_sheets_historical/mangal all data sheet/PTM ROOFTOP/TMV ROOFTOP - JANUARY 2026.xlsx,
2026-01-28 20:38:34,2422.0,21.8,3.92,2396.28,YESAP60291575259,2026-01-29 04:02:23,DEBIT_CARD,rooftop,meet-recording/data_sheets_historical/mangal all data sheet/PTM ROOFTOP/TMV ROOFTOP - JANUARY 2026.xlsx,
2026-01-28 21:25:05,796.0,0.0,0.0,796.0,YESAP60291575259,2026-01-29 04:02:23,UPI,rooftop,meet-recording/data_sheets_historical/mangal all data sheet/PTM ROOFTOP/TMV ROOFTOP - JANUARY 2026.xlsx,
2026-01-28 21:46:21,1136.0,0.0,0.0,1136.0,YESAP60291575259,2026-01-29 04:02:23,UPI,rooftop,meet-recording/data_sheets_historical/mangal all data sheet/PTM ROOFTOP/TMV ROOFTOP - JANUARY 2026.xlsx,
2026-01-28 22:07:28,2540.0,57.15,10.29,2472.56,YESAP60291575259,2026-01-29 04:02:23,UPI_CREDIT_CARD,rooftop,meet-recording/data_sheets_historical/mangal all data sheet/PTM ROOFTOP/TMV ROOFTOP - JANUARY 2026.xlsx,
2026-01-28 22:21:09,967.0,0.0,0.0,967.0,YESAP60291575259,2026-01-29 04:02:23,UPI,rooftop,meet-recording/data_sheets_historical/mangal all data sheet/PTM ROOFTOP/TMV ROOFTOP - JANUARY 2026.xlsx,
2026-01-28 22:23:05,249.0,0.0,0.0,249.0,YESAP60291575259,2026-01-29 04:02:23,UPI,rooftop,meet-recording/data_sheets_historical/mangal all data sheet/PTM ROOFTOP/TMV ROOFTOP - JANUARY 2026.xlsx,
2026-01-28 22:39:12,40.0,0.0,0.0,40.0,YESAP60291575259,2026-01-29 04:02:23,UPI,rooftop,meet-recording/data_sheets_historical/mangal all data sheet/PTM ROOFTOP/TMV ROOFTOP - JANUARY 2026.xlsx,
2026-01-28 22:47:25,60.0,1.35,0.24,58.41,YESAP60291575259,2026-01-29 04:02:23,UPI_CREDIT_CARD,rooftop,meet-recording/data_sheets_historical/mangal all data sheet/PTM ROOFTOP/TMV ROOFTOP - JANUARY 2026.xlsx,
,,,,,,,,rooftop,meet-recording/data_sheets_historical/mangal all data sheet/PTM ROOFTOP/TMV ROOFTOP - JANUARY 2026.xlsx,
2026-01-29 07:57:39,20.0,0.0,0.0,20.0,YESAP60303131653,2026-01-30 05:31:41,UPI,rooftop,meet-recording/data_sheets_historical/mangal all data sheet/PTM ROOFTOP/TMV ROOFTOP - JANUARY 2026.xlsx,
2026-01-29 08:02:04,20.0,0.0,0.0,20.0,YESAP60303131653,2026-01-30 05:31:41,UPI,rooftop,meet-recording/data_sheets_historical/mangal all data sheet/PTM ROOFTOP/TMV ROOFTOP - JANUARY 2026.xlsx,
2026-01-29 10:02:30,40.0,0.0,0.0,40.0,YESAP60303131653,2026-01-30 05:31:41,UPI,rooftop,meet-recording/data_sheets_historical/mangal all data sheet/PTM ROOFTOP/TMV ROOFTOP - JANUARY 2026.xlsx,
2026-01-29 14:15:46,467.0,0.0,0.0,467.0,YESAP60303131653,2026-01-30 05:31:41,UPI,rooftop,meet-recording/data_sheets_historical/mangal all data sheet/PTM ROOFTOP/TMV ROOFTOP - JANUARY 2026.xlsx,
2026-01-29 15:29:28,619.0,0.0,0.0,619.0,YESAP60303131653,2026-01-30 05:31:41,UPI,rooftop,meet-recording/data_sheets_historical/mangal all data sheet/PTM ROOFTOP/TMV ROOFTOP - JANUARY 2026.xlsx,
2026-01-29 17:20:52,549.0,0.0,0.0,549.0,YESAP60303131653,2026-01-30 05:31:41,UPI,rooftop,meet-recording/data_sheets_historical/mangal all data sheet/PTM ROOFTOP/TMV ROOFTOP - JANUARY 2026.xlsx,
2026-01-29 17:39:30,70.0,0.0,0.0,70.0,YESAP60303131653,2026-01-30 05:31:41,UPI,rooftop,meet-recording/data_sheets_historical/mangal all data sheet/PTM ROOFTOP/TMV ROOFTOP - JANUARY 2026.xlsx,
2026-01-29 19:26:41,240.0,0.0,0.0,240.0,YESAP60303131653,2026-01-30 05:31:41,UPI,rooftop,meet-recording/data_sheets_historical/mangal all data sheet/PTM ROOFTOP/TMV ROOFTOP - JANUARY 2026.xlsx,
2026-01-29 19:30:56,1988.0,0.0,0.0,1988.0,YESAP60303131653,2026-01-30 05:31:41,UPI,rooftop,meet-recording/data_sheets_historical/mangal all data sheet/PTM ROOFTOP/TMV ROOFTOP - JANUARY 2026.xlsx,
2026-01-29 20:42:09,797.0,0.0,0.0,797.0,YESAP60303131653,2026-01-30 05:31:41,UPI,rooftop,meet-recording/data_sheets_historical/mangal all data sheet/PTM ROOFTOP/TMV ROOFTOP - JANUARY 2026.xlsx,
2026-01-29 20:48:18,837.0,0.0,0.0,837.0,YESAP60303131653,2026-01-30 05:31:41,UPI,rooftop,meet-recording/data_sheets_historical/mangal all data sheet/PTM ROOFTOP/TMV ROOFTOP - JANUARY 2026.xlsx,
2026-01-29 20:58:00,1336.0,0.0,0.0,1336.0,YESAP60303131653,2026-01-30 05:31:41,UPI,rooftop,meet-recording/data_sheets_historical/mangal all data sheet/PTM ROOFTOP/TMV ROOFTOP - JANUARY 2026.xlsx,
2026-01-29 21:14:23,738.0,0.0,0.0,738.0,YESAP60303131653,2026-01-30 05:31:41,UPI,rooftop,meet-recording/data_sheets_historical/mangal all data sheet/PTM ROOFTOP/TMV ROOFTOP - JANUARY 2026.xlsx,
2026-01-29 21:40:21,688.0,0.0,0.0,688.0,YESAP60303131653,2026-01-30 05:31:41,UPI,rooftop,meet-recording/data_sheets_historical/mangal all data sheet/PTM ROOFTOP/TMV ROOFTOP - JANUARY 2026.xlsx,
2026-01-29 22:33:09,199.0,0.0,0.0,199.0,YESAP60303131653,2026-01-30 05:31:41,UPI,rooftop,meet-recording/data_sheets_historical/mangal all data sheet/PTM ROOFTOP/TMV ROOFTOP - JANUARY 2026.xlsx,
2026-01-29 22:43:01,299.0,0.0,0.0,299.0,YESAP60303131653,2026-01-30 05:31:41,UPI,rooftop,meet-recording/data_sheets_historical/mangal all data sheet/PTM ROOFTOP/TMV ROOFTOP - JANUARY 2026.xlsx,
2026-01-29 23:04:51,200.0,0.0,0.0,200.0,YESAP60303131653,2026-01-30 05:31:41,UPI,rooftop,meet-recording/data_sheets_historical/mangal all data sheet/PTM ROOFTOP/TMV ROOFTOP - JANUARY 2026.xlsx,
2026-01-29 23:16:56,20.0,0.0,0.0,20.0,YESAP60303131653,2026-01-30 05:31:41,UPI,rooftop,meet-recording/data_sheets_historical/mangal all data sheet/PTM ROOFTOP/TMV ROOFTOP - JANUARY 2026.xlsx,
,,,,,,,,rooftop,meet-recording/data_sheets_historical/mangal all data sheet/PTM ROOFTOP/TMV ROOFTOP - JANUARY 2026.xlsx,
2026-01-30 07:52:28,40.0,0.0,0.0,40.0,YESAP60312751210,2026-01-31 05:24:26,UPI,rooftop,meet-recording/data_sheets_historical/mangal all data sheet/PTM ROOFTOP/TMV ROOFTOP - JANUARY 2026.xlsx,
2026-01-30 09:54:12,20.0,0.0,0.0,20.0,YESAP60312751210,2026-01-31 05:24:26,UPI,rooftop,meet-recording/data_sheets_historical/mangal all data sheet/PTM ROOFTOP/TMV ROOFTOP - JANUARY 2026.xlsx,
2026-01-30 12:31:32,120.0,0.0,0.0,120.0,YESAP60312751210,2026-01-31 05:24:26,UPI,rooftop,meet-recording/data_sheets_historical/mangal all data sheet/PTM ROOFTOP/TMV ROOFTOP - JANUARY 2026.xlsx,
2026-01-30 14:42:42,988.0,0.0,0.0,988.0,YESAP60312751210,2026-01-31 05:24:26,UPI,rooftop,meet-recording/data_sheets_historical/mangal all data sheet/PTM ROOFTOP/TMV ROOFTOP - JANUARY 2026.xlsx,
2026-01-30 16:01:40,917.0,0.0,0.0,917.0,YESAP60312751210,2026-01-31 05:24:26,UPI,rooftop,meet-recording/data_sheets_historical/mangal all data sheet/PTM ROOFTOP/TMV ROOFTOP - JANUARY 2026.xlsx,
2026-01-30 16:56:42,664.0,0.0,0.0,664.0,YESAP60312751210,2026-01-31 05:24:26,UPI,rooftop,meet-recording/data_sheets_historical/mangal all data sheet/PTM ROOFTOP/TMV ROOFTOP - JANUARY 2026.xlsx,
2026-01-30 18:40:37,430.0,0.0,0.0,430.0,YESAP60312751210,2026-01-31 05:24:26,UPI,rooftop,meet-recording/data_sheets_historical/mangal all data sheet/PTM ROOFTOP/TMV ROOFTOP - JANUARY 2026.xlsx,
2026-01-30 20:17:53,847.0,0.0,0.0,847.0,YESAP60312751210,2026-01-31 05:24:26,UPI,rooftop,meet-recording/data_sheets_historical/mangal all data sheet/PTM ROOFTOP/TMV ROOFTOP - JANUARY 2026.xlsx,
2026-01-30 21:36:31,1714.0,0.0,0.0,1714.0,YESAP60312751210,2026-01-31 05:24:26,UPI,rooftop,meet-recording/data_sheets_historical/mangal all data sheet/PTM ROOFTOP/TMV ROOFTOP - JANUARY 2026.xlsx,
2026-01-30 21:36:57,688.0,0.0,0.0,688.0,YESAP60312751210,2026-01-31 05:24:26,UPI,rooftop,meet-recording/data_sheets_historical/mangal all data sheet/PTM ROOFTOP/TMV ROOFTOP - JANUARY 2026.xlsx,
2026-01-30 21:52:32,20.0,0.0,0.0,20.0,YESAP60312751210,2026-01-31 05:24:26,UPI,rooftop,meet-recording/data_sheets_historical/mangal all data sheet/PTM ROOFTOP/TMV ROOFTOP - JANUARY 2026.xlsx,
2026-01-30 21:53:38,269.0,0.0,0.0,269.0,YESAP60312751210,2026-01-31 05:24:26,UPI,rooftop,meet-recording/data_sheets_historical/mangal all data sheet/PTM ROOFTOP/TMV ROOFTOP - JANUARY 2026.xlsx,
2026-01-30 22:45:54,2353.0,0.0,0.0,2353.0,YESAP60312751210,2026-01-31 05:24:26,UPI,rooftop,meet-recording/data_sheets_historical/mangal all data sheet/PTM ROOFTOP/TMV ROOFTOP - JANUARY 2026.xlsx,
,,,,,,,,rooftop,meet-recording/data_sheets_historical/mangal all data sheet/PTM ROOFTOP/TMV ROOFTOP - JANUARY 2026.xlsx,
2026-01-31 14:05:59,120.0,4.2,0.0,115.8,YESAP60321172159,2026-02-01 03:59:55,CREDIT_CARD,rooftop,meet-recording/data_sheets_historical/mangal all data sheet/PTM ROOFTOP/TMV ROOFTOP - JANUARY 2026.xlsx,
2026-01-31 14:31:13,179.0,6.27,0.0,172.73,YESAP60321172159,2026-02-01 03:59:55,DEBIT_CARD,rooftop,meet-recording/data_sheets_historical/mangal all data sheet/PTM ROOFTOP/TMV ROOFTOP - JANUARY 2026.xlsx,
2026-01-31 15:36:23,717.0,0.0,0.0,717.0,YESAP60321172159,2026-02-01 03:59:55,UPI,rooftop,meet-recording/data_sheets_historical/mangal all data sheet/PTM ROOFTOP/TMV ROOFTOP - JANUARY 2026.xlsx,
2026-01-31 19:00:34,60.0,0.0,0.0,60.0,YESAP60321172159,2026-02-01 03:59:55,UPI_LITE,rooftop,meet-recording/data_sheets_historical/mangal all data sheet/PTM ROOFTOP/TMV ROOFTOP - JANUARY 2026.xlsx,
2026-01-31 19:37:40,598.0,0.0,0.0,598.0,YESAP60321172159,2026-02-01 03:59:55,UPI,rooftop,meet-recording/data_sheets_historical/mangal all data sheet/PTM ROOFTOP/TMV ROOFTOP - JANUARY 2026.xlsx,
2026-01-31 19:53:38,519.0,0.0,0.0,519.0,YESAP60321172159,2026-02-01 03:59:55,UPI,rooftop,meet-recording/data_sheets_historical/mangal all data sheet/PTM ROOFTOP/TMV ROOFTOP - JANUARY 2026.xlsx,
2026-01-31 20:15:34,120.0,0.0,0.0,120.0,YESAP60321172159,2026-02-01 03:59:55,UPI,rooftop,meet-recording/data_sheets_historical/mangal all data sheet/PTM ROOFTOP/TMV ROOFTOP - JANUARY 2026.xlsx,
2026-01-31 20:45:51,578.0,0.0,0.0,578.0,YESAP60321172159,2026-02-01 03:59:55,UPI,rooftop,meet-recording/data_sheets_historical/mangal all data sheet/PTM ROOFTOP/TMV ROOFTOP - JANUARY 2026.xlsx,
2026-01-31 21:01:42,135.0,0.0,0.0,135.0,YESAP60321172159,2026-02-01 03:59:55,UPI,rooftop,meet-recording/data_sheets_historical/mangal all data sheet/PTM ROOFTOP/TMV ROOFTOP - JANUARY 2026.xlsx,
2026-01-31 21:11:22,5000.0,0.0,0.0,5000.0,YESAP60321172159,2026-02-01 03:59:55,UPI,rooftop,meet-recording/data_sheets_historical/mangal all data sheet/PTM ROOFTOP/TMV ROOFTOP - JANUARY 2026.xlsx,
2026-01-31 21:47:53,907.0,0.0,0.0,907.0,YESAP60321172159,2026-02-01 03:59:55,UPI,rooftop,meet-recording/data_sheets_historical/mangal all data sheet/PTM ROOFTOP/TMV ROOFTOP - JANUARY 2026.xlsx,
2026-01-31 21:57:45,211.0,0.0,0.0,211.0,YESAP60321172159,2026-02-01 03:59:55,UPI,rooftop,meet-recording/data_sheets_historical/mangal all data sheet/PTM ROOFTOP/TMV ROOFTOP - JANUARY 2026.xlsx,
2026-01-31 22:00:04,60.0,0.0,0.0,60.0,YESAP60321172159,2026-02-01 03:59:55,UPI,rooftop,meet-recording/data_sheets_historical/mangal all data sheet/PTM ROOFTOP/TMV ROOFTOP - JANUARY 2026.xlsx,
2026-01-31 22:00:28,1487.0,0.0,0.0,1487.0,YESAP60321172159,2026-02-01 03:59:55,UPI,rooftop,meet-recording/data_sheets_historical/mangal all data sheet/PTM ROOFTOP/TMV ROOFTOP - JANUARY 2026.xlsx,
2026-01-31 22:30:52,2252.0,33.78,6.08,2212.14,YESAP60321172159,2026-02-01 03:59:55,CREDIT_CARD,rooftop,meet-recording/data_sheets_historical/mangal all data sheet/PTM ROOFTOP/TMV ROOFTOP - JANUARY 2026.xlsx,
2026-01-31 22:53:04,1077.0,16.16,0.0,1060.84,YESAP60321172159,2026-02-01 03:59:55,CREDIT_CARD,rooftop,meet-recording/data_sheets_historical/mangal all data sheet/PTM ROOFTOP/TMV ROOFTOP - JANUARY 2026.xlsx,
2026-01-31 22:58:17,20.0,0.0,0.0,20.0,YESAP60321172159,2026-02-01 03:59:55,UPI,rooftop,meet-recording/data_sheets_historical/mangal all data sheet/PTM ROOFTOP/TMV ROOFTOP - JANUARY 2026.xlsx,
2026-01-31 23:09:48,40.0,0.0,0.0,40.0,YESAP60321172159,2026-02-01 03:59:55,UPI,rooftop,meet-recording/data_sheets_historical/mangal all data sheet/PTM ROOFTOP/TMV ROOFTOP - JANUARY 2026.xlsx,
2026-01-31 23:20:47,817.0,0.0,0.0,817.0,YESAP60321172159,2026-02-01 03:59:55,UPI,rooftop,meet-recording/data_sheets_historical/mangal all data sheet/PTM ROOFTOP/TMV ROOFTOP - JANUARY 2026.xlsx,
2026-01-31 23:24:31,40.0,0.0,0.0,40.0,YESAP60321172159,2026-02-01 03:59:55,UPI,rooftop,meet-recording/data_sheets_historical/mangal all data sheet/PTM ROOFTOP/TMV ROOFTOP - JANUARY 2026.xlsx,
2026-03-01 06:42:39,40.0,0.0,0.0,40.0,YESAP60611409014,2026-03-02 04:13:55,UPI,rooftop,meet-recording/data_sheets_historical/mangal all data sheet/PTM ROOFTOP/TMV ROOFTOP - MARCH 2026.xlsx,
2026-03-01 08:31:45,60.0,0.0,0.0,60.0,YESAP60611409014,2026-03-02 04:13:55,UPI,rooftop,meet-recording/data_sheets_historical/mangal all data sheet/PTM ROOFTOP/TMV ROOFTOP - MARCH 2026.xlsx,
2026-03-01 09:18:58,20.0,0.0,0.0,20.0,YESAP60611409014,2026-03-02 04:13:55,UPI,rooftop,meet-recording/data_sheets_historical/mangal all data sheet/PTM ROOFTOP/TMV ROOFTOP - MARCH 2026.xlsx,
2026-03-01 14:54:49,1158.0,0.0,0.0,1158.0,YESAP60611409014,2026-03-02 04:13:55,UPI,rooftop,meet-recording/data_sheets_historical/mangal all data sheet/PTM ROOFTOP/TMV ROOFTOP - MARCH 2026.xlsx,
2026-03-01 15:12:15,869.0,0.0,0.0,869.0,YESAP60611409014,2026-03-02 04:13:55,UPI,rooftop,meet-recording/data_sheets_historical/mangal all data sheet/PTM ROOFTOP/TMV ROOFTOP - MARCH 2026.xlsx,
2026-03-01 15:33:17,498.0,0.0,0.0,498.0,YESAP60611409014,2026-03-02 04:13:55,UPI,rooftop,meet-recording/data_sheets_historical/mangal all data sheet/PTM ROOFTOP/TMV ROOFTOP - MARCH 2026.xlsx,
2026-03-01 16:14:51,1909.0,0.0,0.0,1909.0,YESAP60611409014,2026-03-02 04:13:55,UPI,rooftop,meet-recording/data_sheets_historical/mangal all data sheet/PTM ROOFTOP/TMV ROOFTOP - MARCH 2026.xlsx,
2026-03-01 16:26:22,679.0,20.3,0.0,658.7,YESAP60611409014,2026-03-02 04:13:55,CREDIT_CARD,rooftop,meet-recording/data_sheets_historical/mangal all data sheet/PTM ROOFTOP/TMV ROOFTOP - MARCH 2026.xlsx,
2026-03-01 20:33:33,508.0,11.68,2.1,494.22,YESAP60611409014,2026-03-02 04:13:55,UPI_CREDIT_CARD,rooftop,meet-recording/data_sheets_historical/mangal all data sheet/PTM ROOFTOP/TMV ROOFTOP - MARCH 2026.xlsx,
2026-03-01 21:57:03,349.0,0.0,0.0,349.0,YESAP60611409014,2026-03-02 04:13:55,UPI,rooftop,meet-recording/data_sheets_historical/mangal all data sheet/PTM ROOFTOP/TMV ROOFTOP - MARCH 2026.xlsx,
2026-03-01 22:18:35,1914.0,0.0,0.0,1914.0,YESAP60611409014,2026-03-02 04:13:55,UPI,rooftop,meet-recording/data_sheets_historical/mangal all data sheet/PTM ROOFTOP/TMV ROOFTOP - MARCH 2026.xlsx,
2026-03-01 22:25:02,1473.0,33.88,6.1,1433.02,YESAP60611409014,2026-03-02 04:13:55,UPI_CREDIT_CARD,rooftop,meet-recording/data_sheets_historical/mangal all data sheet/PTM ROOFTOP/TMV ROOFTOP - MARCH 2026.xlsx,
2026-03-01 22:30:40,478.0,0.0,0.0,478.0,YESAP60611409014,2026-03-02 04:13:55,UPI,rooftop,meet-recording/data_sheets_historical/mangal all data sheet/PTM ROOFTOP/TMV ROOFTOP - MARCH 2026.xlsx,
2026-03-01 22:48:57,120.0,0.0,0.0,120.0,YESAP60611409014,2026-03-02 04:13:55,UPI,rooftop,meet-recording/data_sheets_historical/mangal all data sheet/PTM ROOFTOP/TMV ROOFTOP - MARCH 2026.xlsx,
,,,,,,,,rooftop,meet-recording/data_sheets_historical/mangal all data sheet/PTM ROOFTOP/TMV ROOFTOP - MARCH 2026.xlsx,
2026-03-02 08:44:04,60.0,1.38,0.25,58.37,YESAP60621733652,2026-03-03 06:38:31,UPI_CREDIT_CARD,rooftop,meet-recording/data_sheets_historical/mangal all data sheet/PTM ROOFTOP/TMV ROOFTOP - MARCH 2026.xlsx,
2026-03-02 16:02:38,1963.0,0.0,0.0,1963.0,YESAP60621733652,2026-03-03 06:38:31,UPI,rooftop,meet-recording/data_sheets_historical/mangal all data sheet/PTM ROOFTOP/TMV ROOFTOP - MARCH 2026.xlsx,
2026-03-02 16:59:33,400.0,0.0,0.0,400.0,YESAP60621733652,2026-03-03 06:38:31,UPI,rooftop,meet-recording/data_sheets_historical/mangal all data sheet/PTM ROOFTOP/TMV ROOFTOP - MARCH 2026.xlsx,
2026-03-02 17:58:30,369.0,0.0,0.0,369.0,YESAP60621733652,2026-03-03 06:38:31,UPI_LITE,rooftop,meet-recording/data_sheets_historical/mangal all data sheet/PTM ROOFTOP/TMV ROOFTOP - MARCH 2026.xlsx,
2026-03-02 20:28:25,290.0,0.0,0.0,290.0,YESAP60621733652,2026-03-03 06:38:31,UPI,rooftop,meet-recording/data_sheets_historical/mangal all data sheet/PTM ROOFTOP/TMV ROOFTOP - MARCH 2026.xlsx,
2026-03-02 20:48:43,723.0,0.0,0.0,723.0,YESAP60621733652,2026-03-03 06:38:31,UPI,rooftop,meet-recording/data_sheets_historical/mangal all data sheet/PTM ROOFTOP/TMV ROOFTOP - MARCH 2026.xlsx,
2026-03-02 21:19:09,1500.0,52.5,0.0,1447.5,YESAP60621733652,2026-03-03 06:38:31,DEBIT_CARD,rooftop,meet-recording/data_sheets_historical/mangal all data sheet/PTM ROOFTOP/TMV ROOFTOP - MARCH 2026.xlsx,
2026-03-02 21:31:09,1132.0,0.0,0.0,1132.0,YESAP60621733652,2026-03-03 06:38:31,UPI,rooftop,meet-recording/data_sheets_historical/mangal all data sheet/PTM ROOFTOP/TMV ROOFTOP - MARCH 2026.xlsx,
2026-03-02 21:52:01,3940.0,59.1,10.64,3870.26,YESAP60621733652,2026-03-03 06:38:31,CREDIT_CARD,rooftop,meet-recording/data_sheets_historical/mangal all data sheet/PTM ROOFTOP/TMV ROOFTOP - MARCH 2026.xlsx,
2026-03-02 22:01:32,810.0,0.0,0.0,810.0,YESAP60621733652,2026-03-03 06:38:31,UPI,rooftop,meet-recording/data_sheets_historical/mangal all data sheet/PTM ROOFTOP/TMV ROOFTOP - MARCH 2026.xlsx,
2026-03-02 22:03:32,60.0,0.0,0.0,60.0,YESAP60621733652,2026-03-03 06:38:31,UPI,rooftop,meet-recording/data_sheets_historical/mangal all data sheet/PTM ROOFTOP/TMV ROOFTOP - MARCH 2026.xlsx,
2026-03-02 22:09:43,673.0,0.0,0.0,673.0,YESAP60621733652,2026-03-03 06:38:31,UPI_LITE,rooftop,meet-recording/data_sheets_historical/mangal all data sheet/PTM ROOFTOP/TMV ROOFTOP - MARCH 2026.xlsx,
2026-03-02 22:37:57,3738.0,56.07,10.09,3671.84,YESAP60621733652,2026-03-03 06:38:31,CREDIT_CARD,rooftop,meet-recording/data_sheets_historical/mangal all data sheet/PTM ROOFTOP/TMV ROOFTOP - MARCH 2026.xlsx,
2026-03-02 23:06:03,20.0,0.46,0.08,19.46,YESAP60621733652,2026-03-03 06:38:31,UPI_CREDIT_CARD,rooftop,meet-recording/data_sheets_historical/mangal all data sheet/PTM ROOFTOP/TMV ROOFTOP - MARCH 2026.xlsx,
,,,,,,,,rooftop,meet-recording/data_sheets_historical/mangal all data sheet/PTM ROOFTOP/TMV ROOFTOP - MARCH 2026.xlsx,
2026-03-03 12:43:29,100.0,0.0,0.0,100.0,YESAP60631483476,2026-03-04 06:56:45,UPI_LITE,rooftop,meet-recording/data_sheets_historical/mangal all data sheet/PTM ROOFTOP/TMV ROOFTOP - MARCH 2026.xlsx,
2026-03-03 13:40:13,2149.0,0.0,0.0,2149.0,YESAP60631483476,2026-03-04 06:56:45,DEBIT_CARD,rooftop,meet-recording/data_sheets_historical/mangal all data sheet/PTM ROOFTOP/TMV ROOFTOP - MARCH 2026.xlsx,
2026-03-03 13:52:00,4036.0,0.0,0.0,4036.0,YESAP60631483476,2026-03-04 06:56:45,UPI,rooftop,meet-recording/data_sheets_historical/mangal all data sheet/PTM ROOFTOP/TMV ROOFTOP - MARCH 2026.xlsx,
2026-03-03 14:07:02,469.0,0.0,0.0,469.0,YESAP60631483476,2026-03-04 06:56:45,UPI,rooftop,meet-recording/data_sheets_historical/mangal all data sheet/PTM ROOFTOP/TMV ROOFTOP - MARCH 2026.xlsx,
2026-03-03 14:22:18,358.0,0.0,0.0,358.0,YESAP60631483476,2026-03-04 06:56:45,UPI,rooftop,meet-recording/data_sheets_historical/mangal all data sheet/PTM ROOFTOP/TMV ROOFTOP - MARCH 2026.xlsx,
2026-03-03 14:41:53,2563.0,70.48,12.69,2479.83,YESAP60631483476,2026-03-04 06:56:45,CREDIT_CARD,rooftop,meet-recording/data_sheets_historical/mangal all data sheet/PTM ROOFTOP/TMV ROOFTOP - MARCH 2026.xlsx,
2026-03-03 14:42:55,943.0,0.0,0.0,943.0,YESAP60631483476,2026-03-04 06:56:45,UPI,rooftop,meet-recording/data_sheets_historical/mangal all data sheet/PTM ROOFTOP/TMV ROOFTOP - MARCH 2026.xlsx,
2026-03-03 14:57:50,549.0,0.0,0.0,549.0,YESAP60631483476,2026-03-04 06:56:45,UPI_LITE,rooftop,meet-recording/data_sheets_historical/mangal all data sheet/PTM ROOFTOP/TMV ROOFTOP - MARCH 2026.xlsx,
2026-03-03 15:02:57,750.0,0.0,0.0,750.0,YESAP60631483476,2026-03-04 06:56:45,UPI,rooftop,meet-recording/data_sheets_historical/mangal all data sheet/PTM ROOFTOP/TMV ROOFTOP - MARCH 2026.xlsx,
2026-03-03 15:06:27,60.0,0.0,0.0,60.0,YESAP60631483476,2026-03-04 06:56:45,UPI,rooftop,meet-recording/data_sheets_historical/mangal all data sheet/PTM ROOFTOP/TMV ROOFTOP - MARCH 2026.xlsx,
2026-03-03 15:10:01,2216.0,0.0,0.0,2216.0,YESAP60631483476,2026-03-04 06:56:45,UPI,rooftop,meet-recording/data_sheets_historical/mangal all data sheet/PTM ROOFTOP/TMV ROOFTOP - MARCH 2026.xlsx,
2026-03-03 15:23:37,504.0,0.0,0.0,504.0,YESAP60631483476,2026-03-04 06:56:45,UPI,rooftop,meet-recording/data_sheets_historical/mangal all data sheet/PTM ROOFTOP/TMV ROOFTOP - MARCH 2026.xlsx,
2026-03-03 15:24:33,2703.0,0.0,0.0,2703.0,YESAP60631483476,2026-03-04 06:56:45,UPI,rooftop,meet-recording/data_sheets_historical/mangal all data sheet/PTM ROOFTOP/TMV ROOFTOP - MARCH 2026.xlsx,
2026-03-03 15:30:58,449.0,0.0,0.0,449.0,YESAP60631483476,2026-03-04 06:56:45,UPI,rooftop,meet-recording/data_sheets_historical/mangal all data sheet/PTM ROOFTOP/TMV ROOFTOP - MARCH 2026.xlsx,
2026-03-03 19:08:45,309.0,0.0,0.0,309.0,YESAP60631483476,2026-03-04 06:56:45,UPI_LITE,rooftop,meet-recording/data_sheets_historical/mangal all data sheet/PTM ROOFTOP/TMV ROOFTOP - MARCH 2026.xlsx,
2026-03-03 20:08:05,40.0,0.0,0.0,40.0,YESAP60631483476,2026-03-04 06:56:45,UPI,rooftop,meet-recording/data_sheets_historical/mangal all data sheet/PTM ROOFTOP/TMV ROOFTOP - MARCH 2026.xlsx,
2026-03-03 20:24:40,1161.0,0.0,0.0,1161.0,YESAP60631483476,2026-03-04 06:56:45,UPI,rooftop,meet-recording/data_sheets_historical/mangal all data sheet/PTM ROOFTOP/TMV ROOFTOP - MARCH 2026.xlsx,
2026-03-03 20:27:43,1077.0,0.0,0.0,1077.0,YESAP60631483476,2026-03-04 06:56:45,UPI,rooftop,meet-recording/data_sheets_historical/mangal all data sheet/PTM ROOFTOP/TMV ROOFTOP - MARCH 2026.xlsx,
2026-03-03 20:28:29,20.0,0.0,0.0,20.0,YESAP60631483476,2026-03-04 06:56:45,UPI,rooftop,meet-recording/data_sheets_historical/mangal all data sheet/PTM ROOFTOP/TMV ROOFTOP - MARCH 2026.xlsx,
2026-03-03 20:36:05,1265.0,0.0,0.0,1265.0,YESAP60631483476,2026-03-04 06:56:45,UPI,rooftop,meet-recording/data_sheets_historical/mangal all data sheet/PTM ROOFTOP/TMV ROOFTOP - MARCH 2026.xlsx,
2026-03-03 20:48:45,1900.0,0.0,0.0,1900.0,YESAP60631483476,2026-03-04 06:56:45,UPI,rooftop,meet-recording/data_sheets_historical/mangal all data sheet/PTM ROOFTOP/TMV ROOFTOP - MARCH 2026.xlsx,
2026-03-03 21:32:22,2324.0,53.45,9.62,2260.93,YESAP60631483476,2026-03-04 06:56:45,UPI_CREDIT_CARD,rooftop,meet-recording/data_sheets_historical/mangal all data sheet/PTM ROOFTOP/TMV ROOFTOP - MARCH 2026.xlsx,
2026-03-03 21:35:02,5397.0,0.0,0.0,5397.0,YESAP60631483476,2026-03-04 06:56:45,UPI,rooftop,meet-recording/data_sheets_historical/mangal all data sheet/PTM ROOFTOP/TMV ROOFTOP - MARCH 2026.xlsx,
2026-03-03 21:45:21,80.0,0.0,0.0,80.0,YESAP60631483476,2026-03-04 06:56:45,UPI,rooftop,meet-recording/data_sheets_historical/mangal all data sheet/PTM ROOFTOP/TMV ROOFTOP - MARCH 2026.xlsx,
2026-03-03 21:55:47,2941.0,80.88,14.56,2845.56,YESAP60631483476,2026-03-04 06:56:45,CREDIT_CARD,rooftop,meet-recording/data_sheets_historical/mangal all data sheet/PTM ROOFTOP/TMV ROOFTOP - MARCH 2026.xlsx,
2026-03-03 22:00:02,324.0,7.45,1.34,315.21,YESAP60631483476,2026-03-04 06:56:45,UPI_CREDIT_CARD,rooftop,meet-recording/data_sheets_historical/mangal all data sheet/PTM ROOFTOP/TMV ROOFTOP - MARCH 2026.xlsx,
2026-03-03 22:05:11,140.0,0.0,0.0,140.0,YESAP60631483476,2026-03-04 06:56:45,UPI,rooftop,meet-recording/data_sheets_historical/mangal all data sheet/PTM ROOFTOP/TMV ROOFTOP - MARCH 2026.xlsx,
2026-03-03 22:16:38,1554.0,0.0,0.0,1554.0,YESAP60631483476,2026-03-04 06:56:45,UPI,rooftop,meet-recording/data_sheets_historical/mangal all data sheet/PTM ROOFTOP/TMV ROOFTOP - MARCH 2026.xlsx,
2026-03-03 22:21:16,20.0,0.0,0.0,20.0,YESAP60631483476,2026-03-04 06:56:45,UPI,rooftop,meet-recording/data_sheets_historical/mangal all data sheet/PTM ROOFTOP/TMV ROOFTOP - MARCH 2026.xlsx,
2026-03-03 22:22:30,848.0,0.0,0.0,848.0,YESAP60631483476,2026-03-04 06:56:45,UPI,rooftop,meet-recording/data_sheets_historical/mangal all data sheet/PTM ROOFTOP/TMV ROOFTOP - MARCH 2026.xlsx,
2026-03-03 22:59:39,60.0,0.0,0.0,60.0,YESAP60631483476,2026-03-04 06:56:45,UPI,rooftop,meet-recording/data_sheets_historical/mangal all data sheet/PTM ROOFTOP/TMV ROOFTOP - MARCH 2026.xlsx,
2026-03-03 23:01:07,1022.0,0.0,0.0,1022.0,YESAP60631483476,2026-03-04 06:56:45,UPI,rooftop,meet-recording/data_sheets_historical/mangal all data sheet/PTM ROOFTOP/TMV ROOFTOP - MARCH 2026.xlsx,
2026-03-03 23:10:23,1306.0,0.0,0.0,1306.0,YESAP60631483476,2026-03-04 06:56:45,UPI,rooftop,meet-recording/data_sheets_historical/mangal all data sheet/PTM ROOFTOP/TMV ROOFTOP - MARCH 2026.xlsx,
2026-03-03 23:33:33,40.0,0.0,0.0,40.0,YESAP60631483476,2026-03-04 06:56:45,UPI,rooftop,meet-recording/data_sheets_historical/mangal all data sheet/PTM ROOFTOP/TMV ROOFTOP - MARCH 2026.xlsx,
,,,,,,,,rooftop,meet-recording/data_sheets_historical/mangal all data sheet/PTM ROOFTOP/TMV ROOFTOP - MARCH 2026.xlsx,
2026-03-04 09:52:43,300.0,0.0,0.0,300.0,YESAP60641089156,2026-03-05 03:42:40,UPI,rooftop,meet-recording/data_sheets_historical/mangal all data sheet/PTM ROOFTOP/TMV ROOFTOP - MARCH 2026.xlsx,
2026-03-04 14:48:02,209.0,0.0,0.0,209.0,YESAP60641089156,2026-03-05 03:42:40,UPI,rooftop,meet-recording/data_sheets_historical/mangal all data sheet/PTM ROOFTOP/TMV ROOFTOP - MARCH 2026.xlsx,
2026-03-04 15:05:41,2012.0,0.0,0.0,2012.0,YESAP60641089156,2026-03-05 03:42:40,UPI,rooftop,meet-recording/data_sheets_historical/mangal all data sheet/PTM ROOFTOP/TMV ROOFTOP - MARCH 2026.xlsx,
2026-03-04 15:31:21,768.0,17.66,3.18,747.16,YESAP60641089156,2026-03-05 03:42:40,UPI_CREDIT_CARD,rooftop,meet-recording/data_sheets_historical/mangal all data sheet/PTM ROOFTOP/TMV ROOFTOP - MARCH 2026.xlsx,
2026-03-04 15:35:29,926.0,0.0,0.0,926.0,YESAP60641089156,2026-03-05 03:42:40,UPI,rooftop,meet-recording/data_sheets_historical/mangal all data sheet/PTM ROOFTOP/TMV ROOFTOP - MARCH 2026.xlsx,
2026-03-04 15:48:24,60.0,0.0,0.0,60.0,YESAP60641089156,2026-03-05 03:42:40,UPI,rooftop,meet-recording/data_sheets_historical/mangal all data sheet/PTM ROOFTOP/TMV ROOFTOP - MARCH 2026.xlsx,
2026-03-04 17:30:21,917.0,0.0,0.0,917.0,YESAP60641089156,2026-03-05 03:42:40,UPI,rooftop,meet-recording/data_sheets_historical/mangal all data sheet/PTM ROOFTOP/TMV ROOFTOP - MARCH 2026.xlsx,
2026-03-04 19:51:41,2124.0,0.0,0.0,2124.0,YESAP60641089156,2026-03-05 03:42:40,UPI,rooftop,meet-recording/data_sheets_historical/mangal all data sheet/PTM ROOFTOP/TMV ROOFTOP - MARCH 2026.xlsx,
2026-03-04 20:13:26,568.0,13.06,2.35,552.59,YESAP60641089156,2026-03-05 03:42:40,UPI_CREDIT_CARD,rooftop,meet-recording/data_sheets_historical/mangal all data sheet/PTM ROOFTOP/TMV ROOFTOP - MARCH 2026.xlsx,
2026-03-04 21:22:05,906.0,0.0,0.0,906.0,YESAP60641089156,2026-03-05 03:42:40,UPI,rooftop,meet-recording/data_sheets_historical/mangal all data sheet/PTM ROOFTOP/TMV ROOFTOP - MARCH 2026.xlsx,
2026-03-04 21:30:51,229.0,0.0,0.0,229.0,YESAP60641089156,2026-03-05 03:42:40,UPI,rooftop,meet-recording/data_sheets_historical/mangal all data sheet/PTM ROOFTOP/TMV ROOFTOP - MARCH 2026.xlsx,
2026-03-04 21:39:52,60.0,0.0,0.0,60.0,YESAP60641089156,2026-03-05 03:42:40,UPI,rooftop,meet-recording/data_sheets_historical/mangal all data sheet/PTM ROOFTOP/TMV ROOFTOP - MARCH 2026.xlsx,
2026-03-04 21:43:05,40.0,0.0,0.0,40.0,YESAP60641089156,2026-03-05 03:42:40,UPI,rooftop,meet-recording/data_sheets_historical/mangal all data sheet/PTM ROOFTOP/TMV ROOFTOP - MARCH 2026.xlsx,
2026-03-04 22:39:59,20.0,0.0,0.0,20.0,YESAP60641089156,2026-03-05 03:42:40,UPI,rooftop,meet-recording/data_sheets_historical/mangal all data sheet/PTM ROOFTOP/TMV ROOFTOP - MARCH 2026.xlsx,
2026-03-04 22:44:34,878.0,0.0,0.0,878.0,YESAP60641089156,2026-03-05 03:42:40,UPI,rooftop,meet-recording/data_sheets_historical/mangal all data sheet/PTM ROOFTOP/TMV ROOFTOP - MARCH 2026.xlsx,
,,,,,,,,rooftop,meet-recording/data_sheets_historical/mangal all data sheet/PTM ROOFTOP/TMV ROOFTOP - MARCH 2026.xlsx,
2026-03-05 09:00:58,1200.0,0.0,0.0,1200.0,YESAP60651843943,2026-03-06 04:53:29,UPI,rooftop,meet-recording/data_sheets_historical/mangal all data sheet/PTM ROOFTOP/TMV ROOFTOP - MARCH 2026.xlsx,
2026-03-05 09:37:43,400.0,9.2,1.66,389.14,YESAP60651843943,2026-03-06 04:53:29,UPI_CREDIT_CARD,rooftop,meet-recording/data_sheets_historical/mangal all data sheet/PTM ROOFTOP/TMV ROOFTOP - MARCH 2026.xlsx,
2026-03-05 09:42:28,400.0,0.0,0.0,400.0,YESAP60651843943,2026-03-06 04:53:29,UPI,rooftop,meet-recording/data_sheets_historical/mangal all data sheet/PTM ROOFTOP/TMV ROOFTOP - MARCH 2026.xlsx,
2026-03-05 10:25:31,20.0,0.0,0.0,20.0,YESAP60651843943,2026-03-06 04:53:29,UPI,rooftop,meet-recording/data_sheets_historical/mangal all data sheet/PTM ROOFTOP/TMV ROOFTOP - MARCH 2026.xlsx,
2026-03-05 10:31:07,40.0,0.0,0.0,40.0,YESAP60651843943,2026-03-06 04:53:29,UPI,rooftop,meet-recording/data_sheets_historical/mangal all data sheet/PTM ROOFTOP/TMV ROOFTOP - MARCH 2026.xlsx,
2026-03-05 13:35:00,818.0,0.0,0.0,818.0,YESAP60651843943,2026-03-06 04:53:29,UPI,rooftop,meet-recording/data_sheets_historical/mangal all data sheet/PTM ROOFTOP/TMV ROOFTOP - MARCH 2026.xlsx,
2026-03-05 14:30:42,60.0,0.0,0.0,60.0,YESAP60651843943,2026-03-06 04:53:29,UPI,rooftop,meet-recording/data_sheets_historical/mangal all data sheet/PTM ROOFTOP/TMV ROOFTOP - MARCH 2026.xlsx,
2026-03-05 14:53:08,409.0,0.0,0.0,409.0,YESAP60651843943,2026-03-06 04:53:29,UPI,rooftop,meet-recording/data_sheets_historical/mangal all data sheet/PTM ROOFTOP/TMV ROOFTOP - MARCH 2026.xlsx,
2026-03-05 15:05:56,6205.0,142.72,25.69,6036.59,YESAP60651843943,2026-03-06 04:53:29,UPI_CREDIT_CARD,rooftop,meet-recording/data_sheets_historical/mangal all data sheet/PTM ROOFTOP/TMV ROOFTOP - MARCH 2026.xlsx,
2026-03-05 16:05:59,60.0,0.0,0.0,60.0,YESAP60651843943,2026-03-06 04:53:29,UPI,rooftop,meet-recording/data_sheets_historical/mangal all data sheet/PTM ROOFTOP/TMV ROOFTOP - MARCH 2026.xlsx,
2026-03-05 16:28:22,159.0,0.0,0.0,159.0,YESAP60651843943,2026-03-06 04:53:29,UPI_LITE,rooftop,meet-recording/data_sheets_historical/mangal all data sheet/PTM ROOFTOP/TMV ROOFTOP - MARCH 2026.xlsx,
2026-03-05 18:01:27,299.0,1.2,0.0,297.8,YESAP60651843943,2026-03-06 04:53:29,DEBIT_CARD,rooftop,meet-recording/data_sheets_historical/mangal all data sheet/PTM ROOFTOP/TMV ROOFTOP - MARCH 2026.xlsx,
2026-03-05 20:28:49,120.0,0.0,0.0,120.0,YESAP60651843943,2026-03-06 04:53:29,UPI,rooftop,meet-recording/data_sheets_historical/mangal all data sheet/PTM ROOFTOP/TMV ROOFTOP - MARCH 2026.xlsx,
2026-03-05 21:01:04,727.0,0.0,0.0,727.0,YESAP60651843943,2026-03-06 04:53:29,UPI,rooftop,meet-recording/data_sheets_historical/mangal all data sheet/PTM ROOFTOP/TMV ROOFTOP - MARCH 2026.xlsx,
2026-03-05 21:38:28,2372.0,0.0,0.0,2372.0,YESAP60651843943,2026-03-06 04:53:29,UPI,rooftop,meet-recording/data_sheets_historical/mangal all data sheet/PTM ROOFTOP/TMV ROOFTOP - MARCH 2026.xlsx,
2026-03-05 21:39:09,748.0,0.0,0.0,748.0,YESAP60651843943,2026-03-06 04:53:29,UPI,rooftop,meet-recording/data_sheets_historical/mangal all data sheet/PTM ROOFTOP/TMV ROOFTOP - MARCH 2026.xlsx,
2026-03-05 22:04:38,1157.0,0.0,0.0,1157.0,YESAP60651843943,2026-03-06 04:53:29,UPI,rooftop,meet-recording/data_sheets_historical/mangal all data sheet/PTM ROOFTOP/TMV ROOFTOP - MARCH 2026.xlsx,
2026-03-05 22:23:54,40.0,0.92,0.17,38.91,YESAP60651843943,2026-03-06 04:53:29,UPI_CREDIT_CARD,rooftop,meet-recording/data_sheets_historical/mangal all data sheet/PTM ROOFTOP/TMV ROOFTOP - MARCH 2026.xlsx,
2026-03-05 22:51:24,777.0,0.0,0.0,777.0,YESAP60651843943,2026-03-06 04:53:29,UPI,rooftop,meet-recording/data_sheets_historical/mangal all data sheet/PTM ROOFTOP/TMV ROOFTOP - MARCH 2026.xlsx,
2026-03-05 22:52:55,459.0,10.56,1.9,446.54,YESAP60651843943,2026-03-06 04:53:29,UPI_CREDIT_CARD,rooftop,meet-recording/data_sheets_historical/mangal all data sheet/PTM ROOFTOP/TMV ROOFTOP - MARCH 2026.xlsx,
,,,,,,,,rooftop,meet-recording/data_sheets_historical/mangal all data sheet/PTM ROOFTOP/TMV ROOFTOP - MARCH 2026.xlsx,
2026-03-06 08:21:01,75.0,0.0,0.0,75.0,YESAP60662549927,2026-03-07 05:21:32,UPI,rooftop,meet-recording/data_sheets_historical/mangal all data sheet/PTM ROOFTOP/TMV ROOFTOP - MARCH 2026.xlsx,
2026-03-06 08:38:14,60.0,1.38,0.25,58.37,YESAP60662549927,2026-03-07 05:21:32,UPI_CREDIT_CARD,rooftop,meet-recording/data_sheets_historical/mangal all data sheet/PTM ROOFTOP/TMV ROOFTOP - MARCH 2026.xlsx,
2026-03-06 08:52:46,60.0,0.0,0.0,60.0,YESAP60662549927,2026-03-07 05:21:32,UPI,rooftop,meet-recording/data_sheets_historical/mangal all data sheet/PTM ROOFTOP/TMV ROOFTOP - MARCH 2026.xlsx,
2026-03-06 09:15:05,450.0,0.0,0.0,450.0,YESAP60662549927,2026-03-07 05:21:32,UPI,rooftop,meet-recording/data_sheets_historical/mangal all data sheet/PTM ROOFTOP/TMV ROOFTOP - MARCH 2026.xlsx,
2026-03-06 09:21:06,300.0,0.0,0.0,300.0,YESAP60662549927,2026-03-07 05:21:32,UPI,rooftop,meet-recording/data_sheets_historical/mangal all data sheet/PTM ROOFTOP/TMV ROOFTOP - MARCH 2026.xlsx,
2026-03-06 12:56:26,348.0,0.0,0.0,348.0,YESAP60662549927,2026-03-07 05:21:32,UPI,rooftop,meet-recording/data_sheets_historical/mangal all data sheet/PTM ROOFTOP/TMV ROOFTOP - MARCH 2026.xlsx,
2026-03-06 14:20:24,564.0,0.0,0.0,564.0,YESAP60662549927,2026-03-07 05:21:32,UPI,rooftop,meet-recording/data_sheets_historical/mangal all data sheet/PTM ROOFTOP/TMV ROOFTOP - MARCH 2026.xlsx,
2026-03-06 15:07:12,349.0,0.0,0.0,349.0,YESAP60662549927,2026-03-07 05:21:32,UPI,rooftop,meet-recording/data_sheets_historical/mangal all data sheet/PTM ROOFTOP/TMV ROOFTOP - MARCH 2026.xlsx,
2026-03-06 15:20:22,598.0,0.0,0.0,598.0,YESAP60662549927,2026-03-07 05:21:32,UPI,rooftop,meet-recording/data_sheets_historical/mangal all data sheet/PTM ROOFTOP/TMV ROOFTOP - MARCH 2026.xlsx,
2026-03-06 15:34:26,50.0,0.0,0.0,50.0,YESAP60662549927,2026-03-07 05:21:32,UPI,rooftop,meet-recording/data_sheets_historical/mangal all data sheet/PTM ROOFTOP/TMV ROOFTOP - MARCH 2026.xlsx,
2026-03-06 15:40:38,429.0,0.0,0.0,429.0,YESAP60662549927,2026-03-07 05:21:32,UPI,rooftop,meet-recording/data_sheets_historical/mangal all data sheet/PTM ROOFTOP/TMV ROOFTOP - MARCH 2026.xlsx,
2026-03-06 17:24:12,60.0,0.0,0.0,60.0,YESAP60662549927,2026-03-07 05:21:32,UPI,rooftop,meet-recording/data_sheets_historical/mangal all data sheet/PTM ROOFTOP/TMV ROOFTOP - MARCH 2026.xlsx,
2026-03-06 20:46:10,808.0,12.12,0.0,795.88,YESAP60662549927,2026-03-07 05:21:32,CREDIT_CARD,rooftop,meet-recording/data_sheets_historical/mangal all data sheet/PTM ROOFTOP/TMV ROOFTOP - MARCH 2026.xlsx,
2026-03-06 20:55:56,688.0,0.0,0.0,688.0,YESAP60662549927,2026-03-07 05:21:32,UPI,rooftop,meet-recording/data_sheets_historical/mangal all data sheet/PTM ROOFTOP/TMV ROOFTOP - MARCH 2026.xlsx,
2026-03-06 21:26:58,738.0,0.0,0.0,738.0,YESAP60662549927,2026-03-07 05:21:32,UPI,rooftop,meet-recording/data_sheets_historical/mangal all data sheet/PTM ROOFTOP/TMV ROOFTOP - MARCH 2026.xlsx,
2026-03-06 21:37:44,419.0,9.64,1.74,407.62,YESAP60662549927,2026-03-07 05:21:32,UPI_CREDIT_CARD,rooftop,meet-recording/data_sheets_historical/mangal all data sheet/PTM ROOFTOP/TMV ROOFTOP - MARCH 2026.xlsx,
2026-03-06 21:47:09,880.0,0.0,0.0,880.0,YESAP60662549927,2026-03-07 05:21:32,UPI,rooftop,meet-recording/data_sheets_historical/mangal all data sheet/PTM ROOFTOP/TMV ROOFTOP - MARCH 2026.xlsx,
2026-03-06 22:16:11,120.0,0.0,0.0,120.0,YESAP60662549927,2026-03-07 05:21:32,UPI,rooftop,meet-recording/data_sheets_historical/mangal all data sheet/PTM ROOFTOP/TMV ROOFTOP - MARCH 2026.xlsx,
2026-03-06 22:16:42,40.0,0.0,0.0,40.0,YESAP60662549927,2026-03-07 05:21:32,UPI,rooftop,meet-recording/data_sheets_historical/mangal all data sheet/PTM ROOFTOP/TMV ROOFTOP - MARCH 2026.xlsx,
2026-03-06 22:19:39,608.0,0.0,0.0,608.0,YESAP60662549927,2026-03-07 05:21:32,UPI,rooftop,meet-recording/data_sheets_historical/mangal all data sheet/PTM ROOFTOP/TMV ROOFTOP - MARCH 2026.xlsx,
2026-03-06 22:24:42,888.0,0.0,0.0,888.0,YESAP60662549927,2026-03-07 05:21:32,UPI,rooftop,meet-recording/data_sheets_historical/mangal all data sheet/PTM ROOFTOP/TMV ROOFTOP - MARCH 2026.xlsx,
2026-03-06 22:35:19,60.0,1.38,0.25,58.37,YESAP60662549927,2026-03-07 05:21:32,UPI_CREDIT_CARD,rooftop,meet-recording/data_sheets_historical/mangal all data sheet/PTM ROOFTOP/TMV ROOFTOP - MARCH 2026.xlsx,
2026-03-06 22:35:57,20.0,0.46,0.08,19.46,YESAP60662549927,2026-03-07 05:21:32,UPI_CREDIT_CARD,rooftop,meet-recording/data_sheets_historical/mangal all data sheet/PTM ROOFTOP/TMV ROOFTOP - MARCH 2026.xlsx,
2026-03-06 22:39:31,3387.0,0.0,0.0,3387.0,YESAP60662549927,2026-03-07 05:21:32,UPI,rooftop,meet-recording/data_sheets_historical/mangal all data sheet/PTM ROOFTOP/TMV ROOFTOP - MARCH 2026.xlsx,
2026-03-06 22:44:03,249.0,0.0,0.0,249.0,YESAP60662549927,2026-03-07 05:21:32,UPI,rooftop,meet-recording/data_sheets_historical/mangal all data sheet/PTM ROOFTOP/TMV ROOFTOP - MARCH 2026.xlsx,
,,,,,,,,rooftop,meet-recording/data_sheets_historical/mangal all data sheet/PTM ROOFTOP/TMV ROOFTOP - MARCH 2026.xlsx,
2026-03-07 00:46:19,20.0,0.0,0.0,20.0,YESAP60672905857,2026-03-08 05:35:53,UPI,rooftop,meet-recording/data_sheets_historical/mangal all data sheet/PTM ROOFTOP/TMV ROOFTOP - MARCH 2026.xlsx,
2026-03-07 00:46:46,20.0,0.0,0.0,20.0,YESAP60672905857,2026-03-08 05:35:53,UPI,rooftop,meet-recording/data_sheets_historical/mangal all data sheet/PTM ROOFTOP/TMV ROOFTOP - MARCH 2026.xlsx,
2026-03-07 01:00:00,40.0,0.0,0.0,40.0,YESAP60672905857,2026-03-08 05:35:53,UPI,rooftop,meet-recording/data_sheets_historical/mangal all data sheet/PTM ROOFTOP/TMV ROOFTOP - MARCH 2026.xlsx,
2026-03-07 07:48:40,60.0,0.0,0.0,60.0,YESAP60672905857,2026-03-08 05:35:53,UPI,rooftop,meet-recording/data_sheets_historical/mangal all data sheet/PTM ROOFTOP/TMV ROOFTOP - MARCH 2026.xlsx,
2026-03-07 08:24:18,40.0,0.0,0.0,40.0,YESAP60672905857,2026-03-08 05:35:53,UPI,rooftop,meet-recording/data_sheets_historical/mangal all data sheet/PTM ROOFTOP/TMV ROOFTOP - MARCH 2026.xlsx,
2026-03-07 09:05:30,750.0,0.0,0.0,750.0,YESAP60672905857,2026-03-08 05:35:53,UPI,rooftop,meet-recording/data_sheets_historical/mangal all data sheet/PTM ROOFTOP/TMV ROOFTOP - MARCH 2026.xlsx,
2026-03-07 09:14:22,300.0,6.9,1.24,291.86,YESAP60672905857,2026-03-08 05:35:53,UPI_CREDIT_CARD,rooftop,meet-recording/data_sheets_historical/mangal all data sheet/PTM ROOFTOP/TMV ROOFTOP - MARCH 2026.xlsx,
2026-03-07 14:09:55,1500.0,0.0,0.0,1500.0,YESAP60672905857,2026-03-08 05:35:53,UPI_PPIWALLET,rooftop,meet-recording/data_sheets_historical/mangal all data sheet/PTM ROOFTOP/TMV ROOFTOP - MARCH 2026.xlsx,
2026-03-07 14:20:52,1027.0,0.0,0.0,1027.0,YESAP60672905857,2026-03-08 05:35:53,UPI,rooftop,meet-recording/data_sheets_historical/mangal all data sheet/PTM ROOFTOP/TMV ROOFTOP - MARCH 2026.xlsx,
2026-03-07 14:28:41,327.0,0.0,0.0,327.0,YESAP60672905857,2026-03-08 05:35:53,UPI,rooftop,meet-recording/data_sheets_historical/mangal all data sheet/PTM ROOFTOP/TMV ROOFTOP - MARCH 2026.xlsx,
2026-03-07 15:08:59,2453.0,56.42,10.16,2386.42,YESAP60672905857,2026-03-08 05:35:53,UPI_CREDIT_CARD,rooftop,meet-recording/data_sheets_historical/mangal all data sheet/PTM ROOFTOP/TMV ROOFTOP - MARCH 2026.xlsx,
2026-03-07 15:27:52,800.0,18.4,3.31,778.29,YESAP60672905857,2026-03-08 05:35:53,UPI_CREDIT_CARD,rooftop,meet-recording/data_sheets_historical/mangal all data sheet/PTM ROOFTOP/TMV ROOFTOP - MARCH 2026.xlsx,
2026-03-07 17:13:54,99.0,0.0,0.0,99.0,YESAP60672905857,2026-03-08 05:35:53,UPI,rooftop,meet-recording/data_sheets_historical/mangal all data sheet/PTM ROOFTOP/TMV ROOFTOP - MARCH 2026.xlsx,
2026-03-07 20:09:49,40.0,0.0,0.0,40.0,YESAP60672905857,2026-03-08 05:35:53,UPI,rooftop,meet-recording/data_sheets_historical/mangal all data sheet/PTM ROOFTOP/TMV ROOFTOP - MARCH 2026.xlsx,
2026-03-07 20:49:50,6.0,0.0,0.0,6.0,YESAP60672905857,2026-03-08 05:35:53,UPI,rooftop,meet-recording/data_sheets_historical/mangal all data sheet/PTM ROOFTOP/TMV ROOFTOP - MARCH 2026.xlsx,
2026-03-07 21:13:30,40.0,0.92,0.17,38.91,YESAP60672905857,2026-03-08 05:35:53,UPI_CREDIT_CARD,rooftop,meet-recording/data_sheets_historical/mangal all data sheet/PTM ROOFTOP/TMV ROOFTOP - MARCH 2026.xlsx,
2026-03-07 21:19:18,1354.0,0.0,0.0,1354.0,YESAP60672905857,2026-03-08 05:35:53,UPI,rooftop,meet-recording/data_sheets_historical/mangal all data sheet/PTM ROOFTOP/TMV ROOFTOP - MARCH 2026.xlsx,
2026-03-07 21:33:23,80.0,1.84,0.33,77.83,YESAP60672905857,2026-03-08 05:35:53,UPI_CREDIT_CARD,rooftop,meet-recording/data_sheets_historical/mangal all data sheet/PTM ROOFTOP/TMV ROOFTOP - MARCH 2026.xlsx,
2026-03-07 21:34:53,1097.0,0.0,0.0,1097.0,YESAP60672905857,2026-03-08 05:35:53,UPI,rooftop,meet-recording/data_sheets_historical/mangal all data sheet/PTM ROOFTOP/TMV ROOFTOP - MARCH 2026.xlsx,
2026-03-07 21:39:23,2015.0,0.0,0.0,2015.0,YESAP60672905857,2026-03-08 05:35:53,UPI,rooftop,meet-recording/data_sheets_historical/mangal all data sheet/PTM ROOFTOP/TMV ROOFTOP - MARCH 2026.xlsx,
2026-03-07 21:49:06,478.0,0.0,0.0,478.0,YESAP60672905857,2026-03-08 05:35:53,UPI,rooftop,meet-recording/data_sheets_historical/mangal all data sheet/PTM ROOFTOP/TMV ROOFTOP - MARCH 2026.xlsx,
2026-03-07 21:57:27,40.0,0.0,0.0,40.0,YESAP60672905857,2026-03-08 05:35:53,UPI,rooftop,meet-recording/data_sheets_historical/mangal all data sheet/PTM ROOFTOP/TMV ROOFTOP - MARCH 2026.xlsx,
2026-03-07 22:03:13,1197.0,0.0,0.0,1197.0,YESAP60672905857,2026-03-08 05:35:53,UPI,rooftop,meet-recording/data_sheets_historical/mangal all data sheet/PTM ROOFTOP/TMV ROOFTOP - MARCH 2026.xlsx,
2026-03-07 22:18:00,1665.0,0.0,0.0,1665.0,YESAP60672905857,2026-03-08 05:35:53,UPI,rooftop,meet-recording/data_sheets_historical/mangal all data sheet/PTM ROOFTOP/TMV ROOFTOP - MARCH 2026.xlsx,
2026-03-07 22:19:27,99.0,0.0,0.0,99.0,YESAP60672905857,2026-03-08 05:35:53,UPI,rooftop,meet-recording/data_sheets_historical/mangal all data sheet/PTM ROOFTOP/TMV ROOFTOP - MARCH 2026.xlsx,
2026-03-07 22:43:58,40.0,0.0,0.0,40.0,YESAP60672905857,2026-03-08 05:35:53,UPI,rooftop,meet-recording/data_sheets_historical/mangal all data sheet/PTM ROOFTOP/TMV ROOFTOP - MARCH 2026.xlsx,
2026-03-07 22:45:37,807.0,0.0,0.0,807.0,YESAP60672905857,2026-03-08 05:35:53,UPI,rooftop,meet-recording/data_sheets_historical/mangal all data sheet/PTM ROOFTOP/TMV ROOFTOP - MARCH 2026.xlsx,
2026-03-07 23:05:02,3491.0,0.0,0.0,3491.0,YESAP60672905857,2026-03-08 05:35:53,UPI,rooftop,meet-recording/data_sheets_historical/mangal all data sheet/PTM ROOFTOP/TMV ROOFTOP - MARCH 2026.xlsx,
2026-03-07 23:12:10,997.0,0.0,0.0,997.0,YESAP60672905857,2026-03-08 05:35:53,UPI,rooftop,meet-recording/data_sheets_historical/mangal all data sheet/PTM ROOFTOP/TMV ROOFTOP - MARCH 2026.xlsx,
,,,,,,,,rooftop,meet-recording/data_sheets_historical/mangal all data sheet/PTM ROOFTOP/TMV ROOFTOP - MARCH 2026.xlsx,
2026-03-08 08:33:37,300.0,0.0,0.0,300.0,YESAP60681392014,2026-03-09 03:08:25,UPI,rooftop,meet-recording/data_sheets_historical/mangal all data sheet/PTM ROOFTOP/TMV ROOFTOP - MARCH 2026.xlsx,
2026-03-08 09:42:14,60.0,0.0,0.0,60.0,YESAP60681392014,2026-03-09 03:08:25,UPI,rooftop,meet-recording/data_sheets_historical/mangal all data sheet/PTM ROOFTOP/TMV ROOFTOP - MARCH 2026.xlsx,
2026-03-08 12:59:34,349.0,0.0,0.0,349.0,YESAP60681392014,2026-03-09 03:08:25,UPI,rooftop,meet-recording/data_sheets_historical/mangal all data sheet/PTM ROOFTOP/TMV ROOFTOP - MARCH 2026.xlsx,
2026-03-08 14:29:44,529.0,0.0,0.0,529.0,YESAP60681392014,2026-03-09 03:08:25,UPI,rooftop,meet-recording/data_sheets_historical/mangal all data sheet/PTM ROOFTOP/TMV ROOFTOP - MARCH 2026.xlsx,
2026-03-08 15:27:24,120.0,0.0,0.0,120.0,YESAP60681392014,2026-03-09 03:08:25,UPI,rooftop,meet-recording/data_sheets_historical/mangal all data sheet/PTM ROOFTOP/TMV ROOFTOP - MARCH 2026.xlsx,
2026-03-08 15:51:43,120.0,0.0,0.0,120.0,YESAP60681392014,2026-03-09 03:08:25,UPI,rooftop,meet-recording/data_sheets_historical/mangal all data sheet/PTM ROOFTOP/TMV ROOFTOP - MARCH 2026.xlsx,
2026-03-08 15:58:36,2413.0,55.5,9.99,2347.51,YESAP60681392014,2026-03-09 03:08:25,UPI_CREDIT_CARD,rooftop,meet-recording/data_sheets_historical/mangal all data sheet/PTM ROOFTOP/TMV ROOFTOP - MARCH 2026.xlsx,
2026-03-08 16:58:43,280.0,9.8,0.0,270.2,YESAP60681392014,2026-03-09 03:08:25,DEBIT_CARD,rooftop,meet-recording/data_sheets_historical/mangal all data sheet/PTM ROOFTOP/TMV ROOFTOP - MARCH 2026.xlsx,
2026-03-08 17:45:12,60.0,0.0,0.0,60.0,YESAP60681392014,2026-03-09 03:08:25,UPI,rooftop,meet-recording/data_sheets_historical/mangal all data sheet/PTM ROOFTOP/TMV ROOFTOP - MARCH 2026.xlsx,
2026-03-08 18:20:28,659.0,0.0,0.0,659.0,YESAP60681392014,2026-03-09 03:08:25,UPI,rooftop,meet-recording/data_sheets_historical/mangal all data sheet/PTM ROOFTOP/TMV ROOFTOP - MARCH 2026.xlsx,
2026-03-08 20:17:25,928.0,0.0,0.0,928.0,YESAP60681392014,2026-03-09 03:08:25,UPI,rooftop,meet-recording/data_sheets_historical/mangal all data sheet/PTM ROOFTOP/TMV ROOFTOP - MARCH 2026.xlsx,
2026-03-08 20:20:51,424.0,0.0,0.0,424.0,YESAP60681392014,2026-03-09 03:08:25,UPI,rooftop,meet-recording/data_sheets_historical/mangal all data sheet/PTM ROOFTOP/TMV ROOFTOP - MARCH 2026.xlsx,
2026-03-08 20:29:07,1287.0,0.0,0.0,1287.0,YESAP60681392014,2026-03-09 03:08:25,UPI,rooftop,meet-recording/data_sheets_historical/mangal all data sheet/PTM ROOFTOP/TMV ROOFTOP - MARCH 2026.xlsx,
2026-03-08 20:29:54,200.0,0.0,0.0,200.0,YESAP60681392014,2026-03-09 03:08:25,UPI,rooftop,meet-recording/data_sheets_historical/mangal all data sheet/PTM ROOFTOP/TMV ROOFTOP - MARCH 2026.xlsx,
2026-03-08 20:30:57,428.0,0.0,0.0,428.0,YESAP60681392014,2026-03-09 03:08:25,UPI,rooftop,meet-recording/data_sheets_historical/mangal all data sheet/PTM ROOFTOP/TMV ROOFTOP - MARCH 2026.xlsx,
2026-03-08 20:43:50,1247.0,18.71,0.0,1228.29,YESAP60681392014,2026-03-09 03:08:25,CREDIT_CARD,rooftop,meet-recording/data_sheets_historical/mangal all data sheet/PTM ROOFTOP/TMV ROOFTOP - MARCH 2026.xlsx,
2026-03-08 21:24:05,987.0,0.0,0.0,987.0,YESAP60681392014,2026-03-09 03:08:25,UPI,rooftop,meet-recording/data_sheets_historical/mangal all data sheet/PTM ROOFTOP/TMV ROOFTOP - MARCH 2026.xlsx,
2026-03-08 21:41:22,1540.0,0.0,0.0,1540.0,YESAP60681392014,2026-03-09 03:08:25,UPI,rooftop,meet-recording/data_sheets_historical/mangal all data sheet/PTM ROOFTOP/TMV ROOFTOP - MARCH 2026.xlsx,
2026-03-08 21:43:10,309.0,0.0,0.0,309.0,YESAP60681392014,2026-03-09 03:08:25,UPI,rooftop,meet-recording/data_sheets_historical/mangal all data sheet/PTM ROOFTOP/TMV ROOFTOP - MARCH 2026.xlsx,
2026-03-08 22:03:15,349.0,10.44,0.0,338.56,YESAP60681392014,2026-03-09 03:08:25,CREDIT_CARD,rooftop,meet-recording/data_sheets_historical/mangal all data sheet/PTM ROOFTOP/TMV ROOFTOP - MARCH 2026.xlsx,
2026-03-08 22:07:16,60.0,0.0,0.0,60.0,YESAP60681392014,2026-03-09 03:08:25,UPI,rooftop,meet-recording/data_sheets_historical/mangal all data sheet/PTM ROOFTOP/TMV ROOFTOP - MARCH 2026.xlsx,
2026-03-08 22:08:40,40.0,0.0,0.0,40.0,YESAP60681392014,2026-03-09 03:08:25,UPI,rooftop,meet-recording/data_sheets_historical/mangal all data sheet/PTM ROOFTOP/TMV ROOFTOP - MARCH 2026.xlsx,
2026-03-08 22:23:17,60.0,0.0,0.0,60.0,YESAP60681392014,2026-03-09 03:08:25,UPI,rooftop,meet-recording/data_sheets_historical/mangal all data sheet/PTM ROOFTOP/TMV ROOFTOP - MARCH 2026.xlsx,
2026-03-08 22:39:01,987.0,0.0,0.0,987.0,YESAP60681392014,2026-03-09 03:08:25,UPI,rooftop,meet-recording/data_sheets_historical/mangal all data sheet/PTM ROOFTOP/TMV ROOFTOP - MARCH 2026.xlsx,
2026-03-08 23:01:57,976.0,0.0,0.0,976.0,YESAP60681392014,2026-03-09 03:08:25,UPI,rooftop,meet-recording/data_sheets_historical/mangal all data sheet/PTM ROOFTOP/TMV ROOFTOP - MARCH 2026.xlsx,
,,,,,,,,rooftop,meet-recording/data_sheets_historical/mangal all data sheet/PTM ROOFTOP/TMV ROOFTOP - MARCH 2026.xlsx,
2026-03-09 09:57:17,120.0,0.0,0.0,120.0,YESAP60693066763,2026-03-10 04:42:39,UPI,rooftop,meet-recording/data_sheets_historical/mangal all data sheet/PTM ROOFTOP/TMV ROOFTOP - MARCH 2026.xlsx,
2026-03-09 13:47:47,60.0,0.0,0.0,60.0,YESAP60693066763,2026-03-10 04:42:39,UPI,rooftop,meet-recording/data_sheets_historical/mangal all data sheet/PTM ROOFTOP/TMV ROOFTOP - MARCH 2026.xlsx,
2026-03-09 14:43:42,892.0,13.38,0.0,878.62,YESAP60693066763,2026-03-10 04:42:39,CREDIT_CARD,rooftop,meet-recording/data_sheets_historical/mangal all data sheet/PTM ROOFTOP/TMV ROOFTOP - MARCH 2026.xlsx,
2026-03-09 15:51:20,498.0,11.45,2.06,484.49,YESAP60693066763,2026-03-10 04:42:39,UPI_CREDIT_CARD,rooftop,meet-recording/data_sheets_historical/mangal all data sheet/PTM ROOFTOP/TMV ROOFTOP - MARCH 2026.xlsx,
2026-03-09 16:04:53,639.0,0.0,0.0,639.0,YESAP60693066763,2026-03-10 04:42:39,UPI,rooftop,meet-recording/data_sheets_historical/mangal all data sheet/PTM ROOFTOP/TMV ROOFTOP - MARCH 2026.xlsx,
2026-03-09 16:26:56,180.0,0.0,0.0,180.0,YESAP60693066763,2026-03-10 04:42:39,UPI,rooftop,meet-recording/data_sheets_historical/mangal all data sheet/PTM ROOFTOP/TMV ROOFTOP - MARCH 2026.xlsx,
2026-03-09 16:52:38,349.0,0.0,0.0,349.0,YESAP60693066763,2026-03-10 04:42:39,UPI,rooftop,meet-recording/data_sheets_historical/mangal all data sheet/PTM ROOFTOP/TMV ROOFTOP - MARCH 2026.xlsx,
2026-03-09 18:47:24,120.0,0.0,0.0,120.0,YESAP60693066763,2026-03-10 04:42:39,UPI,rooftop,meet-recording/data_sheets_historical/mangal all data sheet/PTM ROOFTOP/TMV ROOFTOP - MARCH 2026.xlsx,
2026-03-09 19:50:16,99.0,0.0,0.0,99.0,YESAP60693066763,2026-03-10 04:42:39,UPI,rooftop,meet-recording/data_sheets_historical/mangal all data sheet/PTM ROOFTOP/TMV ROOFTOP - MARCH 2026.xlsx,
2026-03-09 20:53:51,339.0,0.0,0.0,339.0,YESAP60693066763,2026-03-10 04:42:39,UPI,rooftop,meet-recording/data_sheets_historical/mangal all data sheet/PTM ROOFTOP/TMV ROOFTOP - MARCH 2026.xlsx,
2026-03-09 21:01:21,1082.0,0.0,0.0,1082.0,YESAP60693066763,2026-03-10 04:42:39,UPI,rooftop,meet-recording/data_sheets_historical/mangal all data sheet/PTM ROOFTOP/TMV ROOFTOP - MARCH 2026.xlsx,
2026-03-09 21:20:46,914.0,13.71,0.0,900.29,YESAP60693066763,2026-03-10 04:42:39,CREDIT_CARD,rooftop,meet-recording/data_sheets_historical/mangal all data sheet/PTM ROOFTOP/TMV ROOFTOP - MARCH 2026.xlsx,
2026-03-09 21:52:03,199.0,0.0,0.0,199.0,YESAP60693066763,2026-03-10 04:42:39,UPI,rooftop,meet-recording/data_sheets_historical/mangal all data sheet/PTM ROOFTOP/TMV ROOFTOP - MARCH 2026.xlsx,
2026-03-09 22:25:44,2367.0,0.0,0.0,2367.0,YESAP60693066763,2026-03-10 04:42:39,UPI_CREDITLINE,rooftop,meet-recording/data_sheets_historical/mangal all data sheet/PTM ROOFTOP/TMV ROOFTOP - MARCH 2026.xlsx,
2026-03-09 22:56:33,763.0,0.0,0.0,763.0,YESAP60693066763,2026-03-10 04:42:39,UPI,rooftop,meet-recording/data_sheets_historical/mangal all data sheet/PTM ROOFTOP/TMV ROOFTOP - MARCH 2026.xlsx,
,,,,,,,,rooftop,meet-recording/data_sheets_historical/mangal all data sheet/PTM ROOFTOP/TMV ROOFTOP - MARCH 2026.xlsx,
2026-03-10 01:01:27,80.0,0.0,0.0,80.0,YESAP60701890814,2026-03-11 04:21:58,UPI,rooftop,meet-recording/data_sheets_historical/mangal all data sheet/PTM ROOFTOP/TMV ROOFTOP - MARCH 2026.xlsx,
2026-03-10 09:13:28,600.0,2.4,0.0,597.6,YESAP60701890814,2026-03-11 04:21:58,DEBIT_CARD,rooftop,meet-recording/data_sheets_historical/mangal all data sheet/PTM ROOFTOP/TMV ROOFTOP - MARCH 2026.xlsx,
2026-03-10 10:18:59,300.0,0.0,0.0,300.0,YESAP60701890814,2026-03-11 04:21:58,UPI,rooftop,meet-recording/data_sheets_historical/mangal all data sheet/PTM ROOFTOP/TMV ROOFTOP - MARCH 2026.xlsx,
2026-03-10 13:01:13,249.0,0.0,0.0,249.0,YESAP60701890814,2026-03-11 04:21:58,UPI,rooftop,meet-recording/data_sheets_historical/mangal all data sheet/PTM ROOFTOP/TMV ROOFTOP - MARCH 2026.xlsx,
2026-03-10 13:16:07,1350.0,31.05,5.59,1313.36,YESAP60701890814,2026-03-11 04:21:58,UPI_CREDIT_CARD,rooftop,meet-recording/data_sheets_historical/mangal all data sheet/PTM ROOFTOP/TMV ROOFTOP - MARCH 2026.xlsx,
2026-03-10 15:15:35,409.0,0.0,0.0,409.0,YESAP60701890814,2026-03-11 04:21:58,UPI,rooftop,meet-recording/data_sheets_historical/mangal all data sheet/PTM ROOFTOP/TMV ROOFTOP - MARCH 2026.xlsx,
2026-03-10 15:24:03,518.0,0.0,0.0,518.0,YESAP60701890814,2026-03-11 04:21:58,UPI,rooftop,meet-recording/data_sheets_historical/mangal all data sheet/PTM ROOFTOP/TMV ROOFTOP - MARCH 2026.xlsx,
2026-03-10 16:02:15,1930.0,0.0,0.0,1930.0,YESAP60701890814,2026-03-11 04:21:58,UPI,rooftop,meet-recording/data_sheets_historical/mangal all data sheet/PTM ROOFTOP/TMV ROOFTOP - MARCH 2026.xlsx,
2026-03-10 16:34:43,369.0,0.0,0.0,369.0,YESAP60701890814,2026-03-11 04:21:58,UPI,rooftop,meet-recording/data_sheets_historical/mangal all data sheet/PTM ROOFTOP/TMV ROOFTOP - MARCH 2026.xlsx,
2026-03-10 16:44:47,180.0,0.0,0.0,180.0,YESAP60701890814,2026-03-11 04:21:58,UPI,rooftop,meet-recording/data_sheets_historical/mangal all data sheet/PTM ROOFTOP/TMV ROOFTOP - MARCH 2026.xlsx,
2026-03-10 18:26:57,249.0,0.0,0.0,249.0,YESAP60701890814,2026-03-11 04:21:58,UPI,rooftop,meet-recording/data_sheets_historical/mangal all data sheet/PTM ROOFTOP/TMV ROOFTOP - MARCH 2026.xlsx,
2026-03-10 21:29:13,60.0,0.0,0.0,60.0,YESAP60701890814,2026-03-11 04:21:58,UPI,rooftop,meet-recording/data_sheets_historical/mangal all data sheet/PTM ROOFTOP/TMV ROOFTOP - MARCH 2026.xlsx,
2026-03-10 21:38:20,1346.0,5.38,0.0,1340.62,YESAP60701890814,2026-03-11 04:21:58,DEBIT_CARD,rooftop,meet-recording/data_sheets_historical/mangal all data sheet/PTM ROOFTOP/TMV ROOFTOP - MARCH 2026.xlsx,
2026-03-10 21:40:45,992.0,0.0,0.0,992.0,YESAP60701890814,2026-03-11 04:21:58,UPI,rooftop,meet-recording/data_sheets_historical/mangal all data sheet/PTM ROOFTOP/TMV ROOFTOP - MARCH 2026.xlsx,
2026-03-10 21:52:17,280.0,0.0,0.0,280.0,YESAP60701890814,2026-03-11 04:21:58,UPI,rooftop,meet-recording/data_sheets_historical/mangal all data sheet/PTM ROOFTOP/TMV ROOFTOP - MARCH 2026.xlsx,
2026-03-10 22:01:40,1376.0,0.0,0.0,1376.0,YESAP60701890814,2026-03-11 04:21:58,UPI,rooftop,meet-recording/data_sheets_historical/mangal all data sheet/PTM ROOFTOP/TMV ROOFTOP - MARCH 2026.xlsx,
2026-03-10 22:23:59,1058.0,0.0,0.0,1058.0,YESAP60701890814,2026-03-11 04:21:58,UPI,rooftop,meet-recording/data_sheets_historical/mangal all data sheet/PTM ROOFTOP/TMV ROOFTOP - MARCH 2026.xlsx,
2026-03-10 22:30:23,60.0,0.0,0.0,60.0,YESAP60701890814,2026-03-11 04:21:58,UPI,rooftop,meet-recording/data_sheets_historical/mangal all data sheet/PTM ROOFTOP/TMV ROOFTOP - MARCH 2026.xlsx,
2026-03-10 22:47:23,1225.0,0.0,0.0,1225.0,YESAP60701890814,2026-03-11 04:21:58,UPI,rooftop,meet-recording/data_sheets_historical/mangal all data sheet/PTM ROOFTOP/TMV ROOFTOP - MARCH 2026.xlsx,
2026-03-10 22:59:32,140.0,0.0,0.0,140.0,YESAP60701890814,2026-03-11 04:21:58,UPI,rooftop,meet-recording/data_sheets_historical/mangal all data sheet/PTM ROOFTOP/TMV ROOFTOP - MARCH 2026.xlsx,
,,,,,,,,rooftop,meet-recording/data_sheets_historical/mangal all data sheet/PTM ROOFTOP/TMV ROOFTOP - MARCH 2026.xlsx,
2026-03-11 09:18:51,20.0,0.0,0.0,20.0,YESAP60710798384,2026-03-12 03:20:36,UPI,rooftop,meet-recording/data_sheets_historical/mangal all data sheet/PTM ROOFTOP/TMV ROOFTOP - MARCH 2026.xlsx,
2026-03-11 09:29:48,600.0,13.8,2.48,583.72,YESAP60710798384,2026-03-12 03:20:36,UPI_CREDIT_CARD,rooftop,meet-recording/data_sheets_historical/mangal all data sheet/PTM ROOFTOP/TMV ROOFTOP - MARCH 2026.xlsx,
2026-03-11 10:02:02,20.0,0.0,0.0,20.0,YESAP60710798384,2026-03-12 03:20:36,UPI,rooftop,meet-recording/data_sheets_historical/mangal all data sheet/PTM ROOFTOP/TMV ROOFTOP - MARCH 2026.xlsx,
2026-03-11 14:18:30,240.0,0.0,0.0,240.0,YESAP60710798384,2026-03-12 03:20:36,UPI_LITE,rooftop,meet-recording/data_sheets_historical/mangal all data sheet/PTM ROOFTOP/TMV ROOFTOP - MARCH 2026.xlsx,
2026-03-11 14:45:37,1377.0,5.51,0.0,1371.49,YESAP60710798384,2026-03-12 03:20:36,DEBIT_CARD,rooftop,meet-recording/data_sheets_historical/mangal all data sheet/PTM ROOFTOP/TMV ROOFTOP - MARCH 2026.xlsx,
2026-03-11 15:32:54,325.0,0.0,0.0,325.0,YESAP60710798384,2026-03-12 03:20:36,UPI,rooftop,meet-recording/data_sheets_historical/mangal all data sheet/PTM ROOFTOP/TMV ROOFTOP - MARCH 2026.xlsx,
2026-03-11 16:07:10,1177.0,0.0,0.0,1177.0,YESAP60710798384,2026-03-12 03:20:36,UPI,rooftop,meet-recording/data_sheets_historical/mangal all data sheet/PTM ROOFTOP/TMV ROOFTOP - MARCH 2026.xlsx,
2026-03-11 18:12:45,120.0,0.0,0.0,120.0,YESAP60710798384,2026-03-12 03:20:36,UPI,rooftop,meet-recording/data_sheets_historical/mangal all data sheet/PTM ROOFTOP/TMV ROOFTOP - MARCH 2026.xlsx,
2026-03-11 18:38:33,249.0,0.0,0.0,249.0,YESAP60710798384,2026-03-12 03:20:36,UPI,rooftop,meet-recording/data_sheets_historical/mangal all data sheet/PTM ROOFTOP/TMV ROOFTOP - MARCH 2026.xlsx,
2026-03-11 19:37:36,908.0,0.0,0.0,908.0,YESAP60710798384,2026-03-12 03:20:36,UPI,rooftop,meet-recording/data_sheets_historical/mangal all data sheet/PTM ROOFTOP/TMV ROOFTOP - MARCH 2026.xlsx,
2026-03-11 20:28:49,20.0,0.0,0.0,20.0,YESAP60710798384,2026-03-12 03:20:36,UPI_LITE,rooftop,meet-recording/data_sheets_historical/mangal all data sheet/PTM ROOFTOP/TMV ROOFTOP - MARCH 2026.xlsx,
2026-03-11 20:44:44,60.0,0.0,0.0,60.0,YESAP60710798384,2026-03-12 03:20:36,UPI_LITE,rooftop,meet-recording/data_sheets_historical/mangal all data sheet/PTM ROOFTOP/TMV ROOFTOP - MARCH 2026.xlsx,
2026-03-11 20:46:32,746.0,0.0,0.0,746.0,YESAP60710798384,2026-03-12 03:20:36,UPI,rooftop,meet-recording/data_sheets_historical/mangal all data sheet/PTM ROOFTOP/TMV ROOFTOP - MARCH 2026.xlsx,
2026-03-11 20:52:18,1615.0,37.15,6.69,1571.16,YESAP60710798384,2026-03-12 03:20:36,UPI_CREDIT_CARD,rooftop,meet-recording/data_sheets_historical/mangal all data sheet/PTM ROOFTOP/TMV ROOFTOP - MARCH 2026.xlsx,
2026-03-11 21:13:07,887.0,0.0,0.0,887.0,YESAP60710798384,2026-03-12 03:20:36,UPI,rooftop,meet-recording/data_sheets_historical/mangal all data sheet/PTM ROOFTOP/TMV ROOFTOP - MARCH 2026.xlsx,
2026-03-11 22:16:49,529.0,0.0,0.0,529.0,YESAP60710798384,2026-03-12 03:20:36,UPI,rooftop,meet-recording/data_sheets_historical/mangal all data sheet/PTM ROOFTOP/TMV ROOFTOP - MARCH 2026.xlsx,
2026-03-11 22:18:35,249.0,0.0,0.0,249.0,YESAP60710798384,2026-03-12 03:20:36,UPI_LITE,rooftop,meet-recording/data_sheets_historical/mangal all data sheet/PTM ROOFTOP/TMV ROOFTOP - MARCH 2026.xlsx,
2026-03-11 22:20:59,1040.0,0.0,0.0,1040.0,YESAP60710798384,2026-03-12 03:20:36,UPI,rooftop,meet-recording/data_sheets_historical/mangal all data sheet/PTM ROOFTOP/TMV ROOFTOP - MARCH 2026.xlsx,
2026-03-11 22:32:12,249.0,0.0,0.0,249.0,YESAP60710798384,2026-03-12 03:20:36,UPI,rooftop,meet-recording/data_sheets_historical/mangal all data sheet/PTM ROOFTOP/TMV ROOFTOP - MARCH 2026.xlsx,
2026-03-11 22:42:13,2000.0,0.0,0.0,2000.0,YESAP60710798384,2026-03-12 03:20:36,UPI,rooftop,meet-recording/data_sheets_historical/mangal all data sheet/PTM ROOFTOP/TMV ROOFTOP - MARCH 2026.xlsx,
2026-03-11 22:42:28,93.0,0.0,0.0,93.0,YESAP60710798384,2026-03-12 03:20:36,UPI,rooftop,meet-recording/data_sheets_historical/mangal all data sheet/PTM ROOFTOP/TMV ROOFTOP - MARCH 2026.xlsx,
,,,,,,,,rooftop,meet-recording/data_sheets_historical/mangal all data sheet/PTM ROOFTOP/TMV ROOFTOP - MARCH 2026.xlsx,
2026-03-12 08:14:06,300.0,0.0,0.0,300.0,YESAP60721511720,2026-03-13 04:42:07,UPI,rooftop,meet-recording/data_sheets_historical/mangal all data sheet/PTM ROOFTOP/TMV ROOFTOP - MARCH 2026.xlsx,
2026-03-12 11:07:33,20.0,0.0,0.0,20.0,YESAP60721511720,2026-03-13 04:42:07,UPI,rooftop,meet-recording/data_sheets_historical/mangal all data sheet/PTM ROOFTOP/TMV ROOFTOP - MARCH 2026.xlsx,
2026-03-12 11:37:43,60.0,0.0,0.0,60.0,YESAP60721511720,2026-03-13 04:42:07,UPI,rooftop,meet-recording/data_sheets_historical/mangal all data sheet/PTM ROOFTOP/TMV ROOFTOP - MARCH 2026.xlsx,
2026-03-12 14:10:32,857.0,3.43,0.0,853.57,YESAP60721511720,2026-03-13 04:42:07,DEBIT_CARD,rooftop,meet-recording/data_sheets_historical/mangal all data sheet/PTM ROOFTOP/TMV ROOFTOP - MARCH 2026.xlsx,
2026-03-12 17:25:02,269.0,0.0,0.0,269.0,YESAP60721511720,2026-03-13 04:42:07,UPI,rooftop,meet-recording/data_sheets_historical/mangal all data sheet/PTM ROOFTOP/TMV ROOFTOP - MARCH 2026.xlsx,
2026-03-12 19:36:52,977.0,0.0,0.0,977.0,YESAP60721511720,2026-03-13 04:42:07,UPI,rooftop,meet-recording/data_sheets_historical/mangal all data sheet/PTM ROOFTOP/TMV ROOFTOP - MARCH 2026.xlsx,
2026-03-12 21:37:58,998.0,22.95,4.13,970.92,YESAP60721511720,2026-03-13 04:42:07,UPI_CREDIT_CARD,rooftop,meet-recording/data_sheets_historical/mangal all data sheet/PTM ROOFTOP/TMV ROOFTOP - MARCH 2026.xlsx,
2026-03-12 22:51:36,249.0,0.0,0.0,249.0,YESAP60721511720,2026-03-13 04:42:07,UPI,rooftop,meet-recording/data_sheets_historical/mangal all data sheet/PTM ROOFTOP/TMV ROOFTOP - MARCH 2026.xlsx,
,,,,,,,,rooftop,meet-recording/data_sheets_historical/mangal all data sheet/PTM ROOFTOP/TMV ROOFTOP - MARCH 2026.xlsx,
2026-03-13 08:37:58,20.0,0.0,0.0,20.0,YESAP60730451571,2026-03-14 08:49:21,UPI,rooftop,meet-recording/data_sheets_historical/mangal all data sheet/PTM ROOFTOP/TMV ROOFTOP - MARCH 2026.xlsx,
2026-03-13 12:54:40,277.0,0.0,0.0,277.0,YESAP60730451571,2026-03-14 08:49:21,UPI,rooftop,meet-recording/data_sheets_historical/mangal all data sheet/PTM ROOFTOP/TMV ROOFTOP - MARCH 2026.xlsx,
2026-03-13 14:22:07,1187.0,27.3,4.91,1154.79,YESAP60730451571,2026-03-14 08:49:21,UPI_CREDIT_CARD,rooftop,meet-recording/data_sheets_historical/mangal all data sheet/PTM ROOFTOP/TMV ROOFTOP - MARCH 2026.xlsx,
2026-03-13 15:26:54,200.0,4.6,0.83,194.57,YESAP60730451571,2026-03-14 08:49:21,UPI_CREDIT_CARD,rooftop,meet-recording/data_sheets_historical/mangal all data sheet/PTM ROOFTOP/TMV ROOFTOP - MARCH 2026.xlsx,
2026-03-13 16:19:29,1814.0,0.0,0.0,1814.0,YESAP60730451571,2026-03-14 08:49:21,UPI,rooftop,meet-recording/data_sheets_historical/mangal all data sheet/PTM ROOFTOP/TMV ROOFTOP - MARCH 2026.xlsx,
2026-03-13 18:23:33,558.0,0.0,0.0,558.0,YESAP60730451571,2026-03-14 08:49:21,UPI,rooftop,meet-recording/data_sheets_historical/mangal all data sheet/PTM ROOFTOP/TMV ROOFTOP - MARCH 2026.xlsx,
2026-03-13 19:04:03,498.0,0.0,0.0,498.0,YESAP60730451571,2026-03-14 08:49:21,UPI,rooftop,meet-recording/data_sheets_historical/mangal all data sheet/PTM ROOFTOP/TMV ROOFTOP - MARCH 2026.xlsx,
2026-03-13 19:11:06,818.0,0.0,0.0,818.0,YESAP60730451571,2026-03-14 08:49:21,UPI,rooftop,meet-recording/data_sheets_historical/mangal all data sheet/PTM ROOFTOP/TMV ROOFTOP - MARCH 2026.xlsx,
2026-03-13 20:46:45,1366.0,0.0,0.0,1366.0,YESAP60730451571,2026-03-14 08:49:21,UPI,rooftop,meet-recording/data_sheets_historical/mangal all data sheet/PTM ROOFTOP/TMV ROOFTOP - MARCH 2026.xlsx,
2026-03-13 21:28:18,743.0,0.0,0.0,743.0,YESAP60730451571,2026-03-14 08:49:21,UPI,rooftop,meet-recording/data_sheets_historical/mangal all data sheet/PTM ROOFTOP/TMV ROOFTOP - MARCH 2026.xlsx,
2026-03-13 21:30:57,335.0,7.71,1.39,325.9,YESAP60730451571,2026-03-14 08:49:21,UPI_CREDIT_CARD,rooftop,meet-recording/data_sheets_historical/mangal all data sheet/PTM ROOFTOP/TMV ROOFTOP - MARCH 2026.xlsx,
2026-03-13 21:41:41,915.0,0.0,0.0,915.0,YESAP60730451571,2026-03-14 08:49:21,UPI,rooftop,meet-recording/data_sheets_historical/mangal all data sheet/PTM ROOFTOP/TMV ROOFTOP - MARCH 2026.xlsx,
2026-03-13 22:24:53,647.0,22.65,0.0,624.35,YESAP60730451571,2026-03-14 08:49:21,CREDIT_CARD,rooftop,meet-recording/data_sheets_historical/mangal all data sheet/PTM ROOFTOP/TMV ROOFTOP - MARCH 2026.xlsx,
2026-03-13 22:46:18,768.0,0.0,0.0,768.0,YESAP60730451571,2026-03-14 08:49:21,UPI,rooftop,meet-recording/data_sheets_historical/mangal all data sheet/PTM ROOFTOP/TMV ROOFTOP - MARCH 2026.xlsx,
2026-03-13 22:49:33,579.0,0.0,0.0,579.0,YESAP60730451571,2026-03-14 08:49:21,UPI,rooftop,meet-recording/data_sheets_historical/mangal all data sheet/PTM ROOFTOP/TMV ROOFTOP - MARCH 2026.xlsx,
,,,,,,,,rooftop,meet-recording/data_sheets_historical/mangal all data sheet/PTM ROOFTOP/TMV ROOFTOP - MARCH 2026.xlsx,
2026-03-14 09:11:53,20.0,0.0,0.0,20.0,YESAP60741859145,2026-03-15 05:07:30,UPI,rooftop,meet-recording/data_sheets_historical/mangal all data sheet/PTM ROOFTOP/TMV ROOFTOP - MARCH 2026.xlsx,
2026-03-14 09:15:50,260.0,0.0,0.0,260.0,YESAP60741859145,2026-03-15 05:07:30,UPI,rooftop,meet-recording/data_sheets_historical/mangal all data sheet/PTM ROOFTOP/TMV ROOFTOP - MARCH 2026.xlsx,
2026-03-14 14:01:29,1646.0,0.0,0.0,1646.0,YESAP60741859145,2026-03-15 05:07:30,DEBIT_CARD,rooftop,meet-recording/data_sheets_historical/mangal all data sheet/PTM ROOFTOP/TMV ROOFTOP - MARCH 2026.xlsx,
2026-03-14 14:51:22,708.0,16.28,2.93,688.79,YESAP60741859145,2026-03-15 05:07:30,UPI_CREDIT_CARD,rooftop,meet-recording/data_sheets_historical/mangal all data sheet/PTM ROOFTOP/TMV ROOFTOP - MARCH 2026.xlsx,
2026-03-14 17:57:58,349.0,0.0,0.0,349.0,YESAP60741859145,2026-03-15 05:07:30,UPI,rooftop,meet-recording/data_sheets_historical/mangal all data sheet/PTM ROOFTOP/TMV ROOFTOP - MARCH 2026.xlsx,
2026-03-14 20:51:41,120.0,2.76,0.5,116.74,YESAP60741859145,2026-03-15 05:07:30,UPI_CREDIT_CARD,rooftop,meet-recording/data_sheets_historical/mangal all data sheet/PTM ROOFTOP/TMV ROOFTOP - MARCH 2026.xlsx,
2026-03-14 21:01:57,60.0,1.38,0.25,58.37,YESAP60741859145,2026-03-15 05:07:30,UPI_CREDIT_CARD,rooftop,meet-recording/data_sheets_historical/mangal all data sheet/PTM ROOFTOP/TMV ROOFTOP - MARCH 2026.xlsx,
2026-03-14 21:57:33,1137.0,0.0,0.0,1137.0,YESAP60741859145,2026-03-15 05:07:30,UPI,rooftop,meet-recording/data_sheets_historical/mangal all data sheet/PTM ROOFTOP/TMV ROOFTOP - MARCH 2026.xlsx,
2026-03-14 22:15:38,1795.0,0.0,0.0,1795.0,YESAP60741859145,2026-03-15 05:07:30,UPI,rooftop,meet-recording/data_sheets_historical/mangal all data sheet/PTM ROOFTOP/TMV ROOFTOP - MARCH 2026.xlsx,
2026-03-14 22:19:22,958.0,0.0,0.0,958.0,YESAP60741859145,2026-03-15 05:07:30,UPI,rooftop,meet-recording/data_sheets_historical/mangal all data sheet/PTM ROOFTOP/TMV ROOFTOP - MARCH 2026.xlsx,
2026-03-14 22:26:13,479.0,0.0,0.0,479.0,YESAP60741859145,2026-03-15 05:07:30,UPI,rooftop,meet-recording/data_sheets_historical/mangal all data sheet/PTM ROOFTOP/TMV ROOFTOP - MARCH 2026.xlsx,
2026-03-14 22:36:08,604.0,0.0,0.0,604.0,YESAP60741859145,2026-03-15 05:07:30,UPI,rooftop,meet-recording/data_sheets_historical/mangal all data sheet/PTM ROOFTOP/TMV ROOFTOP - MARCH 2026.xlsx,
2026-03-14 22:56:11,218.0,0.0,0.0,218.0,YESAP60741859145,2026-03-15 05:07:30,UPI,rooftop,meet-recording/data_sheets_historical/mangal all data sheet/PTM ROOFTOP/TMV ROOFTOP - MARCH 2026.xlsx,
2026-03-14 23:10:29,1167.0,0.0,0.0,1167.0,YESAP60741859145,2026-03-15 05:07:30,UPI,rooftop,meet-recording/data_sheets_historical/mangal all data sheet/PTM ROOFTOP/TMV ROOFTOP - MARCH 2026.xlsx,
2026-03-14 23:27:45,40.0,0.0,0.0,40.0,YESAP60741859145,2026-03-15 05:07:30,UPI,rooftop,meet-recording/data_sheets_historical/mangal all data sheet/PTM ROOFTOP/TMV ROOFTOP - MARCH 2026.xlsx,
,,,,,,,,rooftop,meet-recording/data_sheets_historical/mangal all data sheet/PTM ROOFTOP/TMV ROOFTOP - MARCH 2026.xlsx,
2026-03-15 19:11:05,2987.0,44.81,8.07,2934.12,YESAP60758721379,2026-03-16 05:32:15,CREDIT_CARD,rooftop,meet-recording/data_sheets_historical/mangal all data sheet/PTM ROOFTOP/TMV ROOFTOP - MARCH 2026.xlsx,
2026-03-15 20:31:10,1376.0,31.65,5.7,1338.65,YESAP60758721379,2026-03-16 05:32:15,UPI_CREDIT_CARD,rooftop,meet-recording/data_sheets_historical/mangal all data sheet/PTM ROOFTOP/TMV ROOFTOP - MARCH 2026.xlsx,
2026-03-15 21:02:54,1515.0,53.03,0.0,1461.97,YESAP60758721379,2026-03-16 05:32:15,CREDIT_CARD,rooftop,meet-recording/data_sheets_historical/mangal all data sheet/PTM ROOFTOP/TMV ROOFTOP - MARCH 2026.xlsx,
2026-03-15 21:12:03,429.0,0.0,0.0,429.0,YESAP60758721379,2026-03-16 05:32:15,UPI,rooftop,meet-recording/data_sheets_historical/mangal all data sheet/PTM ROOFTOP/TMV ROOFTOP - MARCH 2026.xlsx,
2026-03-15 21:19:41,767.0,17.64,3.18,746.18,YESAP60758721379,2026-03-16 05:32:15,UPI_CREDIT_CARD,rooftop,meet-recording/data_sheets_historical/mangal all data sheet/PTM ROOFTOP/TMV ROOFTOP - MARCH 2026.xlsx,
2026-03-15 21:25:14,1705.0,0.0,0.0,1705.0,YESAP60758721379,2026-03-16 05:32:15,UPI,rooftop,meet-recording/data_sheets_historical/mangal all data sheet/PTM ROOFTOP/TMV ROOFTOP - MARCH 2026.xlsx,
2026-03-15 21:31:59,40.0,0.0,0.0,40.0,YESAP60758721379,2026-03-16 05:32:15,UPI,rooftop,meet-recording/data_sheets_historical/mangal all data sheet/PTM ROOFTOP/TMV ROOFTOP - MARCH 2026.xlsx,
2026-03-15 21:35:35,1362.0,0.0,0.0,1362.0,YESAP60758721379,2026-03-16 05:32:15,UPI,rooftop,meet-recording/data_sheets_historical/mangal all data sheet/PTM ROOFTOP/TMV ROOFTOP - MARCH 2026.xlsx,
2026-03-15 21:39:11,299.0,6.88,1.24,290.88,YESAP60758721379,2026-03-16 05:32:15,UPI_CREDIT_CARD,rooftop,meet-recording/data_sheets_historical/mangal all data sheet/PTM ROOFTOP/TMV ROOFTOP - MARCH 2026.xlsx,
2026-03-15 21:47:49,1028.0,0.0,0.0,1028.0,YESAP60758721379,2026-03-16 05:32:15,UPI,rooftop,meet-recording/data_sheets_historical/mangal all data sheet/PTM ROOFTOP/TMV ROOFTOP - MARCH 2026.xlsx,
2026-03-15 22:15:58,857.0,12.86,0.0,844.14,YESAP60758721379,2026-03-16 05:32:15,CREDIT_CARD,rooftop,meet-recording/data_sheets_historical/mangal all data sheet/PTM ROOFTOP/TMV ROOFTOP - MARCH 2026.xlsx,
2026-03-15 22:53:30,198.0,0.0,0.0,198.0,YESAP60758721379,2026-03-16 05:32:15,UPI,rooftop,meet-recording/data_sheets_historical/mangal all data sheet/PTM ROOFTOP/TMV ROOFTOP - MARCH 2026.xlsx,
,,,,,,,,rooftop,meet-recording/data_sheets_historical/mangal all data sheet/PTM ROOFTOP/TMV ROOFTOP - MARCH 2026.xlsx,
2026-03-16 08:29:02,400.0,9.2,1.66,389.14,YESAP60761041222,2026-03-17 03:18:39,UPI_CREDIT_CARD,rooftop,meet-recording/data_sheets_historical/mangal all data sheet/PTM ROOFTOP/TMV ROOFTOP - MARCH 2026.xlsx,
2026-03-16 08:59:36,800.0,0.0,0.0,800.0,YESAP60761041222,2026-03-17 03:18:39,UPI,rooftop,meet-recording/data_sheets_historical/mangal all data sheet/PTM ROOFTOP/TMV ROOFTOP - MARCH 2026.xlsx,
2026-03-16 10:30:43,600.0,0.0,0.0,600.0,YESAP60761041222,2026-03-17 03:18:39,UPI,rooftop,meet-recording/data_sheets_historical/mangal all data sheet/PTM ROOFTOP/TMV ROOFTOP - MARCH 2026.xlsx,
2026-03-16 10:37:57,400.0,0.0,0.0,400.0,YESAP60761041222,2026-03-17 03:18:39,UPI,rooftop,meet-recording/data_sheets_historical/mangal all data sheet/PTM ROOFTOP/TMV ROOFTOP - MARCH 2026.xlsx,
2026-03-16 11:08:39,269.0,0.0,0.0,269.0,YESAP60761041222,2026-03-17 03:18:39,UPI,rooftop,meet-recording/data_sheets_historical/mangal all data sheet/PTM ROOFTOP/TMV ROOFTOP - MARCH 2026.xlsx,
2026-03-16 13:48:58,868.0,0.0,0.0,868.0,YESAP60761041222,2026-03-17 03:18:39,UPI,rooftop,meet-recording/data_sheets_historical/mangal all data sheet/PTM ROOFTOP/TMV ROOFTOP - MARCH 2026.xlsx,
2026-03-16 14:00:06,728.0,0.0,0.0,728.0,YESAP60761041222,2026-03-17 03:18:39,UPI,rooftop,meet-recording/data_sheets_historical/mangal all data sheet/PTM ROOFTOP/TMV ROOFTOP - MARCH 2026.xlsx,
2026-03-16 15:08:04,70.0,0.0,0.0,70.0,YESAP60761041222,2026-03-17 03:18:39,UPI,rooftop,meet-recording/data_sheets_historical/mangal all data sheet/PTM ROOFTOP/TMV ROOFTOP - MARCH 2026.xlsx,
2026-03-16 15:14:23,60.0,0.0,0.0,60.0,YESAP60761041222,2026-03-17 03:18:39,UPI,rooftop,meet-recording/data_sheets_historical/mangal all data sheet/PTM ROOFTOP/TMV ROOFTOP - MARCH 2026.xlsx,
2026-03-16 15:58:11,20.0,0.0,0.0,20.0,YESAP60761041222,2026-03-17 03:18:39,UPI,rooftop,meet-recording/data_sheets_historical/mangal all data sheet/PTM ROOFTOP/TMV ROOFTOP - MARCH 2026.xlsx,
2026-03-16 16:42:22,30.0,0.0,0.0,30.0,YESAP60761041222,2026-03-17 03:18:39,UPI,rooftop,meet-recording/data_sheets_historical/mangal all data sheet/PTM ROOFTOP/TMV ROOFTOP - MARCH 2026.xlsx,
2026-03-16 17:40:43,429.0,9.87,1.78,417.35,YESAP60761041222,2026-03-17 03:18:39,UPI_CREDIT_CARD,rooftop,meet-recording/data_sheets_historical/mangal all data sheet/PTM ROOFTOP/TMV ROOFTOP - MARCH 2026.xlsx,
2026-03-16 18:38:31,360.0,0.0,0.0,360.0,YESAP60761041222,2026-03-17 03:18:39,UPI,rooftop,meet-recording/data_sheets_historical/mangal all data sheet/PTM ROOFTOP/TMV ROOFTOP - MARCH 2026.xlsx,
2026-03-16 19:44:14,1586.0,36.48,6.57,1542.95,YESAP60761041222,2026-03-17 03:18:39,UPI_CREDIT_CARD,rooftop,meet-recording/data_sheets_historical/mangal all data sheet/PTM ROOFTOP/TMV ROOFTOP - MARCH 2026.xlsx,
2026-03-16 21:08:38,668.0,15.36,2.76,649.88,YESAP60761041222,2026-03-17 03:18:39,UPI_CREDIT_CARD,rooftop,meet-recording/data_sheets_historical/mangal all data sheet/PTM ROOFTOP/TMV ROOFTOP - MARCH 2026.xlsx,
2026-03-16 21:16:54,607.0,9.11,0.0,597.89,YESAP60761041222,2026-03-17 03:18:39,CREDIT_CARD,rooftop,meet-recording/data_sheets_historical/mangal all data sheet/PTM ROOFTOP/TMV ROOFTOP - MARCH 2026.xlsx,
2026-03-16 21:19:19,2619.0,0.0,0.0,2619.0,YESAP60761041222,2026-03-17 03:18:39,UPI,rooftop,meet-recording/data_sheets_historical/mangal all data sheet/PTM ROOFTOP/TMV ROOFTOP - MARCH 2026.xlsx,
2026-03-16 21:20:07,719.0,0.0,0.0,719.0,YESAP60761041222,2026-03-17 03:18:39,UPI,rooftop,meet-recording/data_sheets_historical/mangal all data sheet/PTM ROOFTOP/TMV ROOFTOP - MARCH 2026.xlsx,
2026-03-16 21:33:07,673.0,0.0,0.0,673.0,YESAP60761041222,2026-03-17 03:18:39,UPI,rooftop,meet-recording/data_sheets_historical/mangal all data sheet/PTM ROOFTOP/TMV ROOFTOP - MARCH 2026.xlsx,
2026-03-16 22:41:05,1295.0,29.79,5.36,1259.85,YESAP60761041222,2026-03-17 03:18:39,UPI_CREDIT_CARD,rooftop,meet-recording/data_sheets_historical/mangal all data sheet/PTM ROOFTOP/TMV ROOFTOP - MARCH 2026.xlsx,
,,,,,,,,rooftop,meet-recording/data_sheets_historical/mangal all data sheet/PTM ROOFTOP/TMV ROOFTOP - MARCH 2026.xlsx,
2026-03-17 08:44:31,20.0,0.0,0.0,20.0,YESAP60771496874,2026-03-18 03:52:22,UPI,rooftop,meet-recording/data_sheets_historical/mangal all data sheet/PTM ROOFTOP/TMV ROOFTOP - MARCH 2026.xlsx,
2026-03-17 10:31:53,447.0,6.71,0.0,440.29,YESAP60771496874,2026-03-18 03:52:22,CREDIT_CARD,rooftop,meet-recording/data_sheets_historical/mangal all data sheet/PTM ROOFTOP/TMV ROOFTOP - MARCH 2026.xlsx,
2026-03-17 10:55:39,120.0,0.0,0.0,120.0,YESAP60771496874,2026-03-18 03:52:22,UPI,rooftop,meet-recording/data_sheets_historical/mangal all data sheet/PTM ROOFTOP/TMV ROOFTOP - MARCH 2026.xlsx,
2026-03-17 14:52:03,1027.0,0.0,0.0,1027.0,YESAP60771496874,2026-03-18 03:52:22,UPI,rooftop,meet-recording/data_sheets_historical/mangal all data sheet/PTM ROOFTOP/TMV ROOFTOP - MARCH 2026.xlsx,
2026-03-17 17:10:49,240.0,0.0,0.0,240.0,YESAP60771496874,2026-03-18 03:52:22,UPI,rooftop,meet-recording/data_sheets_historical/mangal all data sheet/PTM ROOFTOP/TMV ROOFTOP - MARCH 2026.xlsx,
2026-03-17 20:26:50,708.0,0.0,0.0,708.0,YESAP60771496874,2026-03-18 03:52:22,UPI,rooftop,meet-recording/data_sheets_historical/mangal all data sheet/PTM ROOFTOP/TMV ROOFTOP - MARCH 2026.xlsx,
2026-03-17 21:05:36,569.0,0.0,0.0,569.0,YESAP60771496874,2026-03-18 03:52:22,UPI,rooftop,meet-recording/data_sheets_historical/mangal all data sheet/PTM ROOFTOP/TMV ROOFTOP - MARCH 2026.xlsx,
2026-03-17 21:15:23,1022.0,0.0,0.0,1022.0,YESAP60771496874,2026-03-18 03:52:22,UPI,rooftop,meet-recording/data_sheets_historical/mangal all data sheet/PTM ROOFTOP/TMV ROOFTOP - MARCH 2026.xlsx,
2026-03-17 21:21:09,1350.0,0.0,0.0,1350.0,YESAP60771496874,2026-03-18 03:52:22,UPI,rooftop,meet-recording/data_sheets_historical/mangal all data sheet/PTM ROOFTOP/TMV ROOFTOP - MARCH 2026.xlsx,
2026-03-17 21:28:47,40.0,0.0,0.0,40.0,YESAP60771496874,2026-03-18 03:52:22,UPI,rooftop,meet-recording/data_sheets_historical/mangal all data sheet/PTM ROOFTOP/TMV ROOFTOP - MARCH 2026.xlsx,
,,,,,,,,rooftop,meet-recording/data_sheets_historical/mangal all data sheet/PTM ROOFTOP/TMV ROOFTOP - MARCH 2026.xlsx,
2026-03-18 13:22:58,539.0,8.09,0.0,530.91,YESAP60782642794,2026-03-19 05:00:45,CREDIT_CARD,rooftop,meet-recording/data_sheets_historical/mangal all data sheet/PTM ROOFTOP/TMV ROOFTOP - MARCH 2026.xlsx,
2026-03-18 14:00:35,1107.0,0.0,0.0,1107.0,YESAP60782642794,2026-03-19 05:00:45,UPI,rooftop,meet-recording/data_sheets_historical/mangal all data sheet/PTM ROOFTOP/TMV ROOFTOP - MARCH 2026.xlsx,
2026-03-18 14:27:18,299.0,0.0,0.0,299.0,YESAP60782642794,2026-03-19 05:00:45,UPI,rooftop,meet-recording/data_sheets_historical/mangal all data sheet/PTM ROOFTOP/TMV ROOFTOP - MARCH 2026.xlsx,
2026-03-18 19:18:32,240.0,0.0,0.0,240.0,YESAP60782642794,2026-03-19 05:00:45,UPI,rooftop,meet-recording/data_sheets_historical/mangal all data sheet/PTM ROOFTOP/TMV ROOFTOP - MARCH 2026.xlsx,
2026-03-18 19:51:51,648.0,0.0,0.0,648.0,YESAP60782642794,2026-03-19 05:00:45,UPI,rooftop,meet-recording/data_sheets_historical/mangal all data sheet/PTM ROOFTOP/TMV ROOFTOP - MARCH 2026.xlsx,
2026-03-18 20:22:49,1147.0,0.0,0.0,1147.0,YESAP60782642794,2026-03-19 05:00:45,UPI,rooftop,meet-recording/data_sheets_historical/mangal all data sheet/PTM ROOFTOP/TMV ROOFTOP - MARCH 2026.xlsx,
2026-03-18 21:08:41,349.0,0.0,0.0,349.0,YESAP60782642794,2026-03-19 05:00:45,UPI,rooftop,meet-recording/data_sheets_historical/mangal all data sheet/PTM ROOFTOP/TMV ROOFTOP - MARCH 2026.xlsx,
2026-03-18 21:50:19,1047.0,0.0,0.0,1047.0,YESAP60782642794,2026-03-19 05:00:45,UPI,rooftop,meet-recording/data_sheets_historical/mangal all data sheet/PTM ROOFTOP/TMV ROOFTOP - MARCH 2026.xlsx,
2026-03-18 21:53:04,3442.0,0.0,0.0,3442.0,YESAP60782642794,2026-03-19 05:00:45,UPI,rooftop,meet-recording/data_sheets_historical/mangal all data sheet/PTM ROOFTOP/TMV ROOFTOP - MARCH 2026.xlsx,
2026-03-18 22:00:24,838.0,0.0,0.0,838.0,YESAP60782642794,2026-03-19 05:00:45,UPI,rooftop,meet-recording/data_sheets_historical/mangal all data sheet/PTM ROOFTOP/TMV ROOFTOP - MARCH 2026.xlsx,
,,,,,,,,rooftop,meet-recording/data_sheets_historical/mangal all data sheet/PTM ROOFTOP/TMV ROOFTOP - MARCH 2026.xlsx,
2026-03-19 08:22:28,120.0,0.0,0.0,120.0,YESAP60791124623,2026-03-20 03:29:47,UPI,rooftop,meet-recording/data_sheets_historical/mangal all data sheet/PTM ROOFTOP/TMV ROOFTOP - MARCH 2026.xlsx,
2026-03-19 08:30:45,370.0,0.0,0.0,370.0,YESAP60791124623,2026-03-20 03:29:47,UPI,rooftop,meet-recording/data_sheets_historical/mangal all data sheet/PTM ROOFTOP/TMV ROOFTOP - MARCH 2026.xlsx,
2026-03-19 12:22:59,240.0,3.6,0.0,236.4,YESAP60791124623,2026-03-20 03:29:47,CREDIT_CARD,rooftop,meet-recording/data_sheets_historical/mangal all data sheet/PTM ROOFTOP/TMV ROOFTOP - MARCH 2026.xlsx,
2026-03-19 13:05:11,299.0,6.88,1.24,290.88,YESAP60791124623,2026-03-20 03:29:47,UPI_CREDIT_CARD,rooftop,meet-recording/data_sheets_historical/mangal all data sheet/PTM ROOFTOP/TMV ROOFTOP - MARCH 2026.xlsx,
2026-03-19 13:29:30,638.0,22.33,0.0,615.67,YESAP60791124623,2026-03-20 03:29:47,DEBIT_CARD,rooftop,meet-recording/data_sheets_historical/mangal all data sheet/PTM ROOFTOP/TMV ROOFTOP - MARCH 2026.xlsx,
2026-03-19 15:56:33,2484.0,0.0,0.0,2484.0,YESAP60791124623,2026-03-20 03:29:47,UPI,rooftop,meet-recording/data_sheets_historical/mangal all data sheet/PTM ROOFTOP/TMV ROOFTOP - MARCH 2026.xlsx,
2026-03-19 16:06:03,847.0,0.0,0.0,847.0,YESAP60791124623,2026-03-20 03:29:47,UPI,rooftop,meet-recording/data_sheets_historical/mangal all data sheet/PTM ROOFTOP/TMV ROOFTOP - MARCH 2026.xlsx,
2026-03-19 16:47:38,1437.0,21.56,0.0,1415.44,YESAP60791124623,2026-03-20 03:29:47,CREDIT_CARD,rooftop,meet-recording/data_sheets_historical/mangal all data sheet/PTM ROOFTOP/TMV ROOFTOP - MARCH 2026.xlsx,
2026-03-19 16:55:50,1156.0,0.0,0.0,1156.0,YESAP60791124623,2026-03-20 03:29:47,UPI,rooftop,meet-recording/data_sheets_historical/mangal all data sheet/PTM ROOFTOP/TMV ROOFTOP - MARCH 2026.xlsx,
2026-03-19 20:57:07,149.0,0.0,0.0,149.0,YESAP60791124623,2026-03-20 03:29:47,UPI,rooftop,meet-recording/data_sheets_historical/mangal all data sheet/PTM ROOFTOP/TMV ROOFTOP - MARCH 2026.xlsx,
2026-03-19 21:01:46,936.0,0.0,0.0,936.0,YESAP60791124623,2026-03-20 03:29:47,UPI,rooftop,meet-recording/data_sheets_historical/mangal all data sheet/PTM ROOFTOP/TMV ROOFTOP - MARCH 2026.xlsx,
2026-03-19 21:02:47,479.0,11.02,1.98,466.0,YESAP60791124623,2026-03-20 03:29:47,UPI_CREDIT_CARD,rooftop,meet-recording/data_sheets_historical/mangal all data sheet/PTM ROOFTOP/TMV ROOFTOP - MARCH 2026.xlsx,
2026-03-19 21:03:20,4900.0,0.0,0.0,4900.0,YESAP60791124623,2026-03-20 03:29:47,UPI,rooftop,meet-recording/data_sheets_historical/mangal all data sheet/PTM ROOFTOP/TMV ROOFTOP - MARCH 2026.xlsx,
2026-03-19 21:21:41,1155.0,0.0,0.0,1155.0,YESAP60791124623,2026-03-20 03:29:47,UPI,rooftop,meet-recording/data_sheets_historical/mangal all data sheet/PTM ROOFTOP/TMV ROOFTOP - MARCH 2026.xlsx,
2026-03-19 21:32:55,497.0,0.0,0.0,497.0,YESAP60791124623,2026-03-20 03:29:47,UPI,rooftop,meet-recording/data_sheets_historical/mangal all data sheet/PTM ROOFTOP/TMV ROOFTOP - MARCH 2026.xlsx,
2026-03-19 21:35:06,598.0,0.0,0.0,598.0,YESAP60791124623,2026-03-20 03:29:47,UPI_LITE,rooftop,meet-recording/data_sheets_historical/mangal all data sheet/PTM ROOFTOP/TMV ROOFTOP - MARCH 2026.xlsx,
2026-03-19 21:47:04,240.0,3.6,0.0,236.4,YESAP60791124623,2026-03-20 03:29:47,CREDIT_CARD,rooftop,meet-recording/data_sheets_historical/mangal all data sheet/PTM ROOFTOP/TMV ROOFTOP - MARCH 2026.xlsx,
2026-03-19 21:47:32,449.0,0.0,0.0,449.0,YESAP60791124623,2026-03-20 03:29:47,UPI,rooftop,meet-recording/data_sheets_historical/mangal all data sheet/PTM ROOFTOP/TMV ROOFTOP - MARCH 2026.xlsx,
2026-03-19 21:54:30,538.0,0.0,0.0,538.0,YESAP60791124623,2026-03-20 03:29:47,UPI,rooftop,meet-recording/data_sheets_historical/mangal all data sheet/PTM ROOFTOP/TMV ROOFTOP - MARCH 2026.xlsx,
2026-03-19 21:57:56,518.0,11.91,2.14,503.95,YESAP60791124623,2026-03-20 03:29:47,UPI_CREDIT_CARD,rooftop,meet-recording/data_sheets_historical/mangal all data sheet/PTM ROOFTOP/TMV ROOFTOP - MARCH 2026.xlsx,
,,,,,,,,rooftop,meet-recording/data_sheets_historical/mangal all data sheet/PTM ROOFTOP/TMV ROOFTOP - MARCH 2026.xlsx,
2026-03-20 07:14:13,80.0,1.84,0.33,77.83,YESAP60801609470,2026-03-21 04:19:17,UPI_CREDIT_CARD,rooftop,meet-recording/data_sheets_historical/mangal all data sheet/PTM ROOFTOP/TMV ROOFTOP - MARCH 2026.xlsx,
2026-03-20 08:10:48,20.0,0.0,0.0,20.0,YESAP60801609470,2026-03-21 04:19:17,UPI,rooftop,meet-recording/data_sheets_historical/mangal all data sheet/PTM ROOFTOP/TMV ROOFTOP - MARCH 2026.xlsx,
2026-03-20 13:11:06,577.0,0.0,0.0,577.0,YESAP60801609470,2026-03-21 04:19:17,UPI,rooftop,meet-recording/data_sheets_historical/mangal all data sheet/PTM ROOFTOP/TMV ROOFTOP - MARCH 2026.xlsx,
2026-03-20 13:50:14,439.0,0.0,0.0,439.0,YESAP60801609470,2026-03-21 04:19:17,UPI,rooftop,meet-recording/data_sheets_historical/mangal all data sheet/PTM ROOFTOP/TMV ROOFTOP - MARCH 2026.xlsx,
2026-03-20 14:23:41,718.0,0.0,0.0,718.0,YESAP60801609470,2026-03-21 04:19:17,UPI,rooftop,meet-recording/data_sheets_historical/mangal all data sheet/PTM ROOFTOP/TMV ROOFTOP - MARCH 2026.xlsx,
2026-03-20 14:35:00,489.0,0.0,0.0,489.0,YESAP60801609470,2026-03-21 04:19:17,UPI,rooftop,meet-recording/data_sheets_historical/mangal all data sheet/PTM ROOFTOP/TMV ROOFTOP - MARCH 2026.xlsx,
2026-03-20 16:11:56,40.0,0.0,0.0,40.0,YESAP60801609470,2026-03-21 04:19:17,UPI,rooftop,meet-recording/data_sheets_historical/mangal all data sheet/PTM ROOFTOP/TMV ROOFTOP - MARCH 2026.xlsx,
2026-03-20 16:33:53,70.0,0.0,0.0,70.0,YESAP60801609470,2026-03-21 04:19:17,UPI,rooftop,meet-recording/data_sheets_historical/mangal all data sheet/PTM ROOFTOP/TMV ROOFTOP - MARCH 2026.xlsx,
2026-03-20 16:39:52,419.0,0.0,0.0,419.0,YESAP60801609470,2026-03-21 04:19:17,UPI,rooftop,meet-recording/data_sheets_historical/mangal all data sheet/PTM ROOFTOP/TMV ROOFTOP - MARCH 2026.xlsx,
2026-03-20 16:40:48,120.0,2.76,0.5,116.74,YESAP60801609470,2026-03-21 04:19:17,UPI_CREDIT_CARD,rooftop,meet-recording/data_sheets_historical/mangal all data sheet/PTM ROOFTOP/TMV ROOFTOP - MARCH 2026.xlsx,
2026-03-20 16:49:25,120.0,0.0,0.0,120.0,YESAP60801609470,2026-03-21 04:19:17,UPI,rooftop,meet-recording/data_sheets_historical/mangal all data sheet/PTM ROOFTOP/TMV ROOFTOP - MARCH 2026.xlsx,
2026-03-20 17:09:25,220.0,0.0,0.0,220.0,YESAP60801609470,2026-03-21 04:19:17,UPI,rooftop,meet-recording/data_sheets_historical/mangal all data sheet/PTM ROOFTOP/TMV ROOFTOP - MARCH 2026.xlsx,
2026-03-20 17:31:52,190.0,4.37,0.79,184.84,YESAP60801609470,2026-03-21 04:19:17,UPI_CREDIT_CARD,rooftop,meet-recording/data_sheets_historical/mangal all data sheet/PTM ROOFTOP/TMV ROOFTOP - MARCH 2026.xlsx,
2026-03-20 19:01:37,40.0,0.0,0.0,40.0,YESAP60801609470,2026-03-21 04:19:17,UPI,rooftop,meet-recording/data_sheets_historical/mangal all data sheet/PTM ROOFTOP/TMV ROOFTOP - MARCH 2026.xlsx,
2026-03-20 19:50:48,718.0,0.0,0.0,718.0,YESAP60801609470,2026-03-21 04:19:17,UPI,rooftop,meet-recording/data_sheets_historical/mangal all data sheet/PTM ROOFTOP/TMV ROOFTOP - MARCH 2026.xlsx,
2026-03-20 20:19:11,269.0,0.0,0.0,269.0,YESAP60801609470,2026-03-21 04:19:17,UPI,rooftop,meet-recording/data_sheets_historical/mangal all data sheet/PTM ROOFTOP/TMV ROOFTOP - MARCH 2026.xlsx,
2026-03-20 20:21:23,3656.0,0.0,0.0,3656.0,YESAP60801609470,2026-03-21 04:19:17,UPI,rooftop,meet-recording/data_sheets_historical/mangal all data sheet/PTM ROOFTOP/TMV ROOFTOP - MARCH 2026.xlsx,
2026-03-20 20:44:40,319.0,7.34,1.32,310.34,YESAP60801609470,2026-03-21 04:19:17,UPI_CREDIT_CARD,rooftop,meet-recording/data_sheets_historical/mangal all data sheet/PTM ROOFTOP/TMV ROOFTOP - MARCH 2026.xlsx,
2026-03-20 20:50:22,299.0,0.0,0.0,299.0,YESAP60801609470,2026-03-21 04:19:17,UPI,rooftop,meet-recording/data_sheets_historical/mangal all data sheet/PTM ROOFTOP/TMV ROOFTOP - MARCH 2026.xlsx,
2026-03-20 20:56:33,657.0,0.0,0.0,657.0,YESAP60801609470,2026-03-21 04:19:17,UPI,rooftop,meet-recording/data_sheets_historical/mangal all data sheet/PTM ROOFTOP/TMV ROOFTOP - MARCH 2026.xlsx,
2026-03-20 21:17:45,967.0,0.0,0.0,967.0,YESAP60801609470,2026-03-21 04:19:17,UPI,rooftop,meet-recording/data_sheets_historical/mangal all data sheet/PTM ROOFTOP/TMV ROOFTOP - MARCH 2026.xlsx,
2026-03-20 21:18:47,389.0,5.84,0.0,383.16,YESAP60801609470,2026-03-21 04:19:17,CREDIT_CARD,rooftop,meet-recording/data_sheets_historical/mangal all data sheet/PTM ROOFTOP/TMV ROOFTOP - MARCH 2026.xlsx,
2026-03-20 21:43:26,199.0,0.0,0.0,199.0,YESAP60801609470,2026-03-21 04:19:17,UPI_LITE,rooftop,meet-recording/data_sheets_historical/mangal all data sheet/PTM ROOFTOP/TMV ROOFTOP - MARCH 2026.xlsx,
2026-03-20 21:49:35,269.0,0.0,0.0,269.0,YESAP60801609470,2026-03-21 04:19:17,UPI_LITE,rooftop,meet-recording/data_sheets_historical/mangal all data sheet/PTM ROOFTOP/TMV ROOFTOP - MARCH 2026.xlsx,
2026-03-20 21:51:24,638.0,0.0,0.0,638.0,YESAP60801609470,2026-03-21 04:19:17,UPI,rooftop,meet-recording/data_sheets_historical/mangal all data sheet/PTM ROOFTOP/TMV ROOFTOP - MARCH 2026.xlsx,
2026-03-20 21:56:42,1895.0,0.0,0.0,1895.0,YESAP60801609470,2026-03-21 04:19:17,UPI,rooftop,meet-recording/data_sheets_historical/mangal all data sheet/PTM ROOFTOP/TMV ROOFTOP - MARCH 2026.xlsx,
2026-03-20 22:05:29,1120.0,0.0,0.0,1120.0,YESAP60801609470,2026-03-21 04:19:17,UPI,rooftop,meet-recording/data_sheets_historical/mangal all data sheet/PTM ROOFTOP/TMV ROOFTOP - MARCH 2026.xlsx,
2026-03-20 22:05:55,349.0,8.03,1.45,339.52,YESAP60801609470,2026-03-21 04:19:17,UPI_CREDIT_CARD,rooftop,meet-recording/data_sheets_historical/mangal all data sheet/PTM ROOFTOP/TMV ROOFTOP - MARCH 2026.xlsx,
2026-03-20 22:12:51,1237.0,28.45,5.12,1203.43,YESAP60801609470,2026-03-21 04:19:17,UPI_CREDIT_CARD,rooftop,meet-recording/data_sheets_historical/mangal all data sheet/PTM ROOFTOP/TMV ROOFTOP - MARCH 2026.xlsx,
2026-03-20 22:13:30,1366.0,20.49,0.0,1345.51,YESAP60801609470,2026-03-21 04:19:17,CREDIT_CARD,rooftop,meet-recording/data_sheets_historical/mangal all data sheet/PTM ROOFTOP/TMV ROOFTOP - MARCH 2026.xlsx,
2026-03-20 22:55:22,1685.0,0.0,0.0,1685.0,YESAP60801609470,2026-03-21 04:19:17,UPI,rooftop,meet-recording/data_sheets_historical/mangal all data sheet/PTM ROOFTOP/TMV ROOFTOP - MARCH 2026.xlsx,
2026-03-20 22:58:55,149.0,0.0,0.0,149.0,YESAP60801609470,2026-03-21 04:19:17,UPI,rooftop,meet-recording/data_sheets_historical/mangal all data sheet/PTM ROOFTOP/TMV ROOFTOP - MARCH 2026.xlsx,
,,,,,,,,rooftop,meet-recording/data_sheets_historical/mangal all data sheet/PTM ROOFTOP/TMV ROOFTOP - MARCH 2026.xlsx,
2026-03-21 00:41:16,40.0,0.0,0.0,40.0,YESAP60811735293,2026-03-22 04:23:17,UPI,rooftop,meet-recording/data_sheets_historical/mangal all data sheet/PTM ROOFTOP/TMV ROOFTOP - MARCH 2026.xlsx,
2026-03-21 07:27:03,20.0,0.0,0.0,20.0,YESAP60811735293,2026-03-22 04:23:17,UPI,rooftop,meet-recording/data_sheets_historical/mangal all data sheet/PTM ROOFTOP/TMV ROOFTOP - MARCH 2026.xlsx,
2026-03-21 10:47:21,40.0,0.92,0.17,38.91,YESAP60811735293,2026-03-22 04:23:17,UPI_CREDIT_CARD,rooftop,meet-recording/data_sheets_historical/mangal all data sheet/PTM ROOFTOP/TMV ROOFTOP - MARCH 2026.xlsx,
2026-03-21 12:02:38,120.0,0.0,0.0,120.0,YESAP60811735293,2026-03-22 04:23:17,UPI,rooftop,meet-recording/data_sheets_historical/mangal all data sheet/PTM ROOFTOP/TMV ROOFTOP - MARCH 2026.xlsx,
2026-03-21 12:26:03,60.0,0.0,0.0,60.0,YESAP60811735293,2026-03-22 04:23:17,UPI,rooftop,meet-recording/data_sheets_historical/mangal all data sheet/PTM ROOFTOP/TMV ROOFTOP - MARCH 2026.xlsx,
2026-03-21 13:12:26,3046.0,106.61,19.19,2920.2,YESAP60811735293,2026-03-22 04:23:17,CREDIT_CARD,rooftop,meet-recording/data_sheets_historical/mangal all data sheet/PTM ROOFTOP/TMV ROOFTOP - MARCH 2026.xlsx,
2026-03-21 13:56:32,120.0,0.0,0.0,120.0,YESAP60811735293,2026-03-22 04:23:17,UPI,rooftop,meet-recording/data_sheets_historical/mangal all data sheet/PTM ROOFTOP/TMV ROOFTOP - MARCH 2026.xlsx,
2026-03-21 15:08:04,628.0,0.0,0.0,628.0,YESAP60811735293,2026-03-22 04:23:17,UPI,rooftop,meet-recording/data_sheets_historical/mangal all data sheet/PTM ROOFTOP/TMV ROOFTOP - MARCH 2026.xlsx,
2026-03-21 16:44:29,488.0,0.0,0.0,488.0,YESAP60811735293,2026-03-22 04:23:17,UPI,rooftop,meet-recording/data_sheets_historical/mangal all data sheet/PTM ROOFTOP/TMV ROOFTOP - MARCH 2026.xlsx,
2026-03-21 16:51:30,20.0,0.0,0.0,20.0,YESAP60811735293,2026-03-22 04:23:17,UPI,rooftop,meet-recording/data_sheets_historical/mangal all data sheet/PTM ROOFTOP/TMV ROOFTOP - MARCH 2026.xlsx,
2026-03-21 17:16:59,539.0,0.0,0.0,539.0,YESAP60811735293,2026-03-22 04:23:17,UPI,rooftop,meet-recording/data_sheets_historical/mangal all data sheet/PTM ROOFTOP/TMV ROOFTOP - MARCH 2026.xlsx,
2026-03-21 17:48:36,2446.0,36.69,6.6,2402.71,YESAP60811735293,2026-03-22 04:23:17,CREDIT_CARD,rooftop,meet-recording/data_sheets_historical/mangal all data sheet/PTM ROOFTOP/TMV ROOFTOP - MARCH 2026.xlsx,
2026-03-21 19:48:41,887.0,0.0,0.0,887.0,YESAP60811735293,2026-03-22 04:23:17,UPI,rooftop,meet-recording/data_sheets_historical/mangal all data sheet/PTM ROOFTOP/TMV ROOFTOP - MARCH 2026.xlsx,
2026-03-21 20:08:05,568.0,0.0,0.0,568.0,YESAP60811735293,2026-03-22 04:23:17,UPI,rooftop,meet-recording/data_sheets_historical/mangal all data sheet/PTM ROOFTOP/TMV ROOFTOP - MARCH 2026.xlsx,
2026-03-21 20:35:18,588.0,0.0,0.0,588.0,YESAP60811735293,2026-03-22 04:23:17,UPI,rooftop,meet-recording/data_sheets_historical/mangal all data sheet/PTM ROOFTOP/TMV ROOFTOP - MARCH 2026.xlsx,
2026-03-21 20:41:00,757.0,0.0,0.0,757.0,YESAP60811735293,2026-03-22 04:23:17,UPI,rooftop,meet-recording/data_sheets_historical/mangal all data sheet/PTM ROOFTOP/TMV ROOFTOP - MARCH 2026.xlsx,
2026-03-21 21:12:59,977.0,0.0,0.0,977.0,YESAP60811735293,2026-03-22 04:23:17,UPI,rooftop,meet-recording/data_sheets_historical/mangal all data sheet/PTM ROOFTOP/TMV ROOFTOP - MARCH 2026.xlsx,
2026-03-21 21:24:20,778.0,17.89,3.22,756.89,YESAP60811735293,2026-03-22 04:23:17,UPI_CREDIT_CARD,rooftop,meet-recording/data_sheets_historical/mangal all data sheet/PTM ROOFTOP/TMV ROOFTOP - MARCH 2026.xlsx,
2026-03-21 21:36:53,2138.0,0.0,0.0,2138.0,YESAP60811735293,2026-03-22 04:23:17,UPI,rooftop,meet-recording/data_sheets_historical/mangal all data sheet/PTM ROOFTOP/TMV ROOFTOP - MARCH 2026.xlsx,
2026-03-21 21:37:16,967.0,0.0,0.0,967.0,YESAP60811735293,2026-03-22 04:23:17,UPI,rooftop,meet-recording/data_sheets_historical/mangal all data sheet/PTM ROOFTOP/TMV ROOFTOP - MARCH 2026.xlsx,
2026-03-21 21:43:31,1540.0,0.0,0.0,1540.0,YESAP60811735293,2026-03-22 04:23:17,UPI,rooftop,meet-recording/data_sheets_historical/mangal all data sheet/PTM ROOFTOP/TMV ROOFTOP - MARCH 2026.xlsx,
2026-03-21 21:47:56,629.0,0.0,0.0,629.0,YESAP60811735293,2026-03-22 04:23:17,UPI,rooftop,meet-recording/data_sheets_historical/mangal all data sheet/PTM ROOFTOP/TMV ROOFTOP - MARCH 2026.xlsx,
2026-03-21 21:48:03,1207.0,27.76,5.0,1174.24,YESAP60811735293,2026-03-22 04:23:17,UPI_CREDIT_CARD,rooftop,meet-recording/data_sheets_historical/mangal all data sheet/PTM ROOFTOP/TMV ROOFTOP - MARCH 2026.xlsx,
2026-03-21 22:03:52,1605.0,0.0,0.0,1605.0,YESAP60811735293,2026-03-22 04:23:17,UPI,rooftop,meet-recording/data_sheets_historical/mangal all data sheet/PTM ROOFTOP/TMV ROOFTOP - MARCH 2026.xlsx,
2026-03-21 22:14:44,60.0,0.0,0.0,60.0,YESAP60811735293,2026-03-22 04:23:17,UPI,rooftop,meet-recording/data_sheets_historical/mangal all data sheet/PTM ROOFTOP/TMV ROOFTOP - MARCH 2026.xlsx,
2026-03-21 22:28:26,1445.0,0.0,0.0,1445.0,YESAP60811735293,2026-03-22 04:23:17,UPI,rooftop,meet-recording/data_sheets_historical/mangal all data sheet/PTM ROOFTOP/TMV ROOFTOP - MARCH 2026.xlsx,
2026-03-21 22:31:16,1376.0,20.64,0.0,1355.36,YESAP60811735293,2026-03-22 04:23:17,CREDIT_CARD,rooftop,meet-recording/data_sheets_historical/mangal all data sheet/PTM ROOFTOP/TMV ROOFTOP - MARCH 2026.xlsx,
2026-03-21 22:36:25,608.0,0.0,0.0,608.0,YESAP60811735293,2026-03-22 04:23:17,UPI,rooftop,meet-recording/data_sheets_historical/mangal all data sheet/PTM ROOFTOP/TMV ROOFTOP - MARCH 2026.xlsx,
2026-03-21 23:09:35,2132.0,49.04,8.83,2074.13,YESAP60811735293,2026-03-22 04:23:17,UPI_CREDITLINE,rooftop,meet-recording/data_sheets_historical/mangal all data sheet/PTM ROOFTOP/TMV ROOFTOP - MARCH 2026.xlsx,
2026-03-21 23:11:27,1037.0,0.0,0.0,1037.0,YESAP60811735293,2026-03-22 04:23:17,UPI,rooftop,meet-recording/data_sheets_historical/mangal all data sheet/PTM ROOFTOP/TMV ROOFTOP - MARCH 2026.xlsx,
2026-03-21 23:18:24,2053.0,30.8,5.54,2016.66,YESAP60811735293,2026-03-22 04:23:17,CREDIT_CARD,rooftop,meet-recording/data_sheets_historical/mangal all data sheet/PTM ROOFTOP/TMV ROOFTOP - MARCH 2026.xlsx,
2026-03-21 23:24:21,80.0,0.0,0.0,80.0,YESAP60811735293,2026-03-22 04:23:17,UPI,rooftop,meet-recording/data_sheets_historical/mangal all data sheet/PTM ROOFTOP/TMV ROOFTOP - MARCH 2026.xlsx,
2026-03-21 23:34:34,40.0,0.0,0.0,40.0,YESAP60811735293,2026-03-22 04:23:17,UPI,rooftop,meet-recording/data_sheets_historical/mangal all data sheet/PTM ROOFTOP/TMV ROOFTOP - MARCH 2026.xlsx,
,,,,,,,,rooftop,meet-recording/data_sheets_historical/mangal all data sheet/PTM ROOFTOP/TMV ROOFTOP - MARCH 2026.xlsx,
2026-03-22 07:39:48,80.0,1.84,0.33,77.83,YESAP60821629909,2026-03-23 03:53:52,UPI_CREDIT_CARD,rooftop,meet-recording/data_sheets_historical/mangal all data sheet/PTM ROOFTOP/TMV ROOFTOP - MARCH 2026.xlsx,
2026-03-22 07:49:41,190.0,4.37,0.79,184.84,YESAP60821629909,2026-03-23 03:53:52,UPI_CREDIT_CARD,rooftop,meet-recording/data_sheets_historical/mangal all data sheet/PTM ROOFTOP/TMV ROOFTOP - MARCH 2026.xlsx,
2026-03-22 08:39:21,400.0,0.0,0.0,400.0,YESAP60821629909,2026-03-23 03:53:52,UPI,rooftop,meet-recording/data_sheets_historical/mangal all data sheet/PTM ROOFTOP/TMV ROOFTOP - MARCH 2026.xlsx,
2026-03-22 09:24:07,240.0,0.0,0.0,240.0,YESAP60821629909,2026-03-23 03:53:52,UPI,rooftop,meet-recording/data_sheets_historical/mangal all data sheet/PTM ROOFTOP/TMV ROOFTOP - MARCH 2026.xlsx,
2026-03-22 09:53:13,1875.0,0.0,0.0,1875.0,YESAP60821629909,2026-03-23 03:53:52,UPI,rooftop,meet-recording/data_sheets_historical/mangal all data sheet/PTM ROOFTOP/TMV ROOFTOP - MARCH 2026.xlsx,
2026-03-22 12:20:24,60.0,0.0,0.0,60.0,YESAP60821629909,2026-03-23 03:53:52,UPI,rooftop,meet-recording/data_sheets_historical/mangal all data sheet/PTM ROOFTOP/TMV ROOFTOP - MARCH 2026.xlsx,
2026-03-22 12:59:14,249.0,5.73,1.03,242.24,YESAP60821629909,2026-03-23 03:53:52,UPI_CREDIT_CARD,rooftop,meet-recording/data_sheets_historical/mangal all data sheet/PTM ROOFTOP/TMV ROOFTOP - MARCH 2026.xlsx,
2026-03-22 13:34:11,419.0,0.0,0.0,419.0,YESAP60821629909,2026-03-23 03:53:52,UPI,rooftop,meet-recording/data_sheets_historical/mangal all data sheet/PTM ROOFTOP/TMV ROOFTOP - MARCH 2026.xlsx,
2026-03-22 13:42:08,469.0,10.79,1.94,456.27,YESAP60821629909,2026-03-23 03:53:52,UPI_CREDIT_CARD,rooftop,meet-recording/data_sheets_historical/mangal all data sheet/PTM ROOFTOP/TMV ROOFTOP - MARCH 2026.xlsx,
2026-03-22 14:09:19,30.0,0.69,0.12,29.19,YESAP60821629909,2026-03-23 03:53:52,UPI_CREDIT_CARD,rooftop,meet-recording/data_sheets_historical/mangal all data sheet/PTM ROOFTOP/TMV ROOFTOP - MARCH 2026.xlsx,
2026-03-22 14:20:39,1028.0,23.64,4.26,1000.1,YESAP60821629909,2026-03-23 03:53:52,UPI_CREDIT_CARD,rooftop,meet-recording/data_sheets_historical/mangal all data sheet/PTM ROOFTOP/TMV ROOFTOP - MARCH 2026.xlsx,
2026-03-22 14:27:50,1616.0,0.0,0.0,1616.0,YESAP60821629909,2026-03-23 03:53:52,UPI,rooftop,meet-recording/data_sheets_historical/mangal all data sheet/PTM ROOFTOP/TMV ROOFTOP - MARCH 2026.xlsx,
2026-03-22 15:31:37,997.0,22.93,4.13,969.94,YESAP60821629909,2026-03-23 03:53:52,UPI_CREDIT_CARD,rooftop,meet-recording/data_sheets_historical/mangal all data sheet/PTM ROOFTOP/TMV ROOFTOP - MARCH 2026.xlsx,
2026-03-22 16:10:59,209.0,0.0,0.0,209.0,YESAP60821629909,2026-03-23 03:53:52,UPI,rooftop,meet-recording/data_sheets_historical/mangal all data sheet/PTM ROOFTOP/TMV ROOFTOP - MARCH 2026.xlsx,
2026-03-22 20:06:43,259.0,5.96,1.07,251.97,YESAP60821629909,2026-03-23 03:53:52,UPI_CREDIT_CARD,rooftop,meet-recording/data_sheets_historical/mangal all data sheet/PTM ROOFTOP/TMV ROOFTOP - MARCH 2026.xlsx,
2026-03-22 20:51:32,2543.0,89.01,16.02,2437.97,YESAP60821629909,2026-03-23 03:53:52,DEBIT_CARD,rooftop,meet-recording/data_sheets_historical/mangal all data sheet/PTM ROOFTOP/TMV ROOFTOP - MARCH 2026.xlsx,
2026-03-22 20:53:55,60.0,0.0,0.0,60.0,YESAP60821629909,2026-03-23 03:53:52,UPI,rooftop,meet-recording/data_sheets_historical/mangal all data sheet/PTM ROOFTOP/TMV ROOFTOP - MARCH 2026.xlsx,
2026-03-22 21:00:30,399.0,0.0,0.0,399.0,YESAP60821629909,2026-03-23 03:53:52,UPI_LITE,rooftop,meet-recording/data_sheets_historical/mangal all data sheet/PTM ROOFTOP/TMV ROOFTOP - MARCH 2026.xlsx,
2026-03-22 21:05:31,20.0,0.46,0.08,19.46,YESAP60821629909,2026-03-23 03:53:52,UPI_CREDIT_CARD,rooftop,meet-recording/data_sheets_historical/mangal all data sheet/PTM ROOFTOP/TMV ROOFTOP - MARCH 2026.xlsx,
2026-03-22 21:27:23,1028.0,23.64,4.26,1000.1,YESAP60821629909,2026-03-23 03:53:52,UPI_CREDIT_CARD,rooftop,meet-recording/data_sheets_historical/mangal all data sheet/PTM ROOFTOP/TMV ROOFTOP - MARCH 2026.xlsx,
2026-03-22 21:33:57,574.0,0.0,0.0,574.0,YESAP60821629909,2026-03-23 03:53:52,UPI,rooftop,meet-recording/data_sheets_historical/mangal all data sheet/PTM ROOFTOP/TMV ROOFTOP - MARCH 2026.xlsx,
2026-03-22 21:44:38,349.0,0.0,0.0,349.0,YESAP60821629909,2026-03-23 03:53:52,UPI,rooftop,meet-recording/data_sheets_historical/mangal all data sheet/PTM ROOFTOP/TMV ROOFTOP - MARCH 2026.xlsx,
2026-03-22 21:53:06,1143.0,26.29,4.73,1111.98,YESAP60821629909,2026-03-23 03:53:52,UPI_CREDIT_CARD,rooftop,meet-recording/data_sheets_historical/mangal all data sheet/PTM ROOFTOP/TMV ROOFTOP - MARCH 2026.xlsx,
2026-03-22 21:53:08,349.0,0.0,0.0,349.0,YESAP60821629909,2026-03-23 03:53:52,UPI,rooftop,meet-recording/data_sheets_historical/mangal all data sheet/PTM ROOFTOP/TMV ROOFTOP - MARCH 2026.xlsx,
2026-03-22 22:08:06,1036.0,0.0,0.0,1036.0,YESAP60821629909,2026-03-23 03:53:52,UPI,rooftop,meet-recording/data_sheets_historical/mangal all data sheet/PTM ROOFTOP/TMV ROOFTOP - MARCH 2026.xlsx,
2026-03-22 22:17:47,987.0,0.0,0.0,987.0,YESAP60821629909,2026-03-23 03:53:52,UPI_LITE,rooftop,meet-recording/data_sheets_historical/mangal all data sheet/PTM ROOFTOP/TMV ROOFTOP - MARCH 2026.xlsx,
2026-03-22 22:21:14,2450.0,56.35,10.14,2383.51,YESAP60821629909,2026-03-23 03:53:52,UPI_CREDIT_CARD,rooftop,meet-recording/data_sheets_historical/mangal all data sheet/PTM ROOFTOP/TMV ROOFTOP - MARCH 2026.xlsx,
2026-03-22 22:24:08,798.0,0.0,0.0,798.0,YESAP60821629909,2026-03-23 03:53:52,UPI,rooftop,meet-recording/data_sheets_historical/mangal all data sheet/PTM ROOFTOP/TMV ROOFTOP - MARCH 2026.xlsx,
2026-03-22 22:24:14,60.0,0.0,0.0,60.0,YESAP60821629909,2026-03-23 03:53:52,UPI,rooftop,meet-recording/data_sheets_historical/mangal all data sheet/PTM ROOFTOP/TMV ROOFTOP - MARCH 2026.xlsx,
2026-03-22 22:25:40,359.0,0.0,0.0,359.0,YESAP60821629909,2026-03-23 03:53:52,UPI,rooftop,meet-recording/data_sheets_historical/mangal all data sheet/PTM ROOFTOP/TMV ROOFTOP - MARCH 2026.xlsx,
2026-03-22 22:38:26,897.0,13.46,0.0,883.54,YESAP60821629909,2026-03-23 03:53:52,CREDIT_CARD,rooftop,meet-recording/data_sheets_historical/mangal all data sheet/PTM ROOFTOP/TMV ROOFTOP - MARCH 2026.xlsx,
2026-03-22 22:38:47,40.0,0.0,0.0,40.0,YESAP60821629909,2026-03-23 03:53:52,UPI,rooftop,meet-recording/data_sheets_historical/mangal all data sheet/PTM ROOFTOP/TMV ROOFTOP - MARCH 2026.xlsx,
2026-03-22 22:59:14,997.0,0.0,0.0,997.0,YESAP60821629909,2026-03-23 03:53:52,UPI,rooftop,meet-recording/data_sheets_historical/mangal all data sheet/PTM ROOFTOP/TMV ROOFTOP - MARCH 2026.xlsx,
2026-03-22 23:07:05,2035.0,0.0,0.0,2035.0,YESAP60821629909,2026-03-23 03:53:52,UPI,rooftop,meet-recording/data_sheets_historical/mangal all data sheet/PTM ROOFTOP/TMV ROOFTOP - MARCH 2026.xlsx,
2026-03-22 23:14:08,40.0,0.92,0.17,38.91,YESAP60821629909,2026-03-23 03:53:52,UPI_CREDIT_CARD,rooftop,meet-recording/data_sheets_historical/mangal all data sheet/PTM ROOFTOP/TMV ROOFTOP - MARCH 2026.xlsx,
,,,,,,,,rooftop,meet-recording/data_sheets_historical/mangal all data sheet/PTM ROOFTOP/TMV ROOFTOP - MARCH 2026.xlsx,
2026-03-23 00:16:35,40.0,0.0,0.0,40.0,YESAP60831630950,2026-03-24 03:32:46,UPI_LITE,rooftop,meet-recording/data_sheets_historical/mangal all data sheet/PTM ROOFTOP/TMV ROOFTOP - MARCH 2026.xlsx,
2026-03-23 06:53:24,60.0,1.38,0.25,58.37,YESAP60831630950,2026-03-24 03:32:46,UPI_CREDIT_CARD,rooftop,meet-recording/data_sheets_historical/mangal all data sheet/PTM ROOFTOP/TMV ROOFTOP - MARCH 2026.xlsx,
2026-03-23 08:17:07,99.0,2.28,0.41,96.31,YESAP60831630950,2026-03-24 03:32:46,UPI_CREDIT_CARD,rooftop,meet-recording/data_sheets_historical/mangal all data sheet/PTM ROOFTOP/TMV ROOFTOP - MARCH 2026.xlsx,
2026-03-23 09:40:40,120.0,0.0,0.0,120.0,YESAP60831630950,2026-03-24 03:32:46,UPI,rooftop,meet-recording/data_sheets_historical/mangal all data sheet/PTM ROOFTOP/TMV ROOFTOP - MARCH 2026.xlsx,
2026-03-23 14:06:09,180.0,0.0,0.0,180.0,YESAP60831630950,2026-03-24 03:32:46,UPI,rooftop,meet-recording/data_sheets_historical/mangal all data sheet/PTM ROOFTOP/TMV ROOFTOP - MARCH 2026.xlsx,
2026-03-23 14:18:43,668.0,0.0,0.0,668.0,YESAP60831630950,2026-03-24 03:32:46,DEBIT_CARD,rooftop,meet-recording/data_sheets_historical/mangal all data sheet/PTM ROOFTOP/TMV ROOFTOP - MARCH 2026.xlsx,
2026-03-23 20:20:15,977.0,14.66,0.0,962.34,YESAP60831630950,2026-03-24 03:32:46,CREDIT_CARD,rooftop,meet-recording/data_sheets_historical/mangal all data sheet/PTM ROOFTOP/TMV ROOFTOP - MARCH 2026.xlsx,
2026-03-23 20:52:32,813.0,0.0,0.0,813.0,YESAP60831630950,2026-03-24 03:32:46,UPI,rooftop,meet-recording/data_sheets_historical/mangal all data sheet/PTM ROOFTOP/TMV ROOFTOP - MARCH 2026.xlsx,
2026-03-23 21:08:06,957.0,0.0,0.0,957.0,YESAP60831630950,2026-03-24 03:32:46,UPI,rooftop,meet-recording/data_sheets_historical/mangal all data sheet/PTM ROOFTOP/TMV ROOFTOP - MARCH 2026.xlsx,
2026-03-23 21:21:13,133.0,0.0,0.0,133.0,YESAP60831630950,2026-03-24 03:32:46,UPI,rooftop,meet-recording/data_sheets_historical/mangal all data sheet/PTM ROOFTOP/TMV ROOFTOP - MARCH 2026.xlsx,
2026-03-23 21:42:08,209.0,0.0,0.0,209.0,YESAP60831630950,2026-03-24 03:32:46,UPI,rooftop,meet-recording/data_sheets_historical/mangal all data sheet/PTM ROOFTOP/TMV ROOFTOP - MARCH 2026.xlsx,
2026-03-23 21:43:47,2012.0,30.18,5.43,1976.39,YESAP60831630950,2026-03-24 03:32:46,CREDIT_CARD,rooftop,meet-recording/data_sheets_historical/mangal all data sheet/PTM ROOFTOP/TMV ROOFTOP - MARCH 2026.xlsx,
2026-03-23 22:23:00,149.0,0.0,0.0,149.0,YESAP60831630950,2026-03-24 03:32:46,UPI,rooftop,meet-recording/data_sheets_historical/mangal all data sheet/PTM ROOFTOP/TMV ROOFTOP - MARCH 2026.xlsx,
,,,,,,,,rooftop,meet-recording/data_sheets_historical/mangal all data sheet/PTM ROOFTOP/TMV ROOFTOP - MARCH 2026.xlsx,
2026-03-24 00:40:14,80.0,0.0,0.0,80.0,YESAP60841706113,2026-03-25 04:23:43,UPI,rooftop,meet-recording/data_sheets_historical/mangal all data sheet/PTM ROOFTOP/TMV ROOFTOP - MARCH 2026.xlsx,
2026-03-24 01:05:32,60.0,1.38,0.25,58.37,YESAP60841706113,2026-03-25 04:23:43,UPI_CREDIT_CARD,rooftop,meet-recording/data_sheets_historical/mangal all data sheet/PTM ROOFTOP/TMV ROOFTOP - MARCH 2026.xlsx,
2026-03-24 08:13:10,99.0,2.28,0.41,96.31,YESAP60841706113,2026-03-25 04:23:43,UPI_CREDIT_CARD,rooftop,meet-recording/data_sheets_historical/mangal all data sheet/PTM ROOFTOP/TMV ROOFTOP - MARCH 2026.xlsx,
2026-03-24 10:26:31,80.0,0.0,0.0,80.0,YESAP60841706113,2026-03-25 04:23:43,UPI,rooftop,meet-recording/data_sheets_historical/mangal all data sheet/PTM ROOFTOP/TMV ROOFTOP - MARCH 2026.xlsx,
2026-03-24 12:08:42,398.0,0.0,0.0,398.0,YESAP60841706113,2026-03-25 04:23:43,UPI,rooftop,meet-recording/data_sheets_historical/mangal all data sheet/PTM ROOFTOP/TMV ROOFTOP - MARCH 2026.xlsx,
2026-03-24 12:33:16,240.0,0.0,0.0,240.0,YESAP60841706113,2026-03-25 04:23:43,UPI,rooftop,meet-recording/data_sheets_historical/mangal all data sheet/PTM ROOFTOP/TMV ROOFTOP - MARCH 2026.xlsx,
2026-03-24 13:17:00,1057.0,15.86,0.0,1041.14,YESAP60841706113,2026-03-25 04:23:43,CREDIT_CARD,rooftop,meet-recording/data_sheets_historical/mangal all data sheet/PTM ROOFTOP/TMV ROOFTOP - MARCH 2026.xlsx,
2026-03-24 13:26:31,80.0,0.0,0.0,80.0,YESAP60841706113,2026-03-25 04:23:43,UPI,rooftop,meet-recording/data_sheets_historical/mangal all data sheet/PTM ROOFTOP/TMV ROOFTOP - MARCH 2026.xlsx,
2026-03-24 13:44:32,847.0,0.0,0.0,847.0,YESAP60841706113,2026-03-25 04:23:43,UPI,rooftop,meet-recording/data_sheets_historical/mangal all data sheet/PTM ROOFTOP/TMV ROOFTOP - MARCH 2026.xlsx,
2026-03-24 16:38:09,649.0,0.0,0.0,649.0,YESAP60841706113,2026-03-25 04:23:43,UPI,rooftop,meet-recording/data_sheets_historical/mangal all data sheet/PTM ROOFTOP/TMV ROOFTOP - MARCH 2026.xlsx,
2026-03-24 17:19:36,199.0,4.58,0.82,193.6,YESAP60841706113,2026-03-25 04:23:43,UPI_CREDIT_CARD,rooftop,meet-recording/data_sheets_historical/mangal all data sheet/PTM ROOFTOP/TMV ROOFTOP - MARCH 2026.xlsx,
2026-03-24 18:49:50,40.0,0.0,0.0,40.0,YESAP60841706113,2026-03-25 04:23:43,UPI,rooftop,meet-recording/data_sheets_historical/mangal all data sheet/PTM ROOFTOP/TMV ROOFTOP - MARCH 2026.xlsx,
2026-03-24 20:27:50,817.0,0.0,0.0,817.0,YESAP60841706113,2026-03-25 04:23:43,UPI,rooftop,meet-recording/data_sheets_historical/mangal all data sheet/PTM ROOFTOP/TMV ROOFTOP - MARCH 2026.xlsx,
2026-03-24 20:34:50,668.0,0.0,0.0,668.0,YESAP60841706113,2026-03-25 04:23:43,UPI,rooftop,meet-recording/data_sheets_historical/mangal all data sheet/PTM ROOFTOP/TMV ROOFTOP - MARCH 2026.xlsx,
2026-03-24 21:09:30,688.0,0.0,0.0,688.0,YESAP60841706113,2026-03-25 04:23:43,UPI,rooftop,meet-recording/data_sheets_historical/mangal all data sheet/PTM ROOFTOP/TMV ROOFTOP - MARCH 2026.xlsx,
2026-03-24 21:32:09,120.0,0.0,0.0,120.0,YESAP60841706113,2026-03-25 04:23:43,UPI,rooftop,meet-recording/data_sheets_historical/mangal all data sheet/PTM ROOFTOP/TMV ROOFTOP - MARCH 2026.xlsx,
2026-03-24 22:04:20,1315.0,19.73,0.0,1295.27,YESAP60841706113,2026-03-25 04:23:43,CREDIT_CARD,rooftop,meet-recording/data_sheets_historical/mangal all data sheet/PTM ROOFTOP/TMV ROOFTOP - MARCH 2026.xlsx,
2026-03-24 22:17:15,249.0,0.0,0.0,249.0,YESAP60841706113,2026-03-25 04:23:43,UPI,rooftop,meet-recording/data_sheets_historical/mangal all data sheet/PTM ROOFTOP/TMV ROOFTOP - MARCH 2026.xlsx,
2026-03-24 22:28:31,983.0,0.0,0.0,983.0,YESAP60841706113,2026-03-25 04:23:43,UPI,rooftop,meet-recording/data_sheets_historical/mangal all data sheet/PTM ROOFTOP/TMV ROOFTOP - MARCH 2026.xlsx,
2026-03-24 22:35:20,708.0,10.62,0.0,697.38,YESAP60841706113,2026-03-25 04:23:43,CREDIT_CARD,rooftop,meet-recording/data_sheets_historical/mangal all data sheet/PTM ROOFTOP/TMV ROOFTOP - MARCH 2026.xlsx,
2026-03-24 22:37:10,120.0,0.0,0.0,120.0,YESAP60841706113,2026-03-25 04:23:43,UPI,rooftop,meet-recording/data_sheets_historical/mangal all data sheet/PTM ROOFTOP/TMV ROOFTOP - MARCH 2026.xlsx,
2026-03-24 23:31:53,9751.0,0.0,0.0,9751.0,YESAP60841706113,2026-03-25 04:23:43,UPI,rooftop,meet-recording/data_sheets_historical/mangal all data sheet/PTM ROOFTOP/TMV ROOFTOP - MARCH 2026.xlsx,
,,,,,,,,rooftop,meet-recording/data_sheets_historical/mangal all data sheet/PTM ROOFTOP/TMV ROOFTOP - MARCH 2026.xlsx,
2026-03-25 13:00:30,249.0,0.0,0.0,249.0,YESAP60851893790,2026-03-26 04:40:22,UPI,rooftop,meet-recording/data_sheets_historical/mangal all data sheet/PTM ROOFTOP/TMV ROOFTOP - MARCH 2026.xlsx,
2026-03-25 13:26:28,190.0,0.0,0.0,190.0,YESAP60851893790,2026-03-26 04:40:22,UPI,rooftop,meet-recording/data_sheets_historical/mangal all data sheet/PTM ROOFTOP/TMV ROOFTOP - MARCH 2026.xlsx,
2026-03-25 13:31:51,478.0,0.0,0.0,478.0,YESAP60851893790,2026-03-26 04:40:22,UPI,rooftop,meet-recording/data_sheets_historical/mangal all data sheet/PTM ROOFTOP/TMV ROOFTOP - MARCH 2026.xlsx,
2026-03-25 14:08:00,588.0,0.0,0.0,588.0,YESAP60851893790,2026-03-26 04:40:22,UPI,rooftop,meet-recording/data_sheets_historical/mangal all data sheet/PTM ROOFTOP/TMV ROOFTOP - MARCH 2026.xlsx,
2026-03-25 14:27:54,2205.0,33.08,5.95,2165.97,YESAP60851893790,2026-03-26 04:40:22,CREDIT_CARD,rooftop,meet-recording/data_sheets_historical/mangal all data sheet/PTM ROOFTOP/TMV ROOFTOP - MARCH 2026.xlsx,
2026-03-25 15:18:58,319.0,0.0,0.0,319.0,YESAP60851893790,2026-03-26 04:40:22,UPI,rooftop,meet-recording/data_sheets_historical/mangal all data sheet/PTM ROOFTOP/TMV ROOFTOP - MARCH 2026.xlsx,
2026-03-25 17:16:53,907.0,0.0,0.0,907.0,YESAP60851893790,2026-03-26 04:40:22,UPI,rooftop,meet-recording/data_sheets_historical/mangal all data sheet/PTM ROOFTOP/TMV ROOFTOP - MARCH 2026.xlsx,
2026-03-25 17:22:40,1784.0,0.0,0.0,1784.0,YESAP60851893790,2026-03-26 04:40:22,UPI,rooftop,meet-recording/data_sheets_historical/mangal all data sheet/PTM ROOFTOP/TMV ROOFTOP - MARCH 2026.xlsx,
2026-03-25 19:04:27,40.0,0.0,0.0,40.0,YESAP60851893790,2026-03-26 04:40:22,UPI,rooftop,meet-recording/data_sheets_historical/mangal all data sheet/PTM ROOFTOP/TMV ROOFTOP - MARCH 2026.xlsx,
2026-03-25 19:36:00,1016.0,15.24,0.0,1000.76,YESAP60851893790,2026-03-26 04:40:22,CREDIT_CARD,rooftop,meet-recording/data_sheets_historical/mangal all data sheet/PTM ROOFTOP/TMV ROOFTOP - MARCH 2026.xlsx,
2026-03-25 19:47:17,1016.0,35.56,0.0,980.44,YESAP60851893790,2026-03-26 04:40:22,CREDIT_CARD,rooftop,meet-recording/data_sheets_historical/mangal all data sheet/PTM ROOFTOP/TMV ROOFTOP - MARCH 2026.xlsx,
2026-03-25 20:52:37,309.0,0.0,0.0,309.0,YESAP60851893790,2026-03-26 04:40:22,UPI,rooftop,meet-recording/data_sheets_historical/mangal all data sheet/PTM ROOFTOP/TMV ROOFTOP - MARCH 2026.xlsx,
2026-03-25 21:19:12,610.0,0.0,0.0,610.0,YESAP60851893790,2026-03-26 04:40:22,UPI,rooftop,meet-recording/data_sheets_historical/mangal all data sheet/PTM ROOFTOP/TMV ROOFTOP - MARCH 2026.xlsx,
2026-03-25 21:58:12,249.0,0.0,0.0,249.0,YESAP60851893790,2026-03-26 04:40:22,UPI,rooftop,meet-recording/data_sheets_historical/mangal all data sheet/PTM ROOFTOP/TMV ROOFTOP - MARCH 2026.xlsx,
2026-03-25 22:16:14,478.0,0.0,0.0,478.0,YESAP60851893790,2026-03-26 04:40:22,UPI,rooftop,meet-recording/data_sheets_historical/mangal all data sheet/PTM ROOFTOP/TMV ROOFTOP - MARCH 2026.xlsx,
2026-03-25 22:17:48,868.0,13.02,0.0,854.98,YESAP60851893790,2026-03-26 04:40:22,CREDIT_CARD,rooftop,meet-recording/data_sheets_historical/mangal all data sheet/PTM ROOFTOP/TMV ROOFTOP - MARCH 2026.xlsx,
2026-03-25 22:50:14,968.0,0.0,0.0,968.0,YESAP60851893790,2026-03-26 04:40:22,UPI,rooftop,meet-recording/data_sheets_historical/mangal all data sheet/PTM ROOFTOP/TMV ROOFTOP - MARCH 2026.xlsx,
2026-03-25 22:53:20,1057.0,4.23,0.0,1052.77,YESAP60851893790,2026-03-26 04:40:22,DEBIT_CARD,rooftop,meet-recording/data_sheets_historical/mangal all data sheet/PTM ROOFTOP/TMV ROOFTOP - MARCH 2026.xlsx,
2026-03-25 22:56:57,349.0,0.0,0.0,349.0,YESAP60851893790,2026-03-26 04:40:22,UPI,rooftop,meet-recording/data_sheets_historical/mangal all data sheet/PTM ROOFTOP/TMV ROOFTOP - MARCH 2026.xlsx,
2026-03-25 22:59:25,728.0,0.0,0.0,728.0,YESAP60851893790,2026-03-26 04:40:22,DEBIT_CARD,rooftop,meet-recording/data_sheets_historical/mangal all data sheet/PTM ROOFTOP/TMV ROOFTOP - MARCH 2026.xlsx,
,,,,,,,,rooftop,meet-recording/data_sheets_historical/mangal all data sheet/PTM ROOFTOP/TMV ROOFTOP - MARCH 2026.xlsx,
2026-03-26 10:17:16,200.0,0.0,0.0,200.0,YESAP60862596819,2026-03-27 06:29:51,UPI,rooftop,meet-recording/data_sheets_historical/mangal all data sheet/PTM ROOFTOP/TMV ROOFTOP - MARCH 2026.xlsx,
2026-03-26 10:19:37,600.0,0.0,0.0,600.0,YESAP60862596819,2026-03-27 06:29:51,UPI,rooftop,meet-recording/data_sheets_historical/mangal all data sheet/PTM ROOFTOP/TMV ROOFTOP - MARCH 2026.xlsx,
2026-03-26 13:21:59,560.0,0.0,0.0,560.0,YESAP60862596819,2026-03-27 06:29:51,UPI_PPIWALLET,rooftop,meet-recording/data_sheets_historical/mangal all data sheet/PTM ROOFTOP/TMV ROOFTOP - MARCH 2026.xlsx,
2026-03-26 13:24:38,20.0,0.0,0.0,20.0,YESAP60862596819,2026-03-27 06:29:51,UPI,rooftop,meet-recording/data_sheets_historical/mangal all data sheet/PTM ROOFTOP/TMV ROOFTOP - MARCH 2026.xlsx,
2026-03-26 14:13:55,768.0,0.0,0.0,768.0,YESAP60862596819,2026-03-27 06:29:51,UPI,rooftop,meet-recording/data_sheets_historical/mangal all data sheet/PTM ROOFTOP/TMV ROOFTOP - MARCH 2026.xlsx,
2026-03-26 15:44:43,299.0,0.0,0.0,299.0,YESAP60862596819,2026-03-27 06:29:51,UPI,rooftop,meet-recording/data_sheets_historical/mangal all data sheet/PTM ROOFTOP/TMV ROOFTOP - MARCH 2026.xlsx,
2026-03-26 15:46:59,688.0,0.0,0.0,688.0,YESAP60862596819,2026-03-27 06:29:51,UPI,rooftop,meet-recording/data_sheets_historical/mangal all data sheet/PTM ROOFTOP/TMV ROOFTOP - MARCH 2026.xlsx,
2026-03-26 15:52:03,977.0,0.0,0.0,977.0,YESAP60862596819,2026-03-27 06:29:51,UPI,rooftop,meet-recording/data_sheets_historical/mangal all data sheet/PTM ROOFTOP/TMV ROOFTOP - MARCH 2026.xlsx,
2026-03-26 16:30:09,589.0,0.0,0.0,589.0,YESAP60862596819,2026-03-27 06:29:51,UPI,rooftop,meet-recording/data_sheets_historical/mangal all data sheet/PTM ROOFTOP/TMV ROOFTOP - MARCH 2026.xlsx,
2026-03-26 16:59:45,120.0,0.0,0.0,120.0,YESAP60862596819,2026-03-27 06:29:51,UPI,rooftop,meet-recording/data_sheets_historical/mangal all data sheet/PTM ROOFTOP/TMV ROOFTOP - MARCH 2026.xlsx,
2026-03-26 17:59:17,120.0,0.0,0.0,120.0,YESAP60862596819,2026-03-27 06:29:51,UPI,rooftop,meet-recording/data_sheets_historical/mangal all data sheet/PTM ROOFTOP/TMV ROOFTOP - MARCH 2026.xlsx,
2026-03-26 20:32:53,588.0,0.0,0.0,588.0,YESAP60862596819,2026-03-27 06:29:51,UPI,rooftop,meet-recording/data_sheets_historical/mangal all data sheet/PTM ROOFTOP/TMV ROOFTOP - MARCH 2026.xlsx,
2026-03-26 20:49:28,796.0,0.0,0.0,796.0,YESAP60862596819,2026-03-27 06:29:51,UPI,rooftop,meet-recording/data_sheets_historical/mangal all data sheet/PTM ROOFTOP/TMV ROOFTOP - MARCH 2026.xlsx,
2026-03-26 21:00:26,60.0,0.0,0.0,60.0,YESAP60862596819,2026-03-27 06:29:51,UPI,rooftop,meet-recording/data_sheets_historical/mangal all data sheet/PTM ROOFTOP/TMV ROOFTOP - MARCH 2026.xlsx,
2026-03-26 21:46:11,126.0,0.0,0.0,126.0,YESAP60862596819,2026-03-27 06:29:51,UPI,rooftop,meet-recording/data_sheets_historical/mangal all data sheet/PTM ROOFTOP/TMV ROOFTOP - MARCH 2026.xlsx,
2026-03-26 21:52:48,489.0,0.0,0.0,489.0,YESAP60862596819,2026-03-27 06:29:51,UPI,rooftop,meet-recording/data_sheets_historical/mangal all data sheet/PTM ROOFTOP/TMV ROOFTOP - MARCH 2026.xlsx,
2026-03-26 22:01:01,1935.0,0.0,0.0,1935.0,YESAP60862596819,2026-03-27 06:29:51,UPI,rooftop,meet-recording/data_sheets_historical/mangal all data sheet/PTM ROOFTOP/TMV ROOFTOP - MARCH 2026.xlsx,
2026-03-26 22:13:07,1450.0,33.35,6.0,1410.65,YESAP60862596819,2026-03-27 06:29:51,UPI_CREDIT_CARD,rooftop,meet-recording/data_sheets_historical/mangal all data sheet/PTM ROOFTOP/TMV ROOFTOP - MARCH 2026.xlsx,
2026-03-26 22:14:02,1844.0,0.0,0.0,1844.0,YESAP60862596819,2026-03-27 06:29:51,UPI,rooftop,meet-recording/data_sheets_historical/mangal all data sheet/PTM ROOFTOP/TMV ROOFTOP - MARCH 2026.xlsx,
2026-03-26 22:16:59,449.0,0.0,0.0,449.0,YESAP60862596819,2026-03-27 06:29:51,UPI,rooftop,meet-recording/data_sheets_historical/mangal all data sheet/PTM ROOFTOP/TMV ROOFTOP - MARCH 2026.xlsx,
2026-03-26 22:21:45,1025.0,0.0,0.0,1025.0,YESAP60862596819,2026-03-27 06:29:51,UPI,rooftop,meet-recording/data_sheets_historical/mangal all data sheet/PTM ROOFTOP/TMV ROOFTOP - MARCH 2026.xlsx,
2026-03-26 22:28:52,1616.0,0.0,0.0,1616.0,YESAP60862596819,2026-03-27 06:29:51,UPI,rooftop,meet-recording/data_sheets_historical/mangal all data sheet/PTM ROOFTOP/TMV ROOFTOP - MARCH 2026.xlsx,
2026-03-26 22:33:41,807.0,0.0,0.0,807.0,YESAP60862596819,2026-03-27 06:29:51,UPI,rooftop,meet-recording/data_sheets_historical/mangal all data sheet/PTM ROOFTOP/TMV ROOFTOP - MARCH 2026.xlsx,
2026-03-26 22:35:19,837.0,0.0,0.0,837.0,YESAP60862596819,2026-03-27 06:29:51,UPI,rooftop,meet-recording/data_sheets_historical/mangal all data sheet/PTM ROOFTOP/TMV ROOFTOP - MARCH 2026.xlsx,
2026-03-26 22:48:33,1087.0,0.0,0.0,1087.0,YESAP60862596819,2026-03-27 06:29:51,DEBIT_CARD,rooftop,meet-recording/data_sheets_historical/mangal all data sheet/PTM ROOFTOP/TMV ROOFTOP - MARCH 2026.xlsx,
2026-03-26 22:55:35,897.0,0.0,0.0,897.0,YESAP60862596819,2026-03-27 06:29:51,UPI,rooftop,meet-recording/data_sheets_historical/mangal all data sheet/PTM ROOFTOP/TMV ROOFTOP - MARCH 2026.xlsx,
2026-03-26 23:05:34,718.0,10.77,0.0,707.23,YESAP60862596819,2026-03-27 06:29:51,CREDIT_CARD,rooftop,meet-recording/data_sheets_historical/mangal all data sheet/PTM ROOFTOP/TMV ROOFTOP - MARCH 2026.xlsx,
,,,,,,,,rooftop,meet-recording/data_sheets_historical/mangal all data sheet/PTM ROOFTOP/TMV ROOFTOP - MARCH 2026.xlsx,
2026-03-27 07:37:45,120.0,0.0,0.0,120.0,YESAP60872354671,2026-03-28 05:09:34,UPI,rooftop,meet-recording/data_sheets_historical/mangal all data sheet/PTM ROOFTOP/TMV ROOFTOP - MARCH 2026.xlsx,
2026-03-27 08:53:01,200.0,0.0,0.0,200.0,YESAP60872354671,2026-03-28 05:09:34,UPI,rooftop,meet-recording/data_sheets_historical/mangal all data sheet/PTM ROOFTOP/TMV ROOFTOP - MARCH 2026.xlsx,
2026-03-27 10:42:26,20.0,0.0,0.0,20.0,YESAP60872354671,2026-03-28 05:09:34,UPI,rooftop,meet-recording/data_sheets_historical/mangal all data sheet/PTM ROOFTOP/TMV ROOFTOP - MARCH 2026.xlsx,
2026-03-27 12:35:22,240.0,0.0,0.0,240.0,YESAP60872354671,2026-03-28 05:09:34,UPI,rooftop,meet-recording/data_sheets_historical/mangal all data sheet/PTM ROOFTOP/TMV ROOFTOP - MARCH 2026.xlsx,
2026-03-27 12:40:00,500.0,0.0,0.0,500.0,YESAP60872354671,2026-03-28 05:09:34,UPI,rooftop,meet-recording/data_sheets_historical/mangal all data sheet/PTM ROOFTOP/TMV ROOFTOP - MARCH 2026.xlsx,
2026-03-27 14:31:43,2000.0,0.0,0.0,2000.0,YESAP60872354671,2026-03-28 05:09:34,UPI,rooftop,meet-recording/data_sheets_historical/mangal all data sheet/PTM ROOFTOP/TMV ROOFTOP - MARCH 2026.xlsx,
2026-03-27 16:45:40,299.0,0.0,0.0,299.0,YESAP60872354671,2026-03-28 05:09:34,UPI,rooftop,meet-recording/data_sheets_historical/mangal all data sheet/PTM ROOFTOP/TMV ROOFTOP - MARCH 2026.xlsx,
2026-03-27 17:14:00,120.0,0.0,0.0,120.0,YESAP60872354671,2026-03-28 05:09:34,UPI,rooftop,meet-recording/data_sheets_historical/mangal all data sheet/PTM ROOFTOP/TMV ROOFTOP - MARCH 2026.xlsx,
2026-03-27 17:22:00,2044.0,0.0,0.0,2044.0,YESAP60872354671,2026-03-28 05:09:34,UPI,rooftop,meet-recording/data_sheets_historical/mangal all data sheet/PTM ROOFTOP/TMV ROOFTOP - MARCH 2026.xlsx,
2026-03-27 18:09:53,60.0,0.0,0.0,60.0,YESAP60872354671,2026-03-28 05:09:34,UPI,rooftop,meet-recording/data_sheets_historical/mangal all data sheet/PTM ROOFTOP/TMV ROOFTOP - MARCH 2026.xlsx,
2026-03-27 18:13:05,120.0,0.0,0.0,120.0,YESAP60872354671,2026-03-28 05:09:34,UPI,rooftop,meet-recording/data_sheets_historical/mangal all data sheet/PTM ROOFTOP/TMV ROOFTOP - MARCH 2026.xlsx,
2026-03-27 18:59:02,120.0,0.0,0.0,120.0,YESAP60872354671,2026-03-28 05:09:34,UPI,rooftop,meet-recording/data_sheets_historical/mangal all data sheet/PTM ROOFTOP/TMV ROOFTOP - MARCH 2026.xlsx,
2026-03-27 20:29:32,618.0,0.0,0.0,618.0,YESAP60872354671,2026-03-28 05:09:34,UPI,rooftop,meet-recording/data_sheets_historical/mangal all data sheet/PTM ROOFTOP/TMV ROOFTOP - MARCH 2026.xlsx,
2026-03-27 20:29:32,1407.0,0.0,0.0,1407.0,YESAP60872354671,2026-03-28 05:09:34,UPI,rooftop,meet-recording/data_sheets_historical/mangal all data sheet/PTM ROOFTOP/TMV ROOFTOP - MARCH 2026.xlsx,
2026-03-27 21:22:10,1044.0,0.0,0.0,1044.0,YESAP60872354671,2026-03-28 05:09:34,UPI,rooftop,meet-recording/data_sheets_historical/mangal all data sheet/PTM ROOFTOP/TMV ROOFTOP - MARCH 2026.xlsx,
2026-03-27 21:58:42,384.0,0.0,0.0,384.0,YESAP60872354671,2026-03-28 05:09:34,UPI,rooftop,meet-recording/data_sheets_historical/mangal all data sheet/PTM ROOFTOP/TMV ROOFTOP - MARCH 2026.xlsx,
2026-03-27 22:00:59,887.0,0.0,0.0,887.0,YESAP60872354671,2026-03-28 05:09:34,UPI,rooftop,meet-recording/data_sheets_historical/mangal all data sheet/PTM ROOFTOP/TMV ROOFTOP - MARCH 2026.xlsx,
2026-03-27 22:04:39,347.0,0.0,0.0,347.0,YESAP60872354671,2026-03-28 05:09:34,UPI,rooftop,meet-recording/data_sheets_historical/mangal all data sheet/PTM ROOFTOP/TMV ROOFTOP - MARCH 2026.xlsx,
2026-03-27 22:11:40,230.0,0.0,0.0,230.0,YESAP60872354671,2026-03-28 05:09:34,UPI,rooftop,meet-recording/data_sheets_historical/mangal all data sheet/PTM ROOFTOP/TMV ROOFTOP - MARCH 2026.xlsx,
2026-03-27 22:21:42,1730.0,39.79,7.16,1683.05,YESAP60872354671,2026-03-28 05:09:34,UPI_CREDIT_CARD,rooftop,meet-recording/data_sheets_historical/mangal all data sheet/PTM ROOFTOP/TMV ROOFTOP - MARCH 2026.xlsx,
2026-03-27 22:30:03,1356.0,0.0,0.0,1356.0,YESAP60872354671,2026-03-28 05:09:34,UPI,rooftop,meet-recording/data_sheets_historical/mangal all data sheet/PTM ROOFTOP/TMV ROOFTOP - MARCH 2026.xlsx,
2026-03-27 22:53:49,708.0,0.0,0.0,708.0,YESAP60872354671,2026-03-28 05:09:34,UPI,rooftop,meet-recording/data_sheets_historical/mangal all data sheet/PTM ROOFTOP/TMV ROOFTOP - MARCH 2026.xlsx,
2026-03-27 22:56:38,728.0,16.74,3.01,708.25,YESAP60872354671,2026-03-28 05:09:34,UPI_CREDIT_CARD,rooftop,meet-recording/data_sheets_historical/mangal all data sheet/PTM ROOFTOP/TMV ROOFTOP - MARCH 2026.xlsx,
2026-03-27 23:00:36,220.0,0.0,0.0,220.0,YESAP60872354671,2026-03-28 05:09:34,UPI,rooftop,meet-recording/data_sheets_historical/mangal all data sheet/PTM ROOFTOP/TMV ROOFTOP - MARCH 2026.xlsx,
,,,,,,,,rooftop,meet-recording/data_sheets_historical/mangal all data sheet/PTM ROOFTOP/TMV ROOFTOP - MARCH 2026.xlsx,
2026-03-28 08:07:44,120.0,0.0,0.0,120.0,YESAP60881745982,2026-03-29 04:28:35,UPI,rooftop,meet-recording/data_sheets_historical/mangal all data sheet/PTM ROOFTOP/TMV ROOFTOP - MARCH 2026.xlsx,
2026-03-28 08:27:44,200.0,0.0,0.0,200.0,YESAP60881745982,2026-03-29 04:28:35,UPI,rooftop,meet-recording/data_sheets_historical/mangal all data sheet/PTM ROOFTOP/TMV ROOFTOP - MARCH 2026.xlsx,
2026-03-28 09:18:55,180.0,0.0,0.0,180.0,YESAP60881745982,2026-03-29 04:28:35,UPI,rooftop,meet-recording/data_sheets_historical/mangal all data sheet/PTM ROOFTOP/TMV ROOFTOP - MARCH 2026.xlsx,
2026-03-28 09:48:23,120.0,0.0,0.0,120.0,YESAP60881745982,2026-03-29 04:28:35,UPI,rooftop,meet-recording/data_sheets_historical/mangal all data sheet/PTM ROOFTOP/TMV ROOFTOP - MARCH 2026.xlsx,
2026-03-28 11:34:32,180.0,0.0,0.0,180.0,YESAP60881745982,2026-03-29 04:28:35,UPI,rooftop,meet-recording/data_sheets_historical/mangal all data sheet/PTM ROOFTOP/TMV ROOFTOP - MARCH 2026.xlsx,
2026-03-28 12:27:32,369.0,0.0,0.0,369.0,YESAP60881745982,2026-03-29 04:28:35,UPI,rooftop,meet-recording/data_sheets_historical/mangal all data sheet/PTM ROOFTOP/TMV ROOFTOP - MARCH 2026.xlsx,
2026-03-28 13:52:47,897.0,0.0,0.0,897.0,YESAP60881745982,2026-03-29 04:28:35,UPI,rooftop,meet-recording/data_sheets_historical/mangal all data sheet/PTM ROOFTOP/TMV ROOFTOP - MARCH 2026.xlsx,
2026-03-28 13:56:14,2104.0,0.0,0.0,2104.0,YESAP60881745982,2026-03-29 04:28:35,UPI,rooftop,meet-recording/data_sheets_historical/mangal all data sheet/PTM ROOFTOP/TMV ROOFTOP - MARCH 2026.xlsx,
2026-03-28 16:23:58,319.0,0.0,0.0,319.0,YESAP60881745982,2026-03-29 04:28:35,UPI,rooftop,meet-recording/data_sheets_historical/mangal all data sheet/PTM ROOFTOP/TMV ROOFTOP - MARCH 2026.xlsx,
2026-03-28 16:28:32,489.0,7.34,0.0,481.66,YESAP60881745982,2026-03-29 04:28:35,CREDIT_CARD,rooftop,meet-recording/data_sheets_historical/mangal all data sheet/PTM ROOFTOP/TMV ROOFTOP - MARCH 2026.xlsx,
2026-03-28 19:58:50,568.0,0.0,0.0,568.0,YESAP60881745982,2026-03-29 04:28:35,UPI,rooftop,meet-recording/data_sheets_historical/mangal all data sheet/PTM ROOFTOP/TMV ROOFTOP - MARCH 2026.xlsx,
2026-03-28 20:04:17,449.0,0.0,0.0,449.0,YESAP60881745982,2026-03-29 04:28:35,UPI_PPIWALLET,rooftop,meet-recording/data_sheets_historical/mangal all data sheet/PTM ROOFTOP/TMV ROOFTOP - MARCH 2026.xlsx,
2026-03-28 20:07:29,559.0,0.0,0.0,559.0,YESAP60881745982,2026-03-29 04:28:35,UPI,rooftop,meet-recording/data_sheets_historical/mangal all data sheet/PTM ROOFTOP/TMV ROOFTOP - MARCH 2026.xlsx,
2026-03-28 20:51:25,748.0,0.0,0.0,748.0,YESAP60881745982,2026-03-29 04:28:35,UPI,rooftop,meet-recording/data_sheets_historical/mangal all data sheet/PTM ROOFTOP/TMV ROOFTOP - MARCH 2026.xlsx,
2026-03-28 20:56:47,299.0,0.0,0.0,299.0,YESAP60881745982,2026-03-29 04:28:35,UPI,rooftop,meet-recording/data_sheets_historical/mangal all data sheet/PTM ROOFTOP/TMV ROOFTOP - MARCH 2026.xlsx,
2026-03-28 21:17:11,240.0,0.0,0.0,240.0,YESAP60881745982,2026-03-29 04:28:35,UPI,rooftop,meet-recording/data_sheets_historical/mangal all data sheet/PTM ROOFTOP/TMV ROOFTOP - MARCH 2026.xlsx,
2026-03-28 21:32:43,1666.0,6.66,0.0,1659.34,YESAP60881745982,2026-03-29 04:28:35,DEBIT_CARD,rooftop,meet-recording/data_sheets_historical/mangal all data sheet/PTM ROOFTOP/TMV ROOFTOP - MARCH 2026.xlsx,
2026-03-28 21:55:11,897.0,0.0,0.0,897.0,YESAP60881745982,2026-03-29 04:28:35,UPI,rooftop,meet-recording/data_sheets_historical/mangal all data sheet/PTM ROOFTOP/TMV ROOFTOP - MARCH 2026.xlsx,
2026-03-28 22:16:53,710.0,0.0,0.0,710.0,YESAP60881745982,2026-03-29 04:28:35,UPI,rooftop,meet-recording/data_sheets_historical/mangal all data sheet/PTM ROOFTOP/TMV ROOFTOP - MARCH 2026.xlsx,
2026-03-28 22:22:57,1566.0,0.0,0.0,1566.0,YESAP60881745982,2026-03-29 04:28:35,UPI,rooftop,meet-recording/data_sheets_historical/mangal all data sheet/PTM ROOFTOP/TMV ROOFTOP - MARCH 2026.xlsx,
2026-03-28 22:25:22,568.0,0.0,0.0,568.0,YESAP60881745982,2026-03-29 04:28:35,UPI,rooftop,meet-recording/data_sheets_historical/mangal all data sheet/PTM ROOFTOP/TMV ROOFTOP - MARCH 2026.xlsx,
2026-03-28 22:28:55,837.0,0.0,0.0,837.0,YESAP60881745982,2026-03-29 04:28:35,UPI,rooftop,meet-recording/data_sheets_historical/mangal all data sheet/PTM ROOFTOP/TMV ROOFTOP - MARCH 2026.xlsx,
2026-03-28 22:35:52,20.0,0.0,0.0,20.0,YESAP60881745982,2026-03-29 04:28:35,UPI,rooftop,meet-recording/data_sheets_historical/mangal all data sheet/PTM ROOFTOP/TMV ROOFTOP - MARCH 2026.xlsx,
2026-03-28 22:45:09,209.0,0.0,0.0,209.0,YESAP60881745982,2026-03-29 04:28:35,UPI,rooftop,meet-recording/data_sheets_historical/mangal all data sheet/PTM ROOFTOP/TMV ROOFTOP - MARCH 2026.xlsx,
2026-03-28 22:45:32,1127.0,0.0,0.0,1127.0,YESAP60881745982,2026-03-29 04:28:35,UPI,rooftop,meet-recording/data_sheets_historical/mangal all data sheet/PTM ROOFTOP/TMV ROOFTOP - MARCH 2026.xlsx,
2026-03-28 23:33:40,20.0,0.0,0.0,20.0,YESAP60881745982,2026-03-29 04:28:35,UPI,rooftop,meet-recording/data_sheets_historical/mangal all data sheet/PTM ROOFTOP/TMV ROOFTOP - MARCH 2026.xlsx,
,,,,,,,,rooftop,meet-recording/data_sheets_historical/mangal all data sheet/PTM ROOFTOP/TMV ROOFTOP - MARCH 2026.xlsx,
2026-03-29 08:26:55,60.0,0.0,0.0,60.0,YESAP60892851964,2026-03-30 04:54:48,UPI,rooftop,meet-recording/data_sheets_historical/mangal all data sheet/PTM ROOFTOP/TMV ROOFTOP - MARCH 2026.xlsx,
2026-03-29 09:12:21,120.0,0.0,0.0,120.0,YESAP60892851964,2026-03-30 04:54:48,UPI,rooftop,meet-recording/data_sheets_historical/mangal all data sheet/PTM ROOFTOP/TMV ROOFTOP - MARCH 2026.xlsx,
2026-03-29 13:55:43,1097.0,0.0,0.0,1097.0,YESAP60892851964,2026-03-30 04:54:48,UPI,rooftop,meet-recording/data_sheets_historical/mangal all data sheet/PTM ROOFTOP/TMV ROOFTOP - MARCH 2026.xlsx,
2026-03-29 14:10:40,718.0,0.0,0.0,718.0,YESAP60892851964,2026-03-30 04:54:48,UPI,rooftop,meet-recording/data_sheets_historical/mangal all data sheet/PTM ROOFTOP/TMV ROOFTOP - MARCH 2026.xlsx,
2026-03-29 14:22:54,698.0,0.0,0.0,698.0,YESAP60892851964,2026-03-30 04:54:48,UPI,rooftop,meet-recording/data_sheets_historical/mangal all data sheet/PTM ROOFTOP/TMV ROOFTOP - MARCH 2026.xlsx,
2026-03-29 15:21:22,1904.0,0.0,0.0,1904.0,YESAP60892851964,2026-03-30 04:54:48,UPI,rooftop,meet-recording/data_sheets_historical/mangal all data sheet/PTM ROOFTOP/TMV ROOFTOP - MARCH 2026.xlsx,
2026-03-29 18:02:30,120.0,0.0,0.0,120.0,YESAP60892851964,2026-03-30 04:54:48,UPI,rooftop,meet-recording/data_sheets_historical/mangal all data sheet/PTM ROOFTOP/TMV ROOFTOP - MARCH 2026.xlsx,
2026-03-29 18:52:50,638.0,0.0,0.0,638.0,YESAP60892851964,2026-03-30 04:54:48,UPI,rooftop,meet-recording/data_sheets_historical/mangal all data sheet/PTM ROOFTOP/TMV ROOFTOP - MARCH 2026.xlsx,
2026-03-29 20:28:41,249.0,0.0,0.0,249.0,YESAP60892851964,2026-03-30 04:54:48,UPI,rooftop,meet-recording/data_sheets_historical/mangal all data sheet/PTM ROOFTOP/TMV ROOFTOP - MARCH 2026.xlsx,
2026-03-29 20:54:58,189.0,0.0,0.0,189.0,YESAP60892851964,2026-03-30 04:54:48,UPI,rooftop,meet-recording/data_sheets_historical/mangal all data sheet/PTM ROOFTOP/TMV ROOFTOP - MARCH 2026.xlsx,
2026-03-29 21:07:58,837.0,0.0,0.0,837.0,YESAP60892851964,2026-03-30 04:54:48,DEBIT_CARD,rooftop,meet-recording/data_sheets_historical/mangal all data sheet/PTM ROOFTOP/TMV ROOFTOP - MARCH 2026.xlsx,
2026-03-29 21:14:31,299.0,0.0,0.0,299.0,YESAP60892851964,2026-03-30 04:54:48,UPI,rooftop,meet-recording/data_sheets_historical/mangal all data sheet/PTM ROOFTOP/TMV ROOFTOP - MARCH 2026.xlsx,
2026-03-29 21:36:02,2767.0,0.0,0.0,2767.0,YESAP60892851964,2026-03-30 04:54:48,UPI,rooftop,meet-recording/data_sheets_historical/mangal all data sheet/PTM ROOFTOP/TMV ROOFTOP - MARCH 2026.xlsx,
2026-03-29 21:38:14,279.0,0.0,0.0,279.0,YESAP60892851964,2026-03-30 04:54:48,UPI,rooftop,meet-recording/data_sheets_historical/mangal all data sheet/PTM ROOFTOP/TMV ROOFTOP - MARCH 2026.xlsx,
2026-03-29 21:41:41,550.0,0.0,0.0,550.0,YESAP60892851964,2026-03-30 04:54:48,UPI_PPIWALLET,rooftop,meet-recording/data_sheets_historical/mangal all data sheet/PTM ROOFTOP/TMV ROOFTOP - MARCH 2026.xlsx,
2026-03-29 21:42:28,848.0,0.0,0.0,848.0,YESAP60892851964,2026-03-30 04:54:48,UPI,rooftop,meet-recording/data_sheets_historical/mangal all data sheet/PTM ROOFTOP/TMV ROOFTOP - MARCH 2026.xlsx,
2026-03-29 21:45:03,328.0,0.0,0.0,328.0,YESAP60892851964,2026-03-30 04:54:48,UPI_PPIWALLET,rooftop,meet-recording/data_sheets_historical/mangal all data sheet/PTM ROOFTOP/TMV ROOFTOP - MARCH 2026.xlsx,
2026-03-29 21:48:39,928.0,0.0,0.0,928.0,YESAP60892851964,2026-03-30 04:54:48,UPI,rooftop,meet-recording/data_sheets_historical/mangal all data sheet/PTM ROOFTOP/TMV ROOFTOP - MARCH 2026.xlsx,
2026-03-29 22:03:13,299.0,0.0,0.0,299.0,YESAP60892851964,2026-03-30 04:54:48,UPI,rooftop,meet-recording/data_sheets_historical/mangal all data sheet/PTM ROOFTOP/TMV ROOFTOP - MARCH 2026.xlsx,
2026-03-29 22:16:17,1116.0,25.67,4.62,1085.71,YESAP60892851964,2026-03-30 04:54:48,UPI_CREDIT_CARD,rooftop,meet-recording/data_sheets_historical/mangal all data sheet/PTM ROOFTOP/TMV ROOFTOP - MARCH 2026.xlsx,
2026-03-29 22:18:23,1914.0,28.71,0.0,1885.29,YESAP60892851964,2026-03-30 04:54:48,CREDIT_CARD,rooftop,meet-recording/data_sheets_historical/mangal all data sheet/PTM ROOFTOP/TMV ROOFTOP - MARCH 2026.xlsx,
2026-03-29 22:30:08,304.0,6.99,1.26,295.75,YESAP60892851964,2026-03-30 04:54:48,UPI_CREDIT_CARD,rooftop,meet-recording/data_sheets_historical/mangal all data sheet/PTM ROOFTOP/TMV ROOFTOP - MARCH 2026.xlsx,
2026-03-29 22:34:20,1887.0,0.0,0.0,1887.0,YESAP60892851964,2026-03-30 04:54:48,UPI,rooftop,meet-recording/data_sheets_historical/mangal all data sheet/PTM ROOFTOP/TMV ROOFTOP - MARCH 2026.xlsx,
2026-03-29 22:46:30,17425.0,0.0,0.0,17425.0,YESAP60892851964,2026-03-30 04:54:48,UPI,rooftop,meet-recording/data_sheets_historical/mangal all data sheet/PTM ROOFTOP/TMV ROOFTOP - MARCH 2026.xlsx,
2026-03-29 22:51:25,956.0,0.0,0.0,956.0,YESAP60892851964,2026-03-30 04:54:48,UPI,rooftop,meet-recording/data_sheets_historical/mangal all data sheet/PTM ROOFTOP/TMV ROOFTOP - MARCH 2026.xlsx,
2026-03-29 23:22:05,20.0,0.0,0.0,20.0,YESAP60892851964,2026-03-30 04:54:48,UPI,rooftop,meet-recording/data_sheets_historical/mangal all data sheet/PTM ROOFTOP/TMV ROOFTOP - MARCH 2026.xlsx,
,,,,,,,,rooftop,meet-recording/data_sheets_historical/mangal all data sheet/PTM ROOFTOP/TMV ROOFTOP - MARCH 2026.xlsx,
2026-03-30 07:33:26,40.0,1.4,0.0,38.6,YESAP60901532296,2026-03-31 04:23:15,CREDIT_CARD,rooftop,meet-recording/data_sheets_historical/mangal all data sheet/PTM ROOFTOP/TMV ROOFTOP - MARCH 2026.xlsx,
2026-03-30 09:37:03,100.0,0.0,0.0,100.0,YESAP60901532296,2026-03-31 04:23:15,UPI,rooftop,meet-recording/data_sheets_historical/mangal all data sheet/PTM ROOFTOP/TMV ROOFTOP - MARCH 2026.xlsx,
2026-03-30 10:43:08,149.0,0.0,0.0,149.0,YESAP60901532296,2026-03-31 04:23:15,UPI,rooftop,meet-recording/data_sheets_historical/mangal all data sheet/PTM ROOFTOP/TMV ROOFTOP - MARCH 2026.xlsx,
2026-03-30 13:15:32,474.0,0.0,0.0,474.0,YESAP60901532296,2026-03-31 04:23:15,UPI,rooftop,meet-recording/data_sheets_historical/mangal all data sheet/PTM ROOFTOP/TMV ROOFTOP - MARCH 2026.xlsx,
2026-03-30 15:26:35,1752.0,48.18,0.0,1703.82,YESAP60901532296,2026-03-31 04:23:15,CREDIT_CARD,rooftop,meet-recording/data_sheets_historical/mangal all data sheet/PTM ROOFTOP/TMV ROOFTOP - MARCH 2026.xlsx,
2026-03-30 15:29:33,118.0,0.0,0.0,118.0,YESAP60901532296,2026-03-31 04:23:15,UPI,rooftop,meet-recording/data_sheets_historical/mangal all data sheet/PTM ROOFTOP/TMV ROOFTOP - MARCH 2026.xlsx,
2026-03-30 18:54:19,448.0,6.72,0.0,441.28,YESAP60901532296,2026-03-31 04:23:15,CREDIT_CARD,rooftop,meet-recording/data_sheets_historical/mangal all data sheet/PTM ROOFTOP/TMV ROOFTOP - MARCH 2026.xlsx,
2026-03-30 19:53:42,289.0,0.0,0.0,289.0,YESAP60901532296,2026-03-31 04:23:15,UPI,rooftop,meet-recording/data_sheets_historical/mangal all data sheet/PTM ROOFTOP/TMV ROOFTOP - MARCH 2026.xlsx,
2026-03-30 20:17:50,498.0,0.0,0.0,498.0,YESAP60901532296,2026-03-31 04:23:15,UPI,rooftop,meet-recording/data_sheets_historical/mangal all data sheet/PTM ROOFTOP/TMV ROOFTOP - MARCH 2026.xlsx,
2026-03-30 20:21:55,568.0,0.0,0.0,568.0,YESAP60901532296,2026-03-31 04:23:15,UPI,rooftop,meet-recording/data_sheets_historical/mangal all data sheet/PTM ROOFTOP/TMV ROOFTOP - MARCH 2026.xlsx,
2026-03-30 21:12:28,2888.0,0.0,0.0,2888.0,YESAP60901532296,2026-03-31 04:23:15,UPI,rooftop,meet-recording/data_sheets_historical/mangal all data sheet/PTM ROOFTOP/TMV ROOFTOP - MARCH 2026.xlsx,
2026-03-30 21:58:14,738.0,0.0,0.0,738.0,YESAP60901532296,2026-03-31 04:23:15,UPI,rooftop,meet-recording/data_sheets_historical/mangal all data sheet/PTM ROOFTOP/TMV ROOFTOP - MARCH 2026.xlsx,
2026-03-30 22:10:33,958.0,22.03,3.97,932.0,YESAP60901532296,2026-03-31 04:23:15,UPI_CREDIT_CARD,rooftop,meet-recording/data_sheets_historical/mangal all data sheet/PTM ROOFTOP/TMV ROOFTOP - MARCH 2026.xlsx,
2026-03-30 22:20:52,269.0,0.0,0.0,269.0,YESAP60901532296,2026-03-31 04:23:15,UPI_PPIWALLET,rooftop,meet-recording/data_sheets_historical/mangal all data sheet/PTM ROOFTOP/TMV ROOFTOP - MARCH 2026.xlsx,
2026-03-30 23:33:11,1386.0,36.04,0.0,1349.96,YESAP60901532296,2026-03-31 04:23:15,CREDIT_CARD,rooftop,meet-recording/data_sheets_historical/mangal all data sheet/PTM ROOFTOP/TMV ROOFTOP - MARCH 2026.xlsx,
,,,,,,,,rooftop,meet-recording/data_sheets_historical/mangal all data sheet/PTM ROOFTOP/TMV ROOFTOP - MARCH 2026.xlsx,
2026-03-31 07:32:11,60.0,0.0,0.0,60.0,YESAP60913735649,2026-04-01 05:40:10,UPI,rooftop,meet-recording/data_sheets_historical/mangal all data sheet/PTM ROOFTOP/TMV ROOFTOP - MARCH 2026.xlsx,
2026-03-31 09:21:30,80.0,0.0,0.0,80.0,YESAP60913735649,2026-04-01 05:40:10,UPI,rooftop,meet-recording/data_sheets_historical/mangal all data sheet/PTM ROOFTOP/TMV ROOFTOP - MARCH 2026.xlsx,
2026-03-31 11:44:19,978.0,14.67,0.0,963.33,YESAP60913735649,2026-04-01 05:40:10,CREDIT_CARD,rooftop,meet-recording/data_sheets_historical/mangal all data sheet/PTM ROOFTOP/TMV ROOFTOP - MARCH 2026.xlsx,
2026-03-31 14:22:38,348.0,0.0,0.0,348.0,YESAP60913735649,2026-04-01 05:40:10,UPI,rooftop,meet-recording/data_sheets_historical/mangal all data sheet/PTM ROOFTOP/TMV ROOFTOP - MARCH 2026.xlsx,
2026-03-31 21:04:43,1516.0,0.0,0.0,1516.0,YESAP60913735649,2026-04-01 05:40:10,UPI,rooftop,meet-recording/data_sheets_historical/mangal all data sheet/PTM ROOFTOP/TMV ROOFTOP - MARCH 2026.xlsx,
2026-03-31 21:57:07,1512.0,0.0,0.0,1512.0,YESAP60913735649,2026-04-01 05:40:10,UPI,rooftop,meet-recording/data_sheets_historical/mangal all data sheet/PTM ROOFTOP/TMV ROOFTOP - MARCH 2026.xlsx,
2025-10-14 19:34:00,1.0,0.0,0.0,1.0,YESAP52881123751,2025-10-15 04:01:57,UPI,rooftop,meet-recording/data_sheets_historical/mangal all data sheet/PTM ROOFTOP/TMV ROOFTOP- PTM - OCTOBER 2025.xlsx,
2025-10-14 20:37:29,60.0,0.0,0.0,60.0,YESAP52881123751,2025-10-15 04:01:57,UPI,rooftop,meet-recording/data_sheets_historical/mangal all data sheet/PTM ROOFTOP/TMV ROOFTOP- PTM - OCTOBER 2025.xlsx,
2025-10-14 20:39:49,1.0,0.0,0.0,1.0,YESAP52881123751,2025-10-15 04:01:57,UPI,rooftop,meet-recording/data_sheets_historical/mangal all data sheet/PTM ROOFTOP/TMV ROOFTOP- PTM - OCTOBER 2025.xlsx,
2025-10-14 20:42:35,1.0,0.0,0.0,1.0,YESAP52881123751,2025-10-15 04:01:57,UPI,rooftop,meet-recording/data_sheets_historical/mangal all data sheet/PTM ROOFTOP/TMV ROOFTOP- PTM - OCTOBER 2025.xlsx,
2025-10-14 21:01:50,798.0,0.0,0.0,798.0,YESAP52881123751,2025-10-15 04:01:57,UPI,rooftop,meet-recording/data_sheets_historical/mangal all data sheet/PTM ROOFTOP/TMV ROOFTOP- PTM - OCTOBER 2025.xlsx,
2025-10-14 21:21:08,1266.0,0.0,0.0,1266.0,YESAP52881123751,2025-10-15 04:01:57,UPI,rooftop,meet-recording/data_sheets_historical/mangal all data sheet/PTM ROOFTOP/TMV ROOFTOP- PTM - OCTOBER 2025.xlsx,
2025-10-14 21:57:20,1177.0,25.89,4.66,1146.45,YESAP52881123751,2025-10-15 04:01:57,DEBIT_CARD,rooftop,meet-recording/data_sheets_historical/mangal all data sheet/PTM ROOFTOP/TMV ROOFTOP- PTM - OCTOBER 2025.xlsx,
2025-10-14 21:59:03,1274.0,19.11,3.44,1251.45,YESAP52881123751,2025-10-15 04:01:57,CREDIT_CARD,rooftop,meet-recording/data_sheets_historical/mangal all data sheet/PTM ROOFTOP/TMV ROOFTOP- PTM - OCTOBER 2025.xlsx,
2025-10-14 22:33:27,1894.0,0.0,0.0,1894.0,YESAP52881123751,2025-10-15 04:01:57,UPI,rooftop,meet-recording/data_sheets_historical/mangal all data sheet/PTM ROOFTOP/TMV ROOFTOP- PTM - OCTOBER 2025.xlsx,
2025-10-14 22:40:17,494.0,0.0,0.0,494.0,YESAP52881123751,2025-10-15 04:01:57,UPI,rooftop,meet-recording/data_sheets_historical/mangal all data sheet/PTM ROOFTOP/TMV ROOFTOP- PTM - OCTOBER 2025.xlsx,
2025-10-14 22:44:00,20.0,0.0,0.0,20.0,YESAP52881123751,2025-10-15 04:01:57,UPI,rooftop,meet-recording/data_sheets_historical/mangal all data sheet/PTM ROOFTOP/TMV ROOFTOP- PTM - OCTOBER 2025.xlsx,
,,,,,,,,rooftop,meet-recording/data_sheets_historical/mangal all data sheet/PTM ROOFTOP/TMV ROOFTOP- PTM - OCTOBER 2025.xlsx,
2025-10-15 08:35:42,320.0,0.0,0.0,320.0,YESAP52890029170,2025-10-16 02:49:47,UPI,rooftop,meet-recording/data_sheets_historical/mangal all data sheet/PTM ROOFTOP/TMV ROOFTOP- PTM - OCTOBER 2025.xlsx,
2025-10-15 13:43:02,738.0,0.0,0.0,738.0,YESAP52890029170,2025-10-16 02:49:47,UPI,rooftop,meet-recording/data_sheets_historical/mangal all data sheet/PTM ROOFTOP/TMV ROOFTOP- PTM - OCTOBER 2025.xlsx,
2025-10-15 13:52:31,609.0,0.0,0.0,609.0,YESAP52890029170,2025-10-16 02:49:47,UPI,rooftop,meet-recording/data_sheets_historical/mangal all data sheet/PTM ROOFTOP/TMV ROOFTOP- PTM - OCTOBER 2025.xlsx,
2025-10-15 13:54:24,63.0,0.0,0.0,63.0,YESAP52890029170,2025-10-16 02:49:47,UPI,rooftop,meet-recording/data_sheets_historical/mangal all data sheet/PTM ROOFTOP/TMV ROOFTOP- PTM - OCTOBER 2025.xlsx,
2025-10-15 13:59:23,1137.0,0.0,0.0,1137.0,YESAP52890029170,2025-10-16 02:49:47,UPI,rooftop,meet-recording/data_sheets_historical/mangal all data sheet/PTM ROOFTOP/TMV ROOFTOP- PTM - OCTOBER 2025.xlsx,
2025-10-15 14:28:12,1415.0,0.0,0.0,1415.0,YESAP52890029170,2025-10-16 02:49:47,UPI,rooftop,meet-recording/data_sheets_historical/mangal all data sheet/PTM ROOFTOP/TMV ROOFTOP- PTM - OCTOBER 2025.xlsx,
2025-10-15 15:38:18,350.0,0.0,0.0,350.0,YESAP52890029170,2025-10-16 02:49:47,UPI,rooftop,meet-recording/data_sheets_historical/mangal all data sheet/PTM ROOFTOP/TMV ROOFTOP- PTM - OCTOBER 2025.xlsx,
2025-10-15 15:56:08,80.0,0.0,0.0,80.0,YESAP52890029170,2025-10-16 02:49:47,UPI,rooftop,meet-recording/data_sheets_historical/mangal all data sheet/PTM ROOFTOP/TMV ROOFTOP- PTM - OCTOBER 2025.xlsx,
2025-10-15 19:23:34,329.0,0.0,0.0,329.0,YESAP52890029170,2025-10-16 02:49:47,UPI,rooftop,meet-recording/data_sheets_historical/mangal all data sheet/PTM ROOFTOP/TMV ROOFTOP- PTM - OCTOBER 2025.xlsx,
2025-10-15 19:59:20,698.0,0.0,0.0,698.0,YESAP52890029170,2025-10-16 02:49:47,UPI,rooftop,meet-recording/data_sheets_historical/mangal all data sheet/PTM ROOFTOP/TMV ROOFTOP- PTM - OCTOBER 2025.xlsx,
2025-10-15 20:55:29,399.0,0.0,0.0,399.0,YESAP52890029170,2025-10-16 02:49:47,UPI,rooftop,meet-recording/data_sheets_historical/mangal all data sheet/PTM ROOFTOP/TMV ROOFTOP- PTM - OCTOBER 2025.xlsx,
2025-10-15 21:11:52,1215.0,0.0,0.0,1215.0,YESAP52890029170,2025-10-16 02:49:47,UPI,rooftop,meet-recording/data_sheets_historical/mangal all data sheet/PTM ROOFTOP/TMV ROOFTOP- PTM - OCTOBER 2025.xlsx,
2025-10-15 21:49:01,299.0,0.0,0.0,299.0,YESAP52890029170,2025-10-16 02:49:47,UPI,rooftop,meet-recording/data_sheets_historical/mangal all data sheet/PTM ROOFTOP/TMV ROOFTOP- PTM - OCTOBER 2025.xlsx,
2025-10-15 22:09:01,67.0,0.0,0.0,67.0,YESAP52890029170,2025-10-16 02:49:47,UPI,rooftop,meet-recording/data_sheets_historical/mangal all data sheet/PTM ROOFTOP/TMV ROOFTOP- PTM - OCTOBER 2025.xlsx,
2025-10-15 22:22:44,60.0,0.0,0.0,60.0,YESAP52890029170,2025-10-16 02:49:47,UPI,rooftop,meet-recording/data_sheets_historical/mangal all data sheet/PTM ROOFTOP/TMV ROOFTOP- PTM - OCTOBER 2025.xlsx,
2025-10-15 22:27:35,1207.0,0.0,0.0,1207.0,YESAP52890029170,2025-10-16 02:49:47,UPI,rooftop,meet-recording/data_sheets_historical/mangal all data sheet/PTM ROOFTOP/TMV ROOFTOP- PTM - OCTOBER 2025.xlsx,
2025-10-15 22:29:52,489.0,0.0,0.0,489.0,YESAP52890029170,2025-10-16 02:49:47,UPI,rooftop,meet-recording/data_sheets_historical/mangal all data sheet/PTM ROOFTOP/TMV ROOFTOP- PTM - OCTOBER 2025.xlsx,
2025-10-15 22:33:48,40.0,0.0,0.0,40.0,YESAP52890029170,2025-10-16 02:49:47,UPI,rooftop,meet-recording/data_sheets_historical/mangal all data sheet/PTM ROOFTOP/TMV ROOFTOP- PTM - OCTOBER 2025.xlsx,
2025-10-15 23:12:35,1116.0,0.0,0.0,1116.0,YESAP52890029170,2025-10-16 02:49:47,UPI,rooftop,meet-recording/data_sheets_historical/mangal all data sheet/PTM ROOFTOP/TMV ROOFTOP- PTM - OCTOBER 2025.xlsx,
,,,,,,,,rooftop,meet-recording/data_sheets_historical/mangal all data sheet/PTM ROOFTOP/TMV ROOFTOP- PTM - OCTOBER 2025.xlsx,
2025-10-16 09:19:23,40.0,0.0,0.0,40.0,YESAP52900106435,2025-10-17 02:07:17,UPI,rooftop,meet-recording/data_sheets_historical/mangal all data sheet/PTM ROOFTOP/TMV ROOFTOP- PTM - OCTOBER 2025.xlsx,
2025-10-16 09:29:52,1200.0,0.0,0.0,1200.0,YESAP52900106435,2025-10-17 02:07:17,UPI,rooftop,meet-recording/data_sheets_historical/mangal all data sheet/PTM ROOFTOP/TMV ROOFTOP- PTM - OCTOBER 2025.xlsx,
2025-10-16 10:06:24,40.0,0.0,0.0,40.0,YESAP52900106435,2025-10-17 02:07:17,UPI,rooftop,meet-recording/data_sheets_historical/mangal all data sheet/PTM ROOFTOP/TMV ROOFTOP- PTM - OCTOBER 2025.xlsx,
2025-10-16 16:13:58,100.0,0.0,0.0,100.0,YESAP52900106435,2025-10-17 02:07:17,UPI,rooftop,meet-recording/data_sheets_historical/mangal all data sheet/PTM ROOFTOP/TMV ROOFTOP- PTM - OCTOBER 2025.xlsx,
2025-10-16 16:57:12,60.0,0.0,0.0,60.0,YESAP52900106435,2025-10-17 02:07:17,UPI,rooftop,meet-recording/data_sheets_historical/mangal all data sheet/PTM ROOFTOP/TMV ROOFTOP- PTM - OCTOBER 2025.xlsx,
2025-10-16 17:13:55,60.0,0.0,0.0,60.0,YESAP52900106435,2025-10-17 02:07:17,UPI,rooftop,meet-recording/data_sheets_historical/mangal all data sheet/PTM ROOFTOP/TMV ROOFTOP- PTM - OCTOBER 2025.xlsx,
2025-10-16 18:58:59,299.0,0.0,0.0,299.0,YESAP52900106435,2025-10-17 02:07:17,UPI,rooftop,meet-recording/data_sheets_historical/mangal all data sheet/PTM ROOFTOP/TMV ROOFTOP- PTM - OCTOBER 2025.xlsx,
2025-10-16 21:32:41,508.0,0.0,0.0,508.0,YESAP52900106435,2025-10-17 02:07:17,UPI,rooftop,meet-recording/data_sheets_historical/mangal all data sheet/PTM ROOFTOP/TMV ROOFTOP- PTM - OCTOBER 2025.xlsx,
2025-10-16 21:49:29,1027.0,0.0,0.0,1027.0,YESAP52900106435,2025-10-17 02:07:17,UPI,rooftop,meet-recording/data_sheets_historical/mangal all data sheet/PTM ROOFTOP/TMV ROOFTOP- PTM - OCTOBER 2025.xlsx,
2025-10-16 22:25:23,1037.0,0.0,0.0,1037.0,YESAP52900106435,2025-10-17 02:07:17,UPI,rooftop,meet-recording/data_sheets_historical/mangal all data sheet/PTM ROOFTOP/TMV ROOFTOP- PTM - OCTOBER 2025.xlsx,
2025-10-16 22:29:58,299.0,0.0,0.0,299.0,YESAP52900106435,2025-10-17 02:07:17,UPI,rooftop,meet-recording/data_sheets_historical/mangal all data sheet/PTM ROOFTOP/TMV ROOFTOP- PTM - OCTOBER 2025.xlsx,
2025-10-16 22:34:24,543.0,0.0,0.0,543.0,YESAP52900106435,2025-10-17 02:07:17,UPI,rooftop,meet-recording/data_sheets_historical/mangal all data sheet/PTM ROOFTOP/TMV ROOFTOP- PTM - OCTOBER 2025.xlsx,
,,,,,,,,rooftop,meet-recording/data_sheets_historical/mangal all data sheet/PTM ROOFTOP/TMV ROOFTOP- PTM - OCTOBER 2025.xlsx,
2025-10-17 11:06:31,120.0,0.0,0.0,120.0,YESAP52912714727,2025-10-18 05:03:21,UPI,rooftop,meet-recording/data_sheets_historical/mangal all data sheet/PTM ROOFTOP/TMV ROOFTOP- PTM - OCTOBER 2025.xlsx,
2025-10-17 11:42:47,568.0,0.0,0.0,568.0,YESAP52912714727,2025-10-18 05:03:21,UPI,rooftop,meet-recording/data_sheets_historical/mangal all data sheet/PTM ROOFTOP/TMV ROOFTOP- PTM - OCTOBER 2025.xlsx,
2025-10-17 20:06:50,619.0,0.0,0.0,619.0,YESAP52912714727,2025-10-18 05:03:21,UPI,rooftop,meet-recording/data_sheets_historical/mangal all data sheet/PTM ROOFTOP/TMV ROOFTOP- PTM - OCTOBER 2025.xlsx,
2025-10-17 20:47:28,828.0,3.31,0.6,824.09,YESAP52912714727,2025-10-18 05:03:21,DEBIT_CARD,rooftop,meet-recording/data_sheets_historical/mangal all data sheet/PTM ROOFTOP/TMV ROOFTOP- PTM - OCTOBER 2025.xlsx,
2025-10-17 21:13:41,1400.0,0.0,0.0,1400.0,YESAP52912714727,2025-10-18 05:03:21,UPI,rooftop,meet-recording/data_sheets_historical/mangal all data sheet/PTM ROOFTOP/TMV ROOFTOP- PTM - OCTOBER 2025.xlsx,
2025-10-17 22:02:16,400.0,0.0,0.0,400.0,YESAP52912714727,2025-10-18 05:03:21,UPI,rooftop,meet-recording/data_sheets_historical/mangal all data sheet/PTM ROOFTOP/TMV ROOFTOP- PTM - OCTOBER 2025.xlsx,
2025-10-17 22:44:50,589.0,0.0,0.0,589.0,YESAP52912714727,2025-10-18 05:03:21,UPI,rooftop,meet-recording/data_sheets_historical/mangal all data sheet/PTM ROOFTOP/TMV ROOFTOP- PTM - OCTOBER 2025.xlsx,
2025-10-17 23:08:16,728.0,0.0,0.0,728.0,YESAP52912714727,2025-10-18 05:03:21,UPI,rooftop,meet-recording/data_sheets_historical/mangal all data sheet/PTM ROOFTOP/TMV ROOFTOP- PTM - OCTOBER 2025.xlsx,
,,,,,,,,rooftop,meet-recording/data_sheets_historical/mangal all data sheet/PTM ROOFTOP/TMV ROOFTOP- PTM - OCTOBER 2025.xlsx,
2025-10-18 18:39:38,120.0,0.0,0.0,120.0,YESAP52921481666,2025-10-19 04:32:54,UPI,rooftop,meet-recording/data_sheets_historical/mangal all data sheet/PTM ROOFTOP/TMV ROOFTOP- PTM - OCTOBER 2025.xlsx,
2025-10-18 18:48:32,60.0,0.0,0.0,60.0,YESAP52921481666,2025-10-19 04:32:54,UPI,rooftop,meet-recording/data_sheets_historical/mangal all data sheet/PTM ROOFTOP/TMV ROOFTOP- PTM - OCTOBER 2025.xlsx,
2025-10-18 20:05:35,2374.0,0.0,0.0,2374.0,YESAP52921481666,2025-10-19 04:32:54,UPI,rooftop,meet-recording/data_sheets_historical/mangal all data sheet/PTM ROOFTOP/TMV ROOFTOP- PTM - OCTOBER 2025.xlsx,
2025-10-18 20:27:23,1853.0,27.8,5.0,1820.2,YESAP52921481666,2025-10-19 04:32:54,CREDIT_CARD,rooftop,meet-recording/data_sheets_historical/mangal all data sheet/PTM ROOFTOP/TMV ROOFTOP- PTM - OCTOBER 2025.xlsx,
2025-10-18 20:41:32,140.0,0.0,0.0,140.0,YESAP52921481666,2025-10-19 04:32:54,UPI_LITE,rooftop,meet-recording/data_sheets_historical/mangal all data sheet/PTM ROOFTOP/TMV ROOFTOP- PTM - OCTOBER 2025.xlsx,
2025-10-18 20:51:05,885.0,0.0,0.0,885.0,YESAP52921481666,2025-10-19 04:32:54,UPI,rooftop,meet-recording/data_sheets_historical/mangal all data sheet/PTM ROOFTOP/TMV ROOFTOP- PTM - OCTOBER 2025.xlsx,
2025-10-18 20:56:06,723.0,0.0,0.0,723.0,YESAP52921481666,2025-10-19 04:32:54,UPI,rooftop,meet-recording/data_sheets_historical/mangal all data sheet/PTM ROOFTOP/TMV ROOFTOP- PTM - OCTOBER 2025.xlsx,
2025-10-18 21:12:07,73.0,0.0,0.0,73.0,YESAP52921481666,2025-10-19 04:32:54,UPI,rooftop,meet-recording/data_sheets_historical/mangal all data sheet/PTM ROOFTOP/TMV ROOFTOP- PTM - OCTOBER 2025.xlsx,
2025-10-18 21:35:22,637.0,0.0,0.0,637.0,YESAP52921481666,2025-10-19 04:32:54,UPI,rooftop,meet-recording/data_sheets_historical/mangal all data sheet/PTM ROOFTOP/TMV ROOFTOP- PTM - OCTOBER 2025.xlsx,
2025-10-18 21:38:40,928.0,20.88,3.76,903.36,YESAP52921481666,2025-10-19 04:32:54,UPI_CREDIT_CARD,rooftop,meet-recording/data_sheets_historical/mangal all data sheet/PTM ROOFTOP/TMV ROOFTOP- PTM - OCTOBER 2025.xlsx,
2025-10-18 21:43:12,837.0,0.0,0.0,837.0,YESAP52921481666,2025-10-19 04:32:54,UPI_LITE,rooftop,meet-recording/data_sheets_historical/mangal all data sheet/PTM ROOFTOP/TMV ROOFTOP- PTM - OCTOBER 2025.xlsx,
2025-10-18 22:45:22,1217.0,0.0,0.0,1217.0,YESAP52921481666,2025-10-19 04:32:54,UPI,rooftop,meet-recording/data_sheets_historical/mangal all data sheet/PTM ROOFTOP/TMV ROOFTOP- PTM - OCTOBER 2025.xlsx,
,,,,,,,,rooftop,meet-recording/data_sheets_historical/mangal all data sheet/PTM ROOFTOP/TMV ROOFTOP- PTM - OCTOBER 2025.xlsx,
2025-10-19 07:51:33,120.0,0.0,0.0,120.0,YESAP52931427734,2025-10-20 04:53:39,UPI,rooftop,meet-recording/data_sheets_historical/mangal all data sheet/PTM ROOFTOP/TMV ROOFTOP- PTM - OCTOBER 2025.xlsx,
2025-10-19 11:43:34,668.0,0.0,0.0,668.0,YESAP52931427734,2025-10-20 04:53:39,UPI,rooftop,meet-recording/data_sheets_historical/mangal all data sheet/PTM ROOFTOP/TMV ROOFTOP- PTM - OCTOBER 2025.xlsx,
2025-10-19 13:06:40,554.0,0.0,0.0,554.0,YESAP52931427734,2025-10-20 04:53:39,UPI,rooftop,meet-recording/data_sheets_historical/mangal all data sheet/PTM ROOFTOP/TMV ROOFTOP- PTM - OCTOBER 2025.xlsx,
2025-10-19 14:38:19,818.0,0.0,0.0,818.0,YESAP52931427734,2025-10-20 04:53:39,UPI,rooftop,meet-recording/data_sheets_historical/mangal all data sheet/PTM ROOFTOP/TMV ROOFTOP- PTM - OCTOBER 2025.xlsx,
2025-10-19 15:06:18,729.0,0.0,0.0,729.0,YESAP52931427734,2025-10-20 04:53:39,UPI,rooftop,meet-recording/data_sheets_historical/mangal all data sheet/PTM ROOFTOP/TMV ROOFTOP- PTM - OCTOBER 2025.xlsx,
2025-10-19 18:46:29,5184.0,0.0,0.0,5184.0,YESAP52931427734,2025-10-20 04:53:39,UPI,rooftop,meet-recording/data_sheets_historical/mangal all data sheet/PTM ROOFTOP/TMV ROOFTOP- PTM - OCTOBER 2025.xlsx,
2025-10-19 19:12:35,80.0,0.0,0.0,80.0,YESAP52931427734,2025-10-20 04:53:39,UPI,rooftop,meet-recording/data_sheets_historical/mangal all data sheet/PTM ROOFTOP/TMV ROOFTOP- PTM - OCTOBER 2025.xlsx,
2025-10-19 19:55:49,643.0,0.0,0.0,643.0,YESAP52931427734,2025-10-20 04:53:39,UPI,rooftop,meet-recording/data_sheets_historical/mangal all data sheet/PTM ROOFTOP/TMV ROOFTOP- PTM - OCTOBER 2025.xlsx,
2025-10-19 20:55:47,995.0,0.0,0.0,995.0,YESAP52931427734,2025-10-20 04:53:39,UPI,rooftop,meet-recording/data_sheets_historical/mangal all data sheet/PTM ROOFTOP/TMV ROOFTOP- PTM - OCTOBER 2025.xlsx,
2025-10-19 21:38:01,838.0,18.86,3.39,815.75,YESAP52931427734,2025-10-20 04:53:39,UPI_CREDIT_CARD,rooftop,meet-recording/data_sheets_historical/mangal all data sheet/PTM ROOFTOP/TMV ROOFTOP- PTM - OCTOBER 2025.xlsx,
2025-10-19 21:55:54,1397.0,0.0,0.0,1397.0,YESAP52931427734,2025-10-20 04:53:39,UPI,rooftop,meet-recording/data_sheets_historical/mangal all data sheet/PTM ROOFTOP/TMV ROOFTOP- PTM - OCTOBER 2025.xlsx,
2025-10-19 22:03:39,249.0,0.0,0.0,249.0,YESAP52931427734,2025-10-20 04:53:39,UPI,rooftop,meet-recording/data_sheets_historical/mangal all data sheet/PTM ROOFTOP/TMV ROOFTOP- PTM - OCTOBER 2025.xlsx,
2025-10-19 22:04:06,60.0,0.0,0.0,60.0,YESAP52931427734,2025-10-20 04:53:39,UPI,rooftop,meet-recording/data_sheets_historical/mangal all data sheet/PTM ROOFTOP/TMV ROOFTOP- PTM - OCTOBER 2025.xlsx,
2025-10-19 22:20:22,948.0,14.22,2.56,931.22,YESAP52931427734,2025-10-20 04:53:39,CREDIT_CARD,rooftop,meet-recording/data_sheets_historical/mangal all data sheet/PTM ROOFTOP/TMV ROOFTOP- PTM - OCTOBER 2025.xlsx,
2025-10-19 22:42:19,957.0,14.36,2.58,940.06,YESAP52931427734,2025-10-20 04:53:39,CREDIT_CARD,rooftop,meet-recording/data_sheets_historical/mangal all data sheet/PTM ROOFTOP/TMV ROOFTOP- PTM - OCTOBER 2025.xlsx,
,,,,,,,,rooftop,meet-recording/data_sheets_historical/mangal all data sheet/PTM ROOFTOP/TMV ROOFTOP- PTM - OCTOBER 2025.xlsx,
2025-10-20 09:13:52,120.0,0.0,0.0,120.0,YESAP52940064925,2025-10-21 03:22:34,UPI,rooftop,meet-recording/data_sheets_historical/mangal all data sheet/PTM ROOFTOP/TMV ROOFTOP- PTM - OCTOBER 2025.xlsx,
2025-10-20 13:58:40,3672.0,55.08,9.91,3607.01,YESAP52940064925,2025-10-21 03:22:34,CREDIT_CARD,rooftop,meet-recording/data_sheets_historical/mangal all data sheet/PTM ROOFTOP/TMV ROOFTOP- PTM - OCTOBER 2025.xlsx,
2025-10-20 17:40:39,379.0,0.0,0.0,379.0,YESAP52940064925,2025-10-21 03:22:34,UPI,rooftop,meet-recording/data_sheets_historical/mangal all data sheet/PTM ROOFTOP/TMV ROOFTOP- PTM - OCTOBER 2025.xlsx,
2025-10-20 18:59:40,349.0,0.0,0.0,349.0,YESAP52940064925,2025-10-21 03:22:34,UPI,rooftop,meet-recording/data_sheets_historical/mangal all data sheet/PTM ROOFTOP/TMV ROOFTOP- PTM - OCTOBER 2025.xlsx,
2025-10-20 19:49:45,2601.0,0.0,0.0,2601.0,YESAP52940064925,2025-10-21 03:22:34,UPI,rooftop,meet-recording/data_sheets_historical/mangal all data sheet/PTM ROOFTOP/TMV ROOFTOP- PTM - OCTOBER 2025.xlsx,
2025-10-20 19:55:09,1218.0,0.0,0.0,1218.0,YESAP52940064925,2025-10-21 03:22:34,UPI,rooftop,meet-recording/data_sheets_historical/mangal all data sheet/PTM ROOFTOP/TMV ROOFTOP- PTM - OCTOBER 2025.xlsx,
2025-10-20 20:40:31,848.0,0.0,0.0,848.0,YESAP52940064925,2025-10-21 03:22:34,UPI,rooftop,meet-recording/data_sheets_historical/mangal all data sheet/PTM ROOFTOP/TMV ROOFTOP- PTM - OCTOBER 2025.xlsx,
2025-10-20 21:14:33,808.0,0.0,0.0,808.0,YESAP52940064925,2025-10-21 03:22:34,UPI,rooftop,meet-recording/data_sheets_historical/mangal all data sheet/PTM ROOFTOP/TMV ROOFTOP- PTM - OCTOBER 2025.xlsx,
2025-10-20 21:24:04,1147.0,17.21,3.1,1126.69,YESAP52940064925,2025-10-21 03:22:34,CREDIT_CARD,rooftop,meet-recording/data_sheets_historical/mangal all data sheet/PTM ROOFTOP/TMV ROOFTOP- PTM - OCTOBER 2025.xlsx,
2025-10-20 21:26:37,828.0,0.0,0.0,828.0,YESAP52940064925,2025-10-21 03:22:34,UPI,rooftop,meet-recording/data_sheets_historical/mangal all data sheet/PTM ROOFTOP/TMV ROOFTOP- PTM - OCTOBER 2025.xlsx,
2025-10-20 21:29:55,1822.0,0.0,0.0,1822.0,YESAP52940064925,2025-10-21 03:22:34,UPI,rooftop,meet-recording/data_sheets_historical/mangal all data sheet/PTM ROOFTOP/TMV ROOFTOP- PTM - OCTOBER 2025.xlsx,
2025-10-20 21:42:52,678.0,0.0,0.0,678.0,YESAP52940064925,2025-10-21 03:22:34,UPI,rooftop,meet-recording/data_sheets_historical/mangal all data sheet/PTM ROOFTOP/TMV ROOFTOP- PTM - OCTOBER 2025.xlsx,
2025-10-20 22:02:41,140.0,0.0,0.0,140.0,YESAP52940064925,2025-10-21 03:22:34,UPI,rooftop,meet-recording/data_sheets_historical/mangal all data sheet/PTM ROOFTOP/TMV ROOFTOP- PTM - OCTOBER 2025.xlsx,
2025-10-20 22:05:00,1776.0,0.0,0.0,1776.0,YESAP52940064925,2025-10-21 03:22:34,UPI,rooftop,meet-recording/data_sheets_historical/mangal all data sheet/PTM ROOFTOP/TMV ROOFTOP- PTM - OCTOBER 2025.xlsx,
2025-10-20 22:25:41,399.0,8.98,1.62,388.4,YESAP52940064925,2025-10-21 03:22:34,UPI_CREDIT_CARD,rooftop,meet-recording/data_sheets_historical/mangal all data sheet/PTM ROOFTOP/TMV ROOFTOP- PTM - OCTOBER 2025.xlsx,
2025-10-20 22:28:05,68.0,0.0,0.0,68.0,YESAP52940064925,2025-10-21 03:22:34,UPI,rooftop,meet-recording/data_sheets_historical/mangal all data sheet/PTM ROOFTOP/TMV ROOFTOP- PTM - OCTOBER 2025.xlsx,
2025-10-20 22:31:58,1251.0,0.0,0.0,1251.0,YESAP52940064925,2025-10-21 03:22:34,UPI,rooftop,meet-recording/data_sheets_historical/mangal all data sheet/PTM ROOFTOP/TMV ROOFTOP- PTM - OCTOBER 2025.xlsx,
,,,,,,,,rooftop,meet-recording/data_sheets_historical/mangal all data sheet/PTM ROOFTOP/TMV ROOFTOP- PTM - OCTOBER 2025.xlsx,
2025-10-21 08:34:00,300.0,6.75,1.22,292.03,YESAP52951809742,2025-10-22 04:51:33,UPI_CREDIT_CARD,rooftop,meet-recording/data_sheets_historical/mangal all data sheet/PTM ROOFTOP/TMV ROOFTOP- PTM - OCTOBER 2025.xlsx,
2025-10-21 13:26:23,679.0,0.0,0.0,679.0,YESAP52951809742,2025-10-22 04:51:33,UPI,rooftop,meet-recording/data_sheets_historical/mangal all data sheet/PTM ROOFTOP/TMV ROOFTOP- PTM - OCTOBER 2025.xlsx,
2025-10-21 13:34:30,575.0,0.0,0.0,575.0,YESAP52951809742,2025-10-22 04:51:33,UPI,rooftop,meet-recording/data_sheets_historical/mangal all data sheet/PTM ROOFTOP/TMV ROOFTOP- PTM - OCTOBER 2025.xlsx,
2025-10-21 14:10:52,827.0,18.61,3.35,805.04,YESAP52951809742,2025-10-22 04:51:33,UPI_CREDIT_CARD,rooftop,meet-recording/data_sheets_historical/mangal all data sheet/PTM ROOFTOP/TMV ROOFTOP- PTM - OCTOBER 2025.xlsx,
2025-10-21 14:56:58,668.0,0.0,0.0,668.0,YESAP52951809742,2025-10-22 04:51:33,UPI,rooftop,meet-recording/data_sheets_historical/mangal all data sheet/PTM ROOFTOP/TMV ROOFTOP- PTM - OCTOBER 2025.xlsx,
2025-10-21 15:57:44,249.0,0.0,0.0,249.0,YESAP52951809742,2025-10-22 04:51:33,UPI,rooftop,meet-recording/data_sheets_historical/mangal all data sheet/PTM ROOFTOP/TMV ROOFTOP- PTM - OCTOBER 2025.xlsx,
2025-10-21 18:16:03,120.0,2.7,0.49,116.81,YESAP52951809742,2025-10-22 04:51:33,UPI_CREDIT_CARD,rooftop,meet-recording/data_sheets_historical/mangal all data sheet/PTM ROOFTOP/TMV ROOFTOP- PTM - OCTOBER 2025.xlsx,
2025-10-21 18:43:22,2174.0,0.0,0.0,2174.0,YESAP52951809742,2025-10-22 04:51:33,UPI,rooftop,meet-recording/data_sheets_historical/mangal all data sheet/PTM ROOFTOP/TMV ROOFTOP- PTM - OCTOBER 2025.xlsx,
2025-10-21 20:12:27,788.0,0.0,0.0,788.0,YESAP52951809742,2025-10-22 04:51:33,UPI,rooftop,meet-recording/data_sheets_historical/mangal all data sheet/PTM ROOFTOP/TMV ROOFTOP- PTM - OCTOBER 2025.xlsx,
2025-10-21 20:39:27,199.0,0.0,0.0,199.0,YESAP52951809742,2025-10-22 04:51:33,UPI,rooftop,meet-recording/data_sheets_historical/mangal all data sheet/PTM ROOFTOP/TMV ROOFTOP- PTM - OCTOBER 2025.xlsx,
2025-10-21 20:48:41,877.0,0.0,0.0,877.0,YESAP52951809742,2025-10-22 04:51:33,UPI,rooftop,meet-recording/data_sheets_historical/mangal all data sheet/PTM ROOFTOP/TMV ROOFTOP- PTM - OCTOBER 2025.xlsx,
2025-10-21 21:14:27,3444.0,0.0,0.0,3444.0,YESAP52951809742,2025-10-22 04:51:33,UPI,rooftop,meet-recording/data_sheets_historical/mangal all data sheet/PTM ROOFTOP/TMV ROOFTOP- PTM - OCTOBER 2025.xlsx,
2025-10-21 21:14:38,1396.0,20.94,3.77,1371.29,YESAP52951809742,2025-10-22 04:51:33,CREDIT_CARD,rooftop,meet-recording/data_sheets_historical/mangal all data sheet/PTM ROOFTOP/TMV ROOFTOP- PTM - OCTOBER 2025.xlsx,
2025-10-21 21:22:36,917.0,0.0,0.0,917.0,YESAP52951809742,2025-10-22 04:51:33,UPI,rooftop,meet-recording/data_sheets_historical/mangal all data sheet/PTM ROOFTOP/TMV ROOFTOP- PTM - OCTOBER 2025.xlsx,
2025-10-21 21:29:03,668.0,0.0,0.0,668.0,YESAP52951809742,2025-10-22 04:51:33,UPI,rooftop,meet-recording/data_sheets_historical/mangal all data sheet/PTM ROOFTOP/TMV ROOFTOP- PTM - OCTOBER 2025.xlsx,
2025-10-21 21:42:15,2921.0,43.82,7.89,2869.29,YESAP52951809742,2025-10-22 04:51:33,CREDIT_CARD,rooftop,meet-recording/data_sheets_historical/mangal all data sheet/PTM ROOFTOP/TMV ROOFTOP- PTM - OCTOBER 2025.xlsx,
2025-10-21 21:52:01,1008.0,0.0,0.0,1008.0,YESAP52951809742,2025-10-22 04:51:33,UPI,rooftop,meet-recording/data_sheets_historical/mangal all data sheet/PTM ROOFTOP/TMV ROOFTOP- PTM - OCTOBER 2025.xlsx,
2025-10-21 21:54:02,853.0,0.0,0.0,853.0,YESAP52951809742,2025-10-22 04:51:33,UPI,rooftop,meet-recording/data_sheets_historical/mangal all data sheet/PTM ROOFTOP/TMV ROOFTOP- PTM - OCTOBER 2025.xlsx,
2025-10-21 21:56:42,1255.0,18.83,3.39,1232.78,YESAP52951809742,2025-10-22 04:51:33,CREDIT_CARD,rooftop,meet-recording/data_sheets_historical/mangal all data sheet/PTM ROOFTOP/TMV ROOFTOP- PTM - OCTOBER 2025.xlsx,
2025-10-21 22:14:37,1576.0,0.0,0.0,1576.0,YESAP52951809742,2025-10-22 04:51:33,UPI,rooftop,meet-recording/data_sheets_historical/mangal all data sheet/PTM ROOFTOP/TMV ROOFTOP- PTM - OCTOBER 2025.xlsx,
2025-10-21 22:27:14,759.0,0.0,0.0,759.0,YESAP52951809742,2025-10-22 04:51:33,UPI,rooftop,meet-recording/data_sheets_historical/mangal all data sheet/PTM ROOFTOP/TMV ROOFTOP- PTM - OCTOBER 2025.xlsx,
2025-10-21 22:39:11,1951.0,0.0,0.0,1951.0,YESAP52951809742,2025-10-22 04:51:33,UPI,rooftop,meet-recording/data_sheets_historical/mangal all data sheet/PTM ROOFTOP/TMV ROOFTOP- PTM - OCTOBER 2025.xlsx,
2025-10-21 22:45:01,923.0,0.0,0.0,923.0,YESAP52951809742,2025-10-22 04:51:33,UPI,rooftop,meet-recording/data_sheets_historical/mangal all data sheet/PTM ROOFTOP/TMV ROOFTOP- PTM - OCTOBER 2025.xlsx,
2025-10-21 22:58:20,2285.0,0.0,0.0,2285.0,YESAP52951809742,2025-10-22 04:51:33,UPI,rooftop,meet-recording/data_sheets_historical/mangal all data sheet/PTM ROOFTOP/TMV ROOFTOP- PTM - OCTOBER 2025.xlsx,
2025-10-21 23:04:14,1381.0,0.0,0.0,1381.0,YESAP52951809742,2025-10-22 04:51:33,UPI,rooftop,meet-recording/data_sheets_historical/mangal all data sheet/PTM ROOFTOP/TMV ROOFTOP- PTM - OCTOBER 2025.xlsx,
2025-10-21 23:47:03,1192.0,0.0,0.0,1192.0,YESAP52951809742,2025-10-22 04:51:33,UPI,rooftop,meet-recording/data_sheets_historical/mangal all data sheet/PTM ROOFTOP/TMV ROOFTOP- PTM - OCTOBER 2025.xlsx,
2025-10-21 23:50:08,3073.0,46.1,8.3,3018.6,YESAP52951809742,2025-10-22 04:51:33,CREDIT_CARD,rooftop,meet-recording/data_sheets_historical/mangal all data sheet/PTM ROOFTOP/TMV ROOFTOP- PTM - OCTOBER 2025.xlsx,
,,,,,,,,rooftop,meet-recording/data_sheets_historical/mangal all data sheet/PTM ROOFTOP/TMV ROOFTOP- PTM - OCTOBER 2025.xlsx,
2025-10-22 08:31:21,180.0,0.0,0.0,180.0,YESAP52961191621,2025-10-23 04:24:27,UPI,rooftop,meet-recording/data_sheets_historical/mangal all data sheet/PTM ROOFTOP/TMV ROOFTOP- PTM - OCTOBER 2025.xlsx,
2025-10-22 12:06:44,249.0,0.0,0.0,249.0,YESAP52961191621,2025-10-23 04:24:27,UPI,rooftop,meet-recording/data_sheets_historical/mangal all data sheet/PTM ROOFTOP/TMV ROOFTOP- PTM - OCTOBER 2025.xlsx,
2025-10-22 12:30:59,248.0,0.0,0.0,248.0,YESAP52961191621,2025-10-23 04:24:27,UPI,rooftop,meet-recording/data_sheets_historical/mangal all data sheet/PTM ROOFTOP/TMV ROOFTOP- PTM - OCTOBER 2025.xlsx,
2025-10-22 12:47:14,60.0,0.0,0.0,60.0,YESAP52961191621,2025-10-23 04:24:27,UPI,rooftop,meet-recording/data_sheets_historical/mangal all data sheet/PTM ROOFTOP/TMV ROOFTOP- PTM - OCTOBER 2025.xlsx,
2025-10-22 14:02:03,888.0,0.0,0.0,888.0,YESAP52961191621,2025-10-23 04:24:27,UPI,rooftop,meet-recording/data_sheets_historical/mangal all data sheet/PTM ROOFTOP/TMV ROOFTOP- PTM - OCTOBER 2025.xlsx,
2025-10-22 14:11:31,867.0,0.0,0.0,867.0,YESAP52961191621,2025-10-23 04:24:27,UPI,rooftop,meet-recording/data_sheets_historical/mangal all data sheet/PTM ROOFTOP/TMV ROOFTOP- PTM - OCTOBER 2025.xlsx,
2025-10-22 14:20:12,758.0,17.06,3.07,737.87,YESAP52961191621,2025-10-23 04:24:27,UPI_CREDIT_CARD,rooftop,meet-recording/data_sheets_historical/mangal all data sheet/PTM ROOFTOP/TMV ROOFTOP- PTM - OCTOBER 2025.xlsx,
2025-10-22 14:20:31,687.0,0.0,0.0,687.0,YESAP52961191621,2025-10-23 04:24:27,UPI,rooftop,meet-recording/data_sheets_historical/mangal all data sheet/PTM ROOFTOP/TMV ROOFTOP- PTM - OCTOBER 2025.xlsx,
2025-10-22 15:01:29,1815.0,0.0,0.0,1815.0,YESAP52961191621,2025-10-23 04:24:27,UPI,rooftop,meet-recording/data_sheets_historical/mangal all data sheet/PTM ROOFTOP/TMV ROOFTOP- PTM - OCTOBER 2025.xlsx,
2025-10-22 15:56:41,60.0,0.0,0.0,60.0,YESAP52961191621,2025-10-23 04:24:27,UPI,rooftop,meet-recording/data_sheets_historical/mangal all data sheet/PTM ROOFTOP/TMV ROOFTOP- PTM - OCTOBER 2025.xlsx,
2025-10-22 19:40:24,811.0,18.25,3.29,789.46,YESAP52961191621,2025-10-23 04:24:27,UPI_CREDIT_CARD,rooftop,meet-recording/data_sheets_historical/mangal all data sheet/PTM ROOFTOP/TMV ROOFTOP- PTM - OCTOBER 2025.xlsx,
2025-10-22 20:23:05,130.0,0.0,0.0,130.0,YESAP52961191621,2025-10-23 04:24:27,UPI,rooftop,meet-recording/data_sheets_historical/mangal all data sheet/PTM ROOFTOP/TMV ROOFTOP- PTM - OCTOBER 2025.xlsx,
2025-10-22 20:46:29,1117.0,0.0,0.0,1117.0,YESAP52961191621,2025-10-23 04:24:27,UPI,rooftop,meet-recording/data_sheets_historical/mangal all data sheet/PTM ROOFTOP/TMV ROOFTOP- PTM - OCTOBER 2025.xlsx,
2025-10-22 21:06:02,133.0,0.0,0.0,133.0,YESAP52961191621,2025-10-23 04:24:27,UPI,rooftop,meet-recording/data_sheets_historical/mangal all data sheet/PTM ROOFTOP/TMV ROOFTOP- PTM - OCTOBER 2025.xlsx,
2025-10-22 21:47:59,607.0,0.0,0.0,607.0,YESAP52961191621,2025-10-23 04:24:27,UPI,rooftop,meet-recording/data_sheets_historical/mangal all data sheet/PTM ROOFTOP/TMV ROOFTOP- PTM - OCTOBER 2025.xlsx,
2025-10-22 21:48:04,1316.0,0.0,0.0,1316.0,YESAP52961191621,2025-10-23 04:24:27,UPI,rooftop,meet-recording/data_sheets_historical/mangal all data sheet/PTM ROOFTOP/TMV ROOFTOP- PTM - OCTOBER 2025.xlsx,
2025-10-22 22:33:54,1012.0,15.18,2.73,994.09,YESAP52961191621,2025-10-23 04:24:27,CREDIT_CARD,rooftop,meet-recording/data_sheets_historical/mangal all data sheet/PTM ROOFTOP/TMV ROOFTOP- PTM - OCTOBER 2025.xlsx,
2025-10-22 22:35:04,1399.0,5.6,1.01,1392.39,YESAP52961191621,2025-10-23 04:24:27,DEBIT_CARD,rooftop,meet-recording/data_sheets_historical/mangal all data sheet/PTM ROOFTOP/TMV ROOFTOP- PTM - OCTOBER 2025.xlsx,
2025-10-22 22:43:01,848.0,0.0,0.0,848.0,YESAP52961191621,2025-10-23 04:24:27,UPI,rooftop,meet-recording/data_sheets_historical/mangal all data sheet/PTM ROOFTOP/TMV ROOFTOP- PTM - OCTOBER 2025.xlsx,
2025-10-22 22:48:25,568.0,0.0,0.0,568.0,YESAP52961191621,2025-10-23 04:24:27,UPI,rooftop,meet-recording/data_sheets_historical/mangal all data sheet/PTM ROOFTOP/TMV ROOFTOP- PTM - OCTOBER 2025.xlsx,
2025-10-22 22:56:01,4672.0,0.0,0.0,4672.0,YESAP52961191621,2025-10-23 04:24:27,UPI,rooftop,meet-recording/data_sheets_historical/mangal all data sheet/PTM ROOFTOP/TMV ROOFTOP- PTM - OCTOBER 2025.xlsx,
2025-10-22 23:22:06,40.0,0.0,0.0,40.0,YESAP52961191621,2025-10-23 04:24:27,UPI,rooftop,meet-recording/data_sheets_historical/mangal all data sheet/PTM ROOFTOP/TMV ROOFTOP- PTM - OCTOBER 2025.xlsx,
2025-10-22 23:25:48,120.0,0.0,0.0,120.0,YESAP52961191621,2025-10-23 04:24:27,UPI,rooftop,meet-recording/data_sheets_historical/mangal all data sheet/PTM ROOFTOP/TMV ROOFTOP- PTM - OCTOBER 2025.xlsx,
2025-10-22 23:32:02,269.0,0.0,0.0,269.0,YESAP52961191621,2025-10-23 04:24:27,UPI,rooftop,meet-recording/data_sheets_historical/mangal all data sheet/PTM ROOFTOP/TMV ROOFTOP- PTM - OCTOBER 2025.xlsx,
,,,,,,,,rooftop,meet-recording/data_sheets_historical/mangal all data sheet/PTM ROOFTOP/TMV ROOFTOP- PTM - OCTOBER 2025.xlsx,
2025-10-23 08:04:11,180.0,0.0,0.0,180.0,YESAP52970972396,2025-10-24 05:49:49,UPI,rooftop,meet-recording/data_sheets_historical/mangal all data sheet/PTM ROOFTOP/TMV ROOFTOP- PTM - OCTOBER 2025.xlsx,
2025-10-23 08:10:30,60.0,0.0,0.0,60.0,YESAP52970972396,2025-10-24 05:49:49,UPI,rooftop,meet-recording/data_sheets_historical/mangal all data sheet/PTM ROOFTOP/TMV ROOFTOP- PTM - OCTOBER 2025.xlsx,
2025-10-23 09:01:21,450.0,0.0,0.0,450.0,YESAP52970972396,2025-10-24 05:49:49,UPI,rooftop,meet-recording/data_sheets_historical/mangal all data sheet/PTM ROOFTOP/TMV ROOFTOP- PTM - OCTOBER 2025.xlsx,
2025-10-23 10:10:20,20.0,0.0,0.0,20.0,YESAP52970972396,2025-10-24 05:49:49,UPI,rooftop,meet-recording/data_sheets_historical/mangal all data sheet/PTM ROOFTOP/TMV ROOFTOP- PTM - OCTOBER 2025.xlsx,
2025-10-23 10:18:55,20.0,0.0,0.0,20.0,YESAP52970972396,2025-10-24 05:49:49,UPI,rooftop,meet-recording/data_sheets_historical/mangal all data sheet/PTM ROOFTOP/TMV ROOFTOP- PTM - OCTOBER 2025.xlsx,
2025-10-23 15:30:47,594.0,13.37,2.41,578.22,YESAP52970972396,2025-10-24 05:49:49,UPI_CREDIT_CARD,rooftop,meet-recording/data_sheets_historical/mangal all data sheet/PTM ROOFTOP/TMV ROOFTOP- PTM - OCTOBER 2025.xlsx,
2025-10-23 20:08:55,1627.0,35.79,6.44,1584.77,YESAP52970972396,2025-10-24 05:49:49,DEBIT_CARD,rooftop,meet-recording/data_sheets_historical/mangal all data sheet/PTM ROOFTOP/TMV ROOFTOP- PTM - OCTOBER 2025.xlsx,
2025-10-23 20:37:39,818.0,0.0,0.0,818.0,YESAP52970972396,2025-10-24 05:49:49,UPI,rooftop,meet-recording/data_sheets_historical/mangal all data sheet/PTM ROOFTOP/TMV ROOFTOP- PTM - OCTOBER 2025.xlsx,
2025-10-23 20:39:30,574.0,0.0,0.0,574.0,YESAP52970972396,2025-10-24 05:49:49,UPI,rooftop,meet-recording/data_sheets_historical/mangal all data sheet/PTM ROOFTOP/TMV ROOFTOP- PTM - OCTOBER 2025.xlsx,
2025-10-23 20:42:24,987.0,0.0,0.0,987.0,YESAP52970972396,2025-10-24 05:49:49,UPI,rooftop,meet-recording/data_sheets_historical/mangal all data sheet/PTM ROOFTOP/TMV ROOFTOP- PTM - OCTOBER 2025.xlsx,
2025-10-23 20:43:37,444.0,0.0,0.0,444.0,YESAP52970972396,2025-10-24 05:49:49,UPI,rooftop,meet-recording/data_sheets_historical/mangal all data sheet/PTM ROOFTOP/TMV ROOFTOP- PTM - OCTOBER 2025.xlsx,
2025-10-23 21:18:00,860.0,0.0,0.0,860.0,YESAP52970972396,2025-10-24 05:49:49,UPI,rooftop,meet-recording/data_sheets_historical/mangal all data sheet/PTM ROOFTOP/TMV ROOFTOP- PTM - OCTOBER 2025.xlsx,
2025-10-23 21:29:54,2273.0,0.0,0.0,2273.0,YESAP52970972396,2025-10-24 05:49:49,UPI,rooftop,meet-recording/data_sheets_historical/mangal all data sheet/PTM ROOFTOP/TMV ROOFTOP- PTM - OCTOBER 2025.xlsx,
2025-10-23 21:30:25,63.0,0.0,0.0,63.0,YESAP52970972396,2025-10-24 05:49:49,UPI,rooftop,meet-recording/data_sheets_historical/mangal all data sheet/PTM ROOFTOP/TMV ROOFTOP- PTM - OCTOBER 2025.xlsx,
2025-10-23 21:50:38,646.0,0.0,0.0,646.0,YESAP52970972396,2025-10-24 05:49:49,UPI,rooftop,meet-recording/data_sheets_historical/mangal all data sheet/PTM ROOFTOP/TMV ROOFTOP- PTM - OCTOBER 2025.xlsx,
2025-10-23 21:57:28,5031.0,0.0,0.0,5031.0,YESAP52970972396,2025-10-24 05:49:49,UPI,rooftop,meet-recording/data_sheets_historical/mangal all data sheet/PTM ROOFTOP/TMV ROOFTOP- PTM - OCTOBER 2025.xlsx,
2025-10-23 22:01:04,538.0,0.0,0.0,538.0,YESAP52970972396,2025-10-24 05:49:49,UPI,rooftop,meet-recording/data_sheets_historical/mangal all data sheet/PTM ROOFTOP/TMV ROOFTOP- PTM - OCTOBER 2025.xlsx,
2025-10-23 22:03:24,3051.0,45.77,8.24,2996.99,YESAP52970972396,2025-10-24 05:49:49,CREDIT_CARD,rooftop,meet-recording/data_sheets_historical/mangal all data sheet/PTM ROOFTOP/TMV ROOFTOP- PTM - OCTOBER 2025.xlsx,
2025-10-23 22:42:12,249.0,0.0,0.0,249.0,YESAP52970972396,2025-10-24 05:49:49,UPI,rooftop,meet-recording/data_sheets_historical/mangal all data sheet/PTM ROOFTOP/TMV ROOFTOP- PTM - OCTOBER 2025.xlsx,
2025-10-23 22:59:30,2299.0,34.49,6.21,2258.3,YESAP52970972396,2025-10-24 05:49:49,CREDIT_CARD,rooftop,meet-recording/data_sheets_historical/mangal all data sheet/PTM ROOFTOP/TMV ROOFTOP- PTM - OCTOBER 2025.xlsx,
2025-10-23 23:13:10,1952.0,0.0,0.0,1952.0,YESAP52970972396,2025-10-24 05:49:49,UPI,rooftop,meet-recording/data_sheets_historical/mangal all data sheet/PTM ROOFTOP/TMV ROOFTOP- PTM - OCTOBER 2025.xlsx,
2025-10-23 23:14:42,70.0,0.0,0.0,70.0,YESAP52970972396,2025-10-24 05:49:49,UPI,rooftop,meet-recording/data_sheets_historical/mangal all data sheet/PTM ROOFTOP/TMV ROOFTOP- PTM - OCTOBER 2025.xlsx,
2025-10-23 23:24:49,45.0,0.0,0.0,45.0,YESAP52970972396,2025-10-24 05:49:49,UPI,rooftop,meet-recording/data_sheets_historical/mangal all data sheet/PTM ROOFTOP/TMV ROOFTOP- PTM - OCTOBER 2025.xlsx,
,,,,,,,,rooftop,meet-recording/data_sheets_historical/mangal all data sheet/PTM ROOFTOP/TMV ROOFTOP- PTM - OCTOBER 2025.xlsx,
2025-10-24 09:08:41,120.0,0.0,0.0,120.0,YESAP52981219969,2025-10-25 04:22:38,UPI,rooftop,meet-recording/data_sheets_historical/mangal all data sheet/PTM ROOFTOP/TMV ROOFTOP- PTM - OCTOBER 2025.xlsx,
2025-10-24 14:35:39,1262.0,0.0,0.0,1262.0,YESAP52981219969,2025-10-25 04:22:38,UPI,rooftop,meet-recording/data_sheets_historical/mangal all data sheet/PTM ROOFTOP/TMV ROOFTOP- PTM - OCTOBER 2025.xlsx,
2025-10-24 15:18:53,38.0,0.0,0.0,38.0,YESAP52981219969,2025-10-25 04:22:38,UPI,rooftop,meet-recording/data_sheets_historical/mangal all data sheet/PTM ROOFTOP/TMV ROOFTOP- PTM - OCTOBER 2025.xlsx,
2025-10-24 15:28:27,2981.0,0.0,0.0,2981.0,YESAP52981219969,2025-10-25 04:22:38,UPI,rooftop,meet-recording/data_sheets_historical/mangal all data sheet/PTM ROOFTOP/TMV ROOFTOP- PTM - OCTOBER 2025.xlsx,
2025-10-24 16:04:37,249.0,5.6,1.01,242.39,YESAP52981219969,2025-10-25 04:22:38,UPI_CREDIT_CARD,rooftop,meet-recording/data_sheets_historical/mangal all data sheet/PTM ROOFTOP/TMV ROOFTOP- PTM - OCTOBER 2025.xlsx,
2025-10-24 16:16:06,1088.0,0.0,0.0,1088.0,YESAP52981219969,2025-10-25 04:22:38,UPI,rooftop,meet-recording/data_sheets_historical/mangal all data sheet/PTM ROOFTOP/TMV ROOFTOP- PTM - OCTOBER 2025.xlsx,
2025-10-24 19:58:05,2144.0,0.0,0.0,2144.0,YESAP52981219969,2025-10-25 04:22:38,UPI,rooftop,meet-recording/data_sheets_historical/mangal all data sheet/PTM ROOFTOP/TMV ROOFTOP- PTM - OCTOBER 2025.xlsx,
2025-10-24 19:59:42,60.0,0.0,0.0,60.0,YESAP52981219969,2025-10-25 04:22:38,UPI,rooftop,meet-recording/data_sheets_historical/mangal all data sheet/PTM ROOFTOP/TMV ROOFTOP- PTM - OCTOBER 2025.xlsx,
2025-10-24 20:18:26,180.0,0.0,0.0,180.0,YESAP52981219969,2025-10-25 04:22:38,UPI,rooftop,meet-recording/data_sheets_historical/mangal all data sheet/PTM ROOFTOP/TMV ROOFTOP- PTM - OCTOBER 2025.xlsx,
2025-10-24 20:39:33,847.0,0.0,0.0,847.0,YESAP52981219969,2025-10-25 04:22:38,UPI,rooftop,meet-recording/data_sheets_historical/mangal all data sheet/PTM ROOFTOP/TMV ROOFTOP- PTM - OCTOBER 2025.xlsx,
2025-10-24 20:53:16,1262.0,0.0,0.0,1262.0,YESAP52981219969,2025-10-25 04:22:38,UPI,rooftop,meet-recording/data_sheets_historical/mangal all data sheet/PTM ROOFTOP/TMV ROOFTOP- PTM - OCTOBER 2025.xlsx,
2025-10-24 21:28:24,1217.0,0.0,0.0,1217.0,YESAP52981219969,2025-10-25 04:22:38,UPI,rooftop,meet-recording/data_sheets_historical/mangal all data sheet/PTM ROOFTOP/TMV ROOFTOP- PTM - OCTOBER 2025.xlsx,
2025-10-24 21:47:39,708.0,0.0,0.0,708.0,YESAP52981219969,2025-10-25 04:22:38,UPI,rooftop,meet-recording/data_sheets_historical/mangal all data sheet/PTM ROOFTOP/TMV ROOFTOP- PTM - OCTOBER 2025.xlsx,
2025-10-24 21:49:23,369.0,0.0,0.0,369.0,YESAP52981219969,2025-10-25 04:22:38,UPI,rooftop,meet-recording/data_sheets_historical/mangal all data sheet/PTM ROOFTOP/TMV ROOFTOP- PTM - OCTOBER 2025.xlsx,
2025-10-24 21:59:07,808.0,0.0,0.0,808.0,YESAP52981219969,2025-10-25 04:22:38,UPI,rooftop,meet-recording/data_sheets_historical/mangal all data sheet/PTM ROOFTOP/TMV ROOFTOP- PTM - OCTOBER 2025.xlsx,
2025-10-24 22:05:33,1684.0,0.0,0.0,1684.0,YESAP52981219969,2025-10-25 04:22:38,UPI,rooftop,meet-recording/data_sheets_historical/mangal all data sheet/PTM ROOFTOP/TMV ROOFTOP- PTM - OCTOBER 2025.xlsx,
2025-10-24 22:12:23,688.0,0.0,0.0,688.0,YESAP52981219969,2025-10-25 04:22:38,UPI,rooftop,meet-recording/data_sheets_historical/mangal all data sheet/PTM ROOFTOP/TMV ROOFTOP- PTM - OCTOBER 2025.xlsx,
2025-10-24 22:27:37,986.0,0.0,0.0,986.0,YESAP52981219969,2025-10-25 04:22:38,UPI,rooftop,meet-recording/data_sheets_historical/mangal all data sheet/PTM ROOFTOP/TMV ROOFTOP- PTM - OCTOBER 2025.xlsx,
2025-10-24 22:29:36,299.0,0.0,0.0,299.0,YESAP52981219969,2025-10-25 04:22:38,UPI,rooftop,meet-recording/data_sheets_historical/mangal all data sheet/PTM ROOFTOP/TMV ROOFTOP- PTM - OCTOBER 2025.xlsx,
2025-10-24 22:49:46,1645.0,0.0,0.0,1645.0,YESAP52981219969,2025-10-25 04:22:38,UPI,rooftop,meet-recording/data_sheets_historical/mangal all data sheet/PTM ROOFTOP/TMV ROOFTOP- PTM - OCTOBER 2025.xlsx,
2025-10-24 23:09:46,2071.0,0.0,0.0,2071.0,YESAP52981219969,2025-10-25 04:22:38,UPI,rooftop,meet-recording/data_sheets_historical/mangal all data sheet/PTM ROOFTOP/TMV ROOFTOP- PTM - OCTOBER 2025.xlsx,
2025-10-24 23:19:26,2929.0,0.0,0.0,2929.0,YESAP52981219969,2025-10-25 04:22:38,UPI,rooftop,meet-recording/data_sheets_historical/mangal all data sheet/PTM ROOFTOP/TMV ROOFTOP- PTM - OCTOBER 2025.xlsx,
,,,,,,,,rooftop,meet-recording/data_sheets_historical/mangal all data sheet/PTM ROOFTOP/TMV ROOFTOP- PTM - OCTOBER 2025.xlsx,
2025-10-25 14:11:04,399.0,8.98,1.62,388.4,YESAP52990068962,2025-10-26 03:11:53,UPI_CREDIT_CARD,rooftop,meet-recording/data_sheets_historical/mangal all data sheet/PTM ROOFTOP/TMV ROOFTOP- PTM - OCTOBER 2025.xlsx,
2025-10-25 14:42:37,249.0,5.6,1.01,242.39,YESAP52990068962,2025-10-26 03:11:53,UPI_CREDIT_CARD,rooftop,meet-recording/data_sheets_historical/mangal all data sheet/PTM ROOFTOP/TMV ROOFTOP- PTM - OCTOBER 2025.xlsx,
2025-10-25 15:31:03,1231.0,0.0,0.0,1231.0,YESAP52990068962,2025-10-26 03:11:53,UPI,rooftop,meet-recording/data_sheets_historical/mangal all data sheet/PTM ROOFTOP/TMV ROOFTOP- PTM - OCTOBER 2025.xlsx,
2025-10-25 17:18:28,300.0,0.0,0.0,300.0,YESAP52990068962,2025-10-26 03:11:53,UPI,rooftop,meet-recording/data_sheets_historical/mangal all data sheet/PTM ROOFTOP/TMV ROOFTOP- PTM - OCTOBER 2025.xlsx,
2025-10-25 20:28:44,3000.0,0.0,0.0,3000.0,YESAP52990068962,2025-10-26 03:11:53,UPI,rooftop,meet-recording/data_sheets_historical/mangal all data sheet/PTM ROOFTOP/TMV ROOFTOP- PTM - OCTOBER 2025.xlsx,
2025-10-25 20:45:16,1100.0,0.0,0.0,1100.0,YESAP52990068962,2025-10-26 03:11:53,UPI,rooftop,meet-recording/data_sheets_historical/mangal all data sheet/PTM ROOFTOP/TMV ROOFTOP- PTM - OCTOBER 2025.xlsx,
2025-10-25 20:56:09,1814.0,0.0,0.0,1814.0,YESAP52990068962,2025-10-26 03:11:53,UPI,rooftop,meet-recording/data_sheets_historical/mangal all data sheet/PTM ROOFTOP/TMV ROOFTOP- PTM - OCTOBER 2025.xlsx,
2025-10-25 21:03:24,1814.0,0.0,0.0,1814.0,YESAP52990068962,2025-10-26 03:11:53,UPI,rooftop,meet-recording/data_sheets_historical/mangal all data sheet/PTM ROOFTOP/TMV ROOFTOP- PTM - OCTOBER 2025.xlsx,
2025-10-25 21:26:22,479.0,0.0,0.0,479.0,YESAP52990068962,2025-10-26 03:11:53,UPI,rooftop,meet-recording/data_sheets_historical/mangal all data sheet/PTM ROOFTOP/TMV ROOFTOP- PTM - OCTOBER 2025.xlsx,
2025-10-25 21:45:53,2391.0,21.52,3.87,2365.61,YESAP52990068962,2025-10-26 03:11:53,DEBIT_CARD,rooftop,meet-recording/data_sheets_historical/mangal all data sheet/PTM ROOFTOP/TMV ROOFTOP- PTM - OCTOBER 2025.xlsx,
2025-10-25 21:50:48,1466.0,0.0,0.0,1466.0,YESAP52990068962,2025-10-26 03:11:53,UPI,rooftop,meet-recording/data_sheets_historical/mangal all data sheet/PTM ROOFTOP/TMV ROOFTOP- PTM - OCTOBER 2025.xlsx,
2025-10-25 22:18:24,3419.0,30.77,5.54,3382.69,YESAP52990068962,2025-10-26 03:11:53,DEBIT_CARD,rooftop,meet-recording/data_sheets_historical/mangal all data sheet/PTM ROOFTOP/TMV ROOFTOP- PTM - OCTOBER 2025.xlsx,
2025-10-25 22:34:43,2930.0,0.0,0.0,2930.0,YESAP52990068962,2025-10-26 03:11:53,UPI,rooftop,meet-recording/data_sheets_historical/mangal all data sheet/PTM ROOFTOP/TMV ROOFTOP- PTM - OCTOBER 2025.xlsx,
2025-10-25 22:39:12,1509.0,0.0,0.0,1509.0,YESAP52990068962,2025-10-26 03:11:53,UPI,rooftop,meet-recording/data_sheets_historical/mangal all data sheet/PTM ROOFTOP/TMV ROOFTOP- PTM - OCTOBER 2025.xlsx,
2025-10-25 22:40:26,80.0,0.0,0.0,80.0,YESAP52990068962,2025-10-26 03:11:53,UPI,rooftop,meet-recording/data_sheets_historical/mangal all data sheet/PTM ROOFTOP/TMV ROOFTOP- PTM - OCTOBER 2025.xlsx,
2025-10-25 23:04:16,2774.0,0.0,0.0,2774.0,YESAP52990068962,2025-10-26 03:11:53,UPI,rooftop,meet-recording/data_sheets_historical/mangal all data sheet/PTM ROOFTOP/TMV ROOFTOP- PTM - OCTOBER 2025.xlsx,
,,,,,,,,rooftop,meet-recording/data_sheets_historical/mangal all data sheet/PTM ROOFTOP/TMV ROOFTOP- PTM - OCTOBER 2025.xlsx,
2025-10-26 09:10:35,300.0,0.0,0.0,300.0,YESAP53001174810,2025-10-27 04:06:46,UPI,rooftop,meet-recording/data_sheets_historical/mangal all data sheet/PTM ROOFTOP/TMV ROOFTOP- PTM - OCTOBER 2025.xlsx,
2025-10-26 10:25:04,140.0,0.0,0.0,140.0,YESAP53001174810,2025-10-27 04:06:46,UPI,rooftop,meet-recording/data_sheets_historical/mangal all data sheet/PTM ROOFTOP/TMV ROOFTOP- PTM - OCTOBER 2025.xlsx,
2025-10-26 14:55:36,1487.0,0.0,0.0,1487.0,YESAP53001174810,2025-10-27 04:06:46,UPI,rooftop,meet-recording/data_sheets_historical/mangal all data sheet/PTM ROOFTOP/TMV ROOFTOP- PTM - OCTOBER 2025.xlsx,
2025-10-26 15:46:56,1600.0,0.0,0.0,1600.0,YESAP53001174810,2025-10-27 04:06:46,UPI,rooftop,meet-recording/data_sheets_historical/mangal all data sheet/PTM ROOFTOP/TMV ROOFTOP- PTM - OCTOBER 2025.xlsx,
2025-10-26 16:47:07,299.0,0.0,0.0,299.0,YESAP53001174810,2025-10-27 04:06:46,UPI,rooftop,meet-recording/data_sheets_historical/mangal all data sheet/PTM ROOFTOP/TMV ROOFTOP- PTM - OCTOBER 2025.xlsx,
2025-10-26 17:42:26,718.0,0.0,0.0,718.0,YESAP53001174810,2025-10-27 04:06:46,UPI,rooftop,meet-recording/data_sheets_historical/mangal all data sheet/PTM ROOFTOP/TMV ROOFTOP- PTM - OCTOBER 2025.xlsx,
2025-10-26 19:05:16,338.0,0.0,0.0,338.0,YESAP53001174810,2025-10-27 04:06:46,UPI,rooftop,meet-recording/data_sheets_historical/mangal all data sheet/PTM ROOFTOP/TMV ROOFTOP- PTM - OCTOBER 2025.xlsx,
2025-10-26 20:02:42,599.0,0.0,0.0,599.0,YESAP53001174810,2025-10-27 04:06:46,UPI,rooftop,meet-recording/data_sheets_historical/mangal all data sheet/PTM ROOFTOP/TMV ROOFTOP- PTM - OCTOBER 2025.xlsx,
2025-10-26 20:20:02,807.0,0.0,0.0,807.0,YESAP53001174810,2025-10-27 04:06:46,UPI,rooftop,meet-recording/data_sheets_historical/mangal all data sheet/PTM ROOFTOP/TMV ROOFTOP- PTM - OCTOBER 2025.xlsx,
2025-10-26 21:10:19,1075.0,0.0,0.0,1075.0,YESAP53001174810,2025-10-27 04:06:46,UPI,rooftop,meet-recording/data_sheets_historical/mangal all data sheet/PTM ROOFTOP/TMV ROOFTOP- PTM - OCTOBER 2025.xlsx,
2025-10-26 21:19:00,619.0,0.0,0.0,619.0,YESAP53001174810,2025-10-27 04:06:46,UPI,rooftop,meet-recording/data_sheets_historical/mangal all data sheet/PTM ROOFTOP/TMV ROOFTOP- PTM - OCTOBER 2025.xlsx,
2025-10-26 21:32:01,1700.0,38.25,6.89,1654.86,YESAP53001174810,2025-10-27 04:06:46,UPI_CREDIT_CARD,rooftop,meet-recording/data_sheets_historical/mangal all data sheet/PTM ROOFTOP/TMV ROOFTOP- PTM - OCTOBER 2025.xlsx,
2025-10-26 21:57:53,1354.0,0.0,0.0,1354.0,YESAP53001174810,2025-10-27 04:06:46,UPI,rooftop,meet-recording/data_sheets_historical/mangal all data sheet/PTM ROOFTOP/TMV ROOFTOP- PTM - OCTOBER 2025.xlsx,
2025-10-26 21:58:35,349.0,0.0,0.0,349.0,YESAP53001174810,2025-10-27 04:06:46,UPI,rooftop,meet-recording/data_sheets_historical/mangal all data sheet/PTM ROOFTOP/TMV ROOFTOP- PTM - OCTOBER 2025.xlsx,
2025-10-26 22:00:04,3128.0,0.0,0.0,3128.0,YESAP53001174810,2025-10-27 04:06:46,UPI,rooftop,meet-recording/data_sheets_historical/mangal all data sheet/PTM ROOFTOP/TMV ROOFTOP- PTM - OCTOBER 2025.xlsx,
2025-10-26 22:28:15,1277.0,0.0,0.0,1277.0,YESAP53001174810,2025-10-27 04:06:46,UPI,rooftop,meet-recording/data_sheets_historical/mangal all data sheet/PTM ROOFTOP/TMV ROOFTOP- PTM - OCTOBER 2025.xlsx,
2025-10-26 22:50:45,3050.0,0.0,0.0,3050.0,YESAP53001174810,2025-10-27 04:06:46,UPI,rooftop,meet-recording/data_sheets_historical/mangal all data sheet/PTM ROOFTOP/TMV ROOFTOP- PTM - OCTOBER 2025.xlsx,
,,,,,,,,rooftop,meet-recording/data_sheets_historical/mangal all data sheet/PTM ROOFTOP/TMV ROOFTOP- PTM - OCTOBER 2025.xlsx,
2025-10-27 10:11:41,20.0,0.0,0.0,20.0,YESAP53011799286,2025-10-28 04:39:10,UPI,rooftop,meet-recording/data_sheets_historical/mangal all data sheet/PTM ROOFTOP/TMV ROOFTOP- PTM - OCTOBER 2025.xlsx,
2025-10-27 10:25:48,149.0,0.0,0.0,149.0,YESAP53011799286,2025-10-28 04:39:10,UPI,rooftop,meet-recording/data_sheets_historical/mangal all data sheet/PTM ROOFTOP/TMV ROOFTOP- PTM - OCTOBER 2025.xlsx,
2025-10-27 12:32:20,70.0,0.0,0.0,70.0,YESAP53011799286,2025-10-28 04:39:10,UPI,rooftop,meet-recording/data_sheets_historical/mangal all data sheet/PTM ROOFTOP/TMV ROOFTOP- PTM - OCTOBER 2025.xlsx,
2025-10-27 13:02:44,180.0,0.0,0.0,180.0,YESAP53011799286,2025-10-28 04:39:10,UPI,rooftop,meet-recording/data_sheets_historical/mangal all data sheet/PTM ROOFTOP/TMV ROOFTOP- PTM - OCTOBER 2025.xlsx,
2025-10-27 13:48:34,1156.0,0.0,0.0,1156.0,YESAP53011799286,2025-10-28 04:39:10,UPI,rooftop,meet-recording/data_sheets_historical/mangal all data sheet/PTM ROOFTOP/TMV ROOFTOP- PTM - OCTOBER 2025.xlsx,
2025-10-27 15:17:03,409.0,0.0,0.0,409.0,YESAP53011799286,2025-10-28 04:39:10,UPI,rooftop,meet-recording/data_sheets_historical/mangal all data sheet/PTM ROOFTOP/TMV ROOFTOP- PTM - OCTOBER 2025.xlsx,
2025-10-27 15:24:05,419.0,9.43,1.7,407.87,YESAP53011799286,2025-10-28 04:39:10,UPI_CREDIT_CARD,rooftop,meet-recording/data_sheets_historical/mangal all data sheet/PTM ROOFTOP/TMV ROOFTOP- PTM - OCTOBER 2025.xlsx,
2025-10-27 17:37:02,140.0,0.0,0.0,140.0,YESAP53011799286,2025-10-28 04:39:10,UPI,rooftop,meet-recording/data_sheets_historical/mangal all data sheet/PTM ROOFTOP/TMV ROOFTOP- PTM - OCTOBER 2025.xlsx,
2025-10-27 18:50:01,928.0,0.0,0.0,928.0,YESAP53011799286,2025-10-28 04:39:10,UPI,rooftop,meet-recording/data_sheets_historical/mangal all data sheet/PTM ROOFTOP/TMV ROOFTOP- PTM - OCTOBER 2025.xlsx,
2025-10-27 19:47:41,888.0,0.0,0.0,888.0,YESAP53011799286,2025-10-28 04:39:10,UPI,rooftop,meet-recording/data_sheets_historical/mangal all data sheet/PTM ROOFTOP/TMV ROOFTOP- PTM - OCTOBER 2025.xlsx,
2025-10-27 21:38:10,1376.0,0.0,0.0,1376.0,YESAP53011799286,2025-10-28 04:39:10,UPI,rooftop,meet-recording/data_sheets_historical/mangal all data sheet/PTM ROOFTOP/TMV ROOFTOP- PTM - OCTOBER 2025.xlsx,
2025-10-27 21:42:07,1237.0,0.0,0.0,1237.0,YESAP53011799286,2025-10-28 04:39:10,UPI,rooftop,meet-recording/data_sheets_historical/mangal all data sheet/PTM ROOFTOP/TMV ROOFTOP- PTM - OCTOBER 2025.xlsx,
2025-10-27 21:46:46,3102.0,46.53,8.38,3047.09,YESAP53011799286,2025-10-28 04:39:10,CREDIT_CARD,rooftop,meet-recording/data_sheets_historical/mangal all data sheet/PTM ROOFTOP/TMV ROOFTOP- PTM - OCTOBER 2025.xlsx,
2025-10-27 21:48:53,249.0,0.0,0.0,249.0,YESAP53011799286,2025-10-28 04:39:10,UPI,rooftop,meet-recording/data_sheets_historical/mangal all data sheet/PTM ROOFTOP/TMV ROOFTOP- PTM - OCTOBER 2025.xlsx,
2025-10-27 22:06:59,1943.0,29.15,5.25,1908.6,YESAP53011799286,2025-10-28 04:39:10,CREDIT_CARD,rooftop,meet-recording/data_sheets_historical/mangal all data sheet/PTM ROOFTOP/TMV ROOFTOP- PTM - OCTOBER 2025.xlsx,
2025-10-27 22:28:55,1644.0,0.0,0.0,1644.0,YESAP53011799286,2025-10-28 04:39:10,UPI,rooftop,meet-recording/data_sheets_historical/mangal all data sheet/PTM ROOFTOP/TMV ROOFTOP- PTM - OCTOBER 2025.xlsx,
2025-10-27 22:36:00,120.0,0.0,0.0,120.0,YESAP53011799286,2025-10-28 04:39:10,UPI,rooftop,meet-recording/data_sheets_historical/mangal all data sheet/PTM ROOFTOP/TMV ROOFTOP- PTM - OCTOBER 2025.xlsx,
,,,,,,,,rooftop,meet-recording/data_sheets_historical/mangal all data sheet/PTM ROOFTOP/TMV ROOFTOP- PTM - OCTOBER 2025.xlsx,
2025-10-28 08:28:23,180.0,0.0,0.0,180.0,YESAP53021422999,2025-10-29 03:38:01,UPI,rooftop,meet-recording/data_sheets_historical/mangal all data sheet/PTM ROOFTOP/TMV ROOFTOP- PTM - OCTOBER 2025.xlsx,
2025-10-28 09:24:38,320.0,7.2,1.3,311.5,YESAP53021422999,2025-10-29 03:38:01,UPI_CREDIT_CARD,rooftop,meet-recording/data_sheets_historical/mangal all data sheet/PTM ROOFTOP/TMV ROOFTOP- PTM - OCTOBER 2025.xlsx,
2025-10-28 13:26:25,250.0,0.0,0.0,250.0,YESAP53021422999,2025-10-29 03:38:01,UPI,rooftop,meet-recording/data_sheets_historical/mangal all data sheet/PTM ROOFTOP/TMV ROOFTOP- PTM - OCTOBER 2025.xlsx,
2025-10-28 14:21:42,439.0,0.0,0.0,439.0,YESAP53021422999,2025-10-29 03:38:01,UPI,rooftop,meet-recording/data_sheets_historical/mangal all data sheet/PTM ROOFTOP/TMV ROOFTOP- PTM - OCTOBER 2025.xlsx,
2025-10-28 15:51:27,917.0,0.0,0.0,917.0,YESAP53021422999,2025-10-29 03:38:01,UPI,rooftop,meet-recording/data_sheets_historical/mangal all data sheet/PTM ROOFTOP/TMV ROOFTOP- PTM - OCTOBER 2025.xlsx,
2025-10-28 17:39:59,120.0,0.0,0.0,120.0,YESAP53021422999,2025-10-29 03:38:01,UPI,rooftop,meet-recording/data_sheets_historical/mangal all data sheet/PTM ROOFTOP/TMV ROOFTOP- PTM - OCTOBER 2025.xlsx,
2025-10-28 17:55:19,120.0,0.0,0.0,120.0,YESAP53021422999,2025-10-29 03:38:01,UPI,rooftop,meet-recording/data_sheets_historical/mangal all data sheet/PTM ROOFTOP/TMV ROOFTOP- PTM - OCTOBER 2025.xlsx,
2025-10-28 18:58:23,478.0,0.0,0.0,478.0,YESAP53021422999,2025-10-29 03:38:01,UPI,rooftop,meet-recording/data_sheets_historical/mangal all data sheet/PTM ROOFTOP/TMV ROOFTOP- PTM - OCTOBER 2025.xlsx,
2025-10-28 20:44:11,1087.0,0.0,0.0,1087.0,YESAP53021422999,2025-10-29 03:38:01,UPI,rooftop,meet-recording/data_sheets_historical/mangal all data sheet/PTM ROOFTOP/TMV ROOFTOP- PTM - OCTOBER 2025.xlsx,
2025-10-28 20:44:42,448.0,0.0,0.0,448.0,YESAP53021422999,2025-10-29 03:38:01,UPI,rooftop,meet-recording/data_sheets_historical/mangal all data sheet/PTM ROOFTOP/TMV ROOFTOP- PTM - OCTOBER 2025.xlsx,
2025-10-28 20:45:16,80.0,0.0,0.0,80.0,YESAP53021422999,2025-10-29 03:38:01,UPI,rooftop,meet-recording/data_sheets_historical/mangal all data sheet/PTM ROOFTOP/TMV ROOFTOP- PTM - OCTOBER 2025.xlsx,
2025-10-28 21:02:08,3318.0,91.25,16.43,3210.32,YESAP53021422999,2025-10-29 03:38:01,CREDIT_CARD,rooftop,meet-recording/data_sheets_historical/mangal all data sheet/PTM ROOFTOP/TMV ROOFTOP- PTM - OCTOBER 2025.xlsx,
2025-10-28 21:31:06,216.0,0.0,0.0,216.0,YESAP53021422999,2025-10-29 03:38:01,UPI,rooftop,meet-recording/data_sheets_historical/mangal all data sheet/PTM ROOFTOP/TMV ROOFTOP- PTM - OCTOBER 2025.xlsx,
2025-10-28 21:50:45,946.0,0.0,0.0,946.0,YESAP53021422999,2025-10-29 03:38:01,UPI,rooftop,meet-recording/data_sheets_historical/mangal all data sheet/PTM ROOFTOP/TMV ROOFTOP- PTM - OCTOBER 2025.xlsx,
2025-10-28 21:57:47,1745.0,0.0,0.0,1745.0,YESAP53021422999,2025-10-29 03:38:01,UPI,rooftop,meet-recording/data_sheets_historical/mangal all data sheet/PTM ROOFTOP/TMV ROOFTOP- PTM - OCTOBER 2025.xlsx,
2025-10-28 22:02:26,658.0,0.0,0.0,658.0,YESAP53021422999,2025-10-29 03:38:01,UPI,rooftop,meet-recording/data_sheets_historical/mangal all data sheet/PTM ROOFTOP/TMV ROOFTOP- PTM - OCTOBER 2025.xlsx,
2025-10-28 22:05:07,100.0,2.25,0.41,97.34,YESAP53021422999,2025-10-29 03:38:01,UPI_CREDIT_CARD,rooftop,meet-recording/data_sheets_historical/mangal all data sheet/PTM ROOFTOP/TMV ROOFTOP- PTM - OCTOBER 2025.xlsx,
2025-10-28 22:09:07,329.0,0.0,0.0,329.0,YESAP53021422999,2025-10-29 03:38:01,UPI,rooftop,meet-recording/data_sheets_historical/mangal all data sheet/PTM ROOFTOP/TMV ROOFTOP- PTM - OCTOBER 2025.xlsx,
2025-10-28 22:28:32,827.0,0.0,0.0,827.0,YESAP53021422999,2025-10-29 03:38:01,UPI,rooftop,meet-recording/data_sheets_historical/mangal all data sheet/PTM ROOFTOP/TMV ROOFTOP- PTM - OCTOBER 2025.xlsx,
2025-10-28 23:01:38,1162.0,0.0,0.0,1162.0,YESAP53021422999,2025-10-29 03:38:01,UPI,rooftop,meet-recording/data_sheets_historical/mangal all data sheet/PTM ROOFTOP/TMV ROOFTOP- PTM - OCTOBER 2025.xlsx,
,,,,,,,,rooftop,meet-recording/data_sheets_historical/mangal all data sheet/PTM ROOFTOP/TMV ROOFTOP- PTM - OCTOBER 2025.xlsx,
2025-10-29 09:27:25,600.0,0.0,0.0,600.0,YESAP53030129746,2025-10-30 02:12:01,UPI,rooftop,meet-recording/data_sheets_historical/mangal all data sheet/PTM ROOFTOP/TMV ROOFTOP- PTM - OCTOBER 2025.xlsx,
2025-10-29 09:55:41,40.0,0.9,0.16,38.94,YESAP53030129746,2025-10-30 02:12:01,UPI_CREDIT_CARD,rooftop,meet-recording/data_sheets_historical/mangal all data sheet/PTM ROOFTOP/TMV ROOFTOP- PTM - OCTOBER 2025.xlsx,
2025-10-29 11:06:45,99.0,0.0,0.0,99.0,YESAP53030129746,2025-10-30 02:12:01,UPI,rooftop,meet-recording/data_sheets_historical/mangal all data sheet/PTM ROOFTOP/TMV ROOFTOP- PTM - OCTOBER 2025.xlsx,
2025-10-29 11:33:58,130.0,0.0,0.0,130.0,YESAP53030129746,2025-10-30 02:12:01,UPI,rooftop,meet-recording/data_sheets_historical/mangal all data sheet/PTM ROOFTOP/TMV ROOFTOP- PTM - OCTOBER 2025.xlsx,
2025-10-29 13:49:12,1347.0,0.0,0.0,1347.0,YESAP53030129746,2025-10-30 02:12:01,UPI,rooftop,meet-recording/data_sheets_historical/mangal all data sheet/PTM ROOFTOP/TMV ROOFTOP- PTM - OCTOBER 2025.xlsx,
2025-10-29 14:04:16,808.0,12.12,2.18,793.7,YESAP53030129746,2025-10-30 02:12:01,CREDIT_CARD,rooftop,meet-recording/data_sheets_historical/mangal all data sheet/PTM ROOFTOP/TMV ROOFTOP- PTM - OCTOBER 2025.xlsx,
2025-10-29 14:09:24,459.0,0.0,0.0,459.0,YESAP53030129746,2025-10-30 02:12:01,UPI,rooftop,meet-recording/data_sheets_historical/mangal all data sheet/PTM ROOFTOP/TMV ROOFTOP- PTM - OCTOBER 2025.xlsx,
2025-10-29 14:27:47,718.0,0.0,0.0,718.0,YESAP53030129746,2025-10-30 02:12:01,UPI,rooftop,meet-recording/data_sheets_historical/mangal all data sheet/PTM ROOFTOP/TMV ROOFTOP- PTM - OCTOBER 2025.xlsx,
2025-10-29 15:01:47,807.0,0.0,0.0,807.0,YESAP53030129746,2025-10-30 02:12:01,UPI,rooftop,meet-recording/data_sheets_historical/mangal all data sheet/PTM ROOFTOP/TMV ROOFTOP- PTM - OCTOBER 2025.xlsx,
2025-10-29 15:21:19,1467.0,0.0,0.0,1467.0,YESAP53030129746,2025-10-30 02:12:01,UPI,rooftop,meet-recording/data_sheets_historical/mangal all data sheet/PTM ROOFTOP/TMV ROOFTOP- PTM - OCTOBER 2025.xlsx,
2025-10-29 16:01:03,1395.0,0.0,0.0,1395.0,YESAP53030129746,2025-10-30 02:12:01,UPI,rooftop,meet-recording/data_sheets_historical/mangal all data sheet/PTM ROOFTOP/TMV ROOFTOP- PTM - OCTOBER 2025.xlsx,
2025-10-29 16:42:34,1910.0,0.0,0.0,1910.0,YESAP53030129746,2025-10-30 02:12:01,UPI,rooftop,meet-recording/data_sheets_historical/mangal all data sheet/PTM ROOFTOP/TMV ROOFTOP- PTM - OCTOBER 2025.xlsx,
2025-10-29 18:12:27,120.0,0.0,0.0,120.0,YESAP53030129746,2025-10-30 02:12:01,UPI,rooftop,meet-recording/data_sheets_historical/mangal all data sheet/PTM ROOFTOP/TMV ROOFTOP- PTM - OCTOBER 2025.xlsx,
2025-10-29 19:04:55,120.0,0.0,0.0,120.0,YESAP53030129746,2025-10-30 02:12:01,UPI,rooftop,meet-recording/data_sheets_historical/mangal all data sheet/PTM ROOFTOP/TMV ROOFTOP- PTM - OCTOBER 2025.xlsx,
2025-10-29 20:05:14,1545.0,0.0,0.0,1545.0,YESAP53030129746,2025-10-30 02:12:01,UPI,rooftop,meet-recording/data_sheets_historical/mangal all data sheet/PTM ROOFTOP/TMV ROOFTOP- PTM - OCTOBER 2025.xlsx,
2025-10-29 20:42:57,938.0,0.0,0.0,938.0,YESAP53030129746,2025-10-30 02:12:01,UPI_LITE,rooftop,meet-recording/data_sheets_historical/mangal all data sheet/PTM ROOFTOP/TMV ROOFTOP- PTM - OCTOBER 2025.xlsx,
2025-10-29 20:55:26,1187.0,0.0,0.0,1187.0,YESAP53030129746,2025-10-30 02:12:01,UPI,rooftop,meet-recording/data_sheets_historical/mangal all data sheet/PTM ROOFTOP/TMV ROOFTOP- PTM - OCTOBER 2025.xlsx,
2025-10-29 21:01:00,424.0,0.0,0.0,424.0,YESAP53030129746,2025-10-30 02:12:01,UPI,rooftop,meet-recording/data_sheets_historical/mangal all data sheet/PTM ROOFTOP/TMV ROOFTOP- PTM - OCTOBER 2025.xlsx,
2025-10-29 21:05:41,1496.0,0.0,0.0,1496.0,YESAP53030129746,2025-10-30 02:12:01,UPI,rooftop,meet-recording/data_sheets_historical/mangal all data sheet/PTM ROOFTOP/TMV ROOFTOP- PTM - OCTOBER 2025.xlsx,
2025-10-29 21:35:13,20.0,0.0,0.0,20.0,YESAP53030129746,2025-10-30 02:12:01,UPI,rooftop,meet-recording/data_sheets_historical/mangal all data sheet/PTM ROOFTOP/TMV ROOFTOP- PTM - OCTOBER 2025.xlsx,
2025-10-29 21:45:34,328.0,0.0,0.0,328.0,YESAP53030129746,2025-10-30 02:12:01,UPI,rooftop,meet-recording/data_sheets_historical/mangal all data sheet/PTM ROOFTOP/TMV ROOFTOP- PTM - OCTOBER 2025.xlsx,
2025-10-29 22:22:28,60.0,0.0,0.0,60.0,YESAP53030129746,2025-10-30 02:12:01,UPI,rooftop,meet-recording/data_sheets_historical/mangal all data sheet/PTM ROOFTOP/TMV ROOFTOP- PTM - OCTOBER 2025.xlsx,
2025-10-29 22:24:10,1676.0,0.0,0.0,1676.0,YESAP53030129746,2025-10-30 02:12:01,UPI,rooftop,meet-recording/data_sheets_historical/mangal all data sheet/PTM ROOFTOP/TMV ROOFTOP- PTM - OCTOBER 2025.xlsx,
2025-10-29 22:34:15,3382.0,0.0,0.0,3382.0,YESAP53030129746,2025-10-30 02:12:01,UPI,rooftop,meet-recording/data_sheets_historical/mangal all data sheet/PTM ROOFTOP/TMV ROOFTOP- PTM - OCTOBER 2025.xlsx,
2025-10-29 23:05:35,608.0,9.12,1.64,597.24,YESAP53030129746,2025-10-30 02:12:01,CREDIT_CARD,rooftop,meet-recording/data_sheets_historical/mangal all data sheet/PTM ROOFTOP/TMV ROOFTOP- PTM - OCTOBER 2025.xlsx,
,,,,,,,,rooftop,meet-recording/data_sheets_historical/mangal all data sheet/PTM ROOFTOP/TMV ROOFTOP- PTM - OCTOBER 2025.xlsx,
2025-10-30 08:27:14,60.0,0.0,0.0,60.0,YESAP53042105252,2025-10-31 04:58:19,UPI,rooftop,meet-recording/data_sheets_historical/mangal all data sheet/PTM ROOFTOP/TMV ROOFTOP- PTM - OCTOBER 2025.xlsx,
2025-10-30 09:34:09,300.0,0.0,0.0,300.0,YESAP53042105252,2025-10-31 04:58:19,UPI,rooftop,meet-recording/data_sheets_historical/mangal all data sheet/PTM ROOFTOP/TMV ROOFTOP- PTM - OCTOBER 2025.xlsx,
2025-10-30 14:37:15,349.0,0.0,0.0,349.0,YESAP53042105252,2025-10-31 04:58:19,UPI,rooftop,meet-recording/data_sheets_historical/mangal all data sheet/PTM ROOFTOP/TMV ROOFTOP- PTM - OCTOBER 2025.xlsx,
2025-10-30 14:42:43,2140.0,0.0,0.0,2140.0,YESAP53042105252,2025-10-31 04:58:19,UPI,rooftop,meet-recording/data_sheets_historical/mangal all data sheet/PTM ROOFTOP/TMV ROOFTOP- PTM - OCTOBER 2025.xlsx,
2025-10-30 14:57:46,2943.0,66.22,11.92,2864.86,YESAP53042105252,2025-10-31 04:58:19,UPI_CREDIT_CARD,rooftop,meet-recording/data_sheets_historical/mangal all data sheet/PTM ROOFTOP/TMV ROOFTOP- PTM - OCTOBER 2025.xlsx,
2025-10-30 16:27:37,190.0,0.0,0.0,190.0,YESAP53042105252,2025-10-31 04:58:19,UPI,rooftop,meet-recording/data_sheets_historical/mangal all data sheet/PTM ROOFTOP/TMV ROOFTOP- PTM - OCTOBER 2025.xlsx,
2025-10-30 17:41:18,60.0,1.35,0.24,58.41,YESAP53042105252,2025-10-31 04:58:19,UPI_CREDIT_CARD,rooftop,meet-recording/data_sheets_historical/mangal all data sheet/PTM ROOFTOP/TMV ROOFTOP- PTM - OCTOBER 2025.xlsx,
2025-10-30 18:26:26,600.0,0.0,0.0,600.0,YESAP53042105252,2025-10-31 04:58:19,UPI,rooftop,meet-recording/data_sheets_historical/mangal all data sheet/PTM ROOFTOP/TMV ROOFTOP- PTM - OCTOBER 2025.xlsx,
2025-10-30 20:17:32,2185.0,0.0,0.0,2185.0,YESAP53042105252,2025-10-31 04:58:19,UPI,rooftop,meet-recording/data_sheets_historical/mangal all data sheet/PTM ROOFTOP/TMV ROOFTOP- PTM - OCTOBER 2025.xlsx,
2025-10-30 20:18:57,524.0,0.0,0.0,524.0,YESAP53042105252,2025-10-31 04:58:19,UPI,rooftop,meet-recording/data_sheets_historical/mangal all data sheet/PTM ROOFTOP/TMV ROOFTOP- PTM - OCTOBER 2025.xlsx,
2025-10-30 20:20:19,349.0,0.0,0.0,349.0,YESAP53042105252,2025-10-31 04:58:19,UPI,rooftop,meet-recording/data_sheets_historical/mangal all data sheet/PTM ROOFTOP/TMV ROOFTOP- PTM - OCTOBER 2025.xlsx,
2025-10-30 20:21:42,348.0,0.0,0.0,348.0,YESAP53042105252,2025-10-31 04:58:19,UPI,rooftop,meet-recording/data_sheets_historical/mangal all data sheet/PTM ROOFTOP/TMV ROOFTOP- PTM - OCTOBER 2025.xlsx,
2025-10-30 21:01:36,897.0,0.0,0.0,897.0,YESAP53042105252,2025-10-31 04:58:19,UPI,rooftop,meet-recording/data_sheets_historical/mangal all data sheet/PTM ROOFTOP/TMV ROOFTOP- PTM - OCTOBER 2025.xlsx,
2025-10-30 21:06:12,1624.0,0.0,0.0,1624.0,YESAP53042105252,2025-10-31 04:58:19,UPI,rooftop,meet-recording/data_sheets_historical/mangal all data sheet/PTM ROOFTOP/TMV ROOFTOP- PTM - OCTOBER 2025.xlsx,
2025-10-30 21:26:07,1527.0,0.0,0.0,1527.0,YESAP53042105252,2025-10-31 04:58:19,UPI,rooftop,meet-recording/data_sheets_historical/mangal all data sheet/PTM ROOFTOP/TMV ROOFTOP- PTM - OCTOBER 2025.xlsx,
2025-10-30 21:31:35,40.0,0.0,0.0,40.0,YESAP53042105252,2025-10-31 04:58:19,UPI,rooftop,meet-recording/data_sheets_historical/mangal all data sheet/PTM ROOFTOP/TMV ROOFTOP- PTM - OCTOBER 2025.xlsx,
2025-10-30 21:33:35,758.0,11.37,2.05,744.58,YESAP53042105252,2025-10-31 04:58:19,CREDIT_CARD,rooftop,meet-recording/data_sheets_historical/mangal all data sheet/PTM ROOFTOP/TMV ROOFTOP- PTM - OCTOBER 2025.xlsx,
2025-10-30 21:39:25,249.0,0.0,0.0,249.0,YESAP53042105252,2025-10-31 04:58:19,UPI,rooftop,meet-recording/data_sheets_historical/mangal all data sheet/PTM ROOFTOP/TMV ROOFTOP- PTM - OCTOBER 2025.xlsx,
2025-10-30 21:41:29,249.0,0.0,0.0,249.0,YESAP53042105252,2025-10-31 04:58:19,UPI,rooftop,meet-recording/data_sheets_historical/mangal all data sheet/PTM ROOFTOP/TMV ROOFTOP- PTM - OCTOBER 2025.xlsx,
2025-10-30 21:57:18,1186.0,0.0,0.0,1186.0,YESAP53042105252,2025-10-31 04:58:19,UPI,rooftop,meet-recording/data_sheets_historical/mangal all data sheet/PTM ROOFTOP/TMV ROOFTOP- PTM - OCTOBER 2025.xlsx,
2025-10-30 22:04:26,444.0,0.0,0.0,444.0,YESAP53042105252,2025-10-31 04:58:19,UPI,rooftop,meet-recording/data_sheets_historical/mangal all data sheet/PTM ROOFTOP/TMV ROOFTOP- PTM - OCTOBER 2025.xlsx,
2025-10-30 22:05:40,60.0,0.0,0.0,60.0,YESAP53042105252,2025-10-31 04:58:19,UPI,rooftop,meet-recording/data_sheets_historical/mangal all data sheet/PTM ROOFTOP/TMV ROOFTOP- PTM - OCTOBER 2025.xlsx,
2025-10-30 22:15:07,40.0,0.9,0.16,38.94,YESAP53042105252,2025-10-31 04:58:19,UPI_CREDIT_CARD,rooftop,meet-recording/data_sheets_historical/mangal all data sheet/PTM ROOFTOP/TMV ROOFTOP- PTM - OCTOBER 2025.xlsx,
2025-10-30 22:16:35,160.0,0.0,0.0,160.0,YESAP53042105252,2025-10-31 04:58:19,UPI,rooftop,meet-recording/data_sheets_historical/mangal all data sheet/PTM ROOFTOP/TMV ROOFTOP- PTM - OCTOBER 2025.xlsx,
2025-10-30 22:19:16,2033.0,0.0,0.0,2033.0,YESAP53042105252,2025-10-31 04:58:19,UPI,rooftop,meet-recording/data_sheets_historical/mangal all data sheet/PTM ROOFTOP/TMV ROOFTOP- PTM - OCTOBER 2025.xlsx,
2025-10-30 22:47:24,957.0,0.0,0.0,957.0,YESAP53042105252,2025-10-31 04:58:19,UPI,rooftop,meet-recording/data_sheets_historical/mangal all data sheet/PTM ROOFTOP/TMV ROOFTOP- PTM - OCTOBER 2025.xlsx,
2025-10-30 22:50:49,2284.0,0.0,0.0,2284.0,YESAP53042105252,2025-10-31 04:58:19,UPI,rooftop,meet-recording/data_sheets_historical/mangal all data sheet/PTM ROOFTOP/TMV ROOFTOP- PTM - OCTOBER 2025.xlsx,
,,,,,,,,rooftop,meet-recording/data_sheets_historical/mangal all data sheet/PTM ROOFTOP/TMV ROOFTOP- PTM - OCTOBER 2025.xlsx,
2025-10-31 14:04:09,120.0,0.0,0.0,120.0,YESAP53050892504,2025-11-01 04:37:07,UPI,rooftop,meet-recording/data_sheets_historical/mangal all data sheet/PTM ROOFTOP/TMV ROOFTOP- PTM - OCTOBER 2025.xlsx,
2025-10-31 14:38:35,1017.0,0.0,0.0,1017.0,YESAP53050892504,2025-11-01 04:37:07,UPI,rooftop,meet-recording/data_sheets_historical/mangal all data sheet/PTM ROOFTOP/TMV ROOFTOP- PTM - OCTOBER 2025.xlsx,
2025-10-31 14:43:52,2307.0,20.76,3.74,2282.5,YESAP53050892504,2025-11-01 04:37:07,DEBIT_CARD,rooftop,meet-recording/data_sheets_historical/mangal all data sheet/PTM ROOFTOP/TMV ROOFTOP- PTM - OCTOBER 2025.xlsx,
2025-10-31 15:38:03,583.0,0.0,0.0,583.0,YESAP53050892504,2025-11-01 04:37:07,UPI,rooftop,meet-recording/data_sheets_historical/mangal all data sheet/PTM ROOFTOP/TMV ROOFTOP- PTM - OCTOBER 2025.xlsx,
2025-10-31 16:02:12,1396.0,0.0,0.0,1396.0,YESAP53050892504,2025-11-01 04:37:07,UPI,rooftop,meet-recording/data_sheets_historical/mangal all data sheet/PTM ROOFTOP/TMV ROOFTOP- PTM - OCTOBER 2025.xlsx,
2025-10-31 18:31:09,269.0,0.0,0.0,269.0,YESAP53050892504,2025-11-01 04:37:07,UPI,rooftop,meet-recording/data_sheets_historical/mangal all data sheet/PTM ROOFTOP/TMV ROOFTOP- PTM - OCTOBER 2025.xlsx,
2025-10-31 19:44:06,60.0,0.0,0.0,60.0,YESAP53050892504,2025-11-01 04:37:07,UPI,rooftop,meet-recording/data_sheets_historical/mangal all data sheet/PTM ROOFTOP/TMV ROOFTOP- PTM - OCTOBER 2025.xlsx,
2025-10-31 19:44:43,424.0,0.0,0.0,424.0,YESAP53050892504,2025-11-01 04:37:07,UPI,rooftop,meet-recording/data_sheets_historical/mangal all data sheet/PTM ROOFTOP/TMV ROOFTOP- PTM - OCTOBER 2025.xlsx,
2025-10-31 19:45:51,514.0,0.0,0.0,514.0,YESAP53050892504,2025-11-01 04:37:07,UPI,rooftop,meet-recording/data_sheets_historical/mangal all data sheet/PTM ROOFTOP/TMV ROOFTOP- PTM - OCTOBER 2025.xlsx,
2025-10-31 20:14:08,877.0,0.0,0.0,877.0,YESAP53050892504,2025-11-01 04:37:07,UPI,rooftop,meet-recording/data_sheets_historical/mangal all data sheet/PTM ROOFTOP/TMV ROOFTOP- PTM - OCTOBER 2025.xlsx,
2025-10-31 20:40:10,773.0,0.0,0.0,773.0,YESAP53050892504,2025-11-01 04:37:07,UPI,rooftop,meet-recording/data_sheets_historical/mangal all data sheet/PTM ROOFTOP/TMV ROOFTOP- PTM - OCTOBER 2025.xlsx,
2025-10-31 21:02:10,1206.0,0.0,0.0,1206.0,YESAP53050892504,2025-11-01 04:37:07,UPI,rooftop,meet-recording/data_sheets_historical/mangal all data sheet/PTM ROOFTOP/TMV ROOFTOP- PTM - OCTOBER 2025.xlsx,
2025-10-31 21:14:23,2443.0,0.0,0.0,2443.0,YESAP53050892504,2025-11-01 04:37:07,UPI,rooftop,meet-recording/data_sheets_historical/mangal all data sheet/PTM ROOFTOP/TMV ROOFTOP- PTM - OCTOBER 2025.xlsx,
2025-10-31 22:03:32,539.0,0.0,0.0,539.0,YESAP53050892504,2025-11-01 04:37:07,UPI,rooftop,meet-recording/data_sheets_historical/mangal all data sheet/PTM ROOFTOP/TMV ROOFTOP- PTM - OCTOBER 2025.xlsx,
2025-10-31 22:22:01,708.0,0.0,0.0,708.0,YESAP53050892504,2025-11-01 04:37:07,UPI,rooftop,meet-recording/data_sheets_historical/mangal all data sheet/PTM ROOFTOP/TMV ROOFTOP- PTM - OCTOBER 2025.xlsx,
2025-10-31 22:49:04,1790.0,0.0,0.0,1790.0,YESAP53050892504,2025-11-01 04:37:07,UPI,rooftop,meet-recording/data_sheets_historical/mangal all data sheet/PTM ROOFTOP/TMV ROOFTOP- PTM - OCTOBER 2025.xlsx,
2025-07-01 08:48:19,549.0,12.08,2.17,534.75,YESAP51833296492,2025-07-02 10:44:43,DEBIT_CARD,front_office,meet-recording/data_sheets_historical/mangal all data sheet/UPI STATMENT/PTM - JULY 2025 (1).xlsx,
2025-07-01 07:16:22,200.0,0.0,0.0,200.0,YESAP51833296492,2025-07-02 10:44:43,UPI,front_office,meet-recording/data_sheets_historical/mangal all data sheet/UPI STATMENT/PTM - JULY 2025 (1).xlsx,
2025-07-01 10:04:10,20.0,0.0,0.0,20.0,YESAP51833296492,2025-07-02 10:44:43,UPI,front_office,meet-recording/data_sheets_historical/mangal all data sheet/UPI STATMENT/PTM - JULY 2025 (1).xlsx,
2025-07-01 10:03:29,2500.0,0.0,0.0,2500.0,YESAP51833296492,2025-07-02 10:44:43,UPI,front_office,meet-recording/data_sheets_historical/mangal all data sheet/UPI STATMENT/PTM - JULY 2025 (1).xlsx,
2025-07-01 23:57:15,2000.0,0.0,0.0,2000.0,YESAP51833296492,2025-07-02 10:44:43,UPI,front_office,meet-recording/data_sheets_historical/mangal all data sheet/UPI STATMENT/PTM - JULY 2025 (1).xlsx,
2025-07-01 23:00:02,328.0,0.0,0.0,328.0,YESAP51833296492,2025-07-02 10:44:43,UPI,front_office,meet-recording/data_sheets_historical/mangal all data sheet/UPI STATMENT/PTM - JULY 2025 (1).xlsx,
2025-07-01 22:45:05,4389.0,76.81,13.83,4298.36,YESAP51833296492,2025-07-02 10:44:43,CREDIT_CARD,front_office,meet-recording/data_sheets_historical/mangal all data sheet/UPI STATMENT/PTM - JULY 2025 (1).xlsx,
2025-07-01 22:38:38,918.0,0.0,0.0,918.0,YESAP51833296492,2025-07-02 10:44:43,UPI,front_office,meet-recording/data_sheets_historical/mangal all data sheet/UPI STATMENT/PTM - JULY 2025 (1).xlsx,
2025-07-01 22:36:50,478.0,0.0,0.0,478.0,YESAP51833296492,2025-07-02 10:44:43,UPI,front_office,meet-recording/data_sheets_historical/mangal all data sheet/UPI STATMENT/PTM - JULY 2025 (1).xlsx,
2025-07-01 22:36:05,2000.0,0.0,0.0,2000.0,YESAP51833296492,2025-07-02 10:44:43,UPI,front_office,meet-recording/data_sheets_historical/mangal all data sheet/UPI STATMENT/PTM - JULY 2025 (1).xlsx,
2025-07-01 22:21:20,1236.0,0.0,0.0,1236.0,YESAP51833296492,2025-07-02 10:44:43,UPI,front_office,meet-recording/data_sheets_historical/mangal all data sheet/UPI STATMENT/PTM - JULY 2025 (1).xlsx,
2025-07-01 22:06:26,468.0,0.0,0.0,468.0,YESAP51833296492,2025-07-02 10:44:43,UPI,front_office,meet-recording/data_sheets_historical/mangal all data sheet/UPI STATMENT/PTM - JULY 2025 (1).xlsx,
2025-07-01 21:52:47,5000.0,112.5,20.25,4867.25,YESAP51833296492,2025-07-02 10:44:43,UPI (CREDIT CARD),front_office,meet-recording/data_sheets_historical/mangal all data sheet/UPI STATMENT/PTM - JULY 2025 (1).xlsx,
2025-07-01 21:44:41,20.0,0.0,0.0,20.0,YESAP51833296492,2025-07-02 10:44:43,UPI_LITE,front_office,meet-recording/data_sheets_historical/mangal all data sheet/UPI STATMENT/PTM - JULY 2025 (1).xlsx,
2025-07-01 21:44:15,80.0,0.0,0.0,80.0,YESAP51833296492,2025-07-02 10:44:43,UPI_LITE,front_office,meet-recording/data_sheets_historical/mangal all data sheet/UPI STATMENT/PTM - JULY 2025 (1).xlsx,
,,,,,,,,front_office,meet-recording/data_sheets_historical/mangal all data sheet/UPI STATMENT/PTM - JULY 2025 (1).xlsx,
2025-07-02 08:20:34,1233.0,0.0,0.0,1233.0,YESAP51843173906,2025-07-03 10:46:34,UPI,front_office,meet-recording/data_sheets_historical/mangal all data sheet/UPI STATMENT/PTM - JULY 2025 (1).xlsx,
2025-07-02 08:15:51,1621.0,56.74,10.21,1554.05,YESAP51843173906,2025-07-03 10:46:34,CREDIT_CARD,front_office,meet-recording/data_sheets_historical/mangal all data sheet/UPI STATMENT/PTM - JULY 2025 (1).xlsx,
2025-07-02 05:26:12,420.0,0.0,0.0,420.0,YESAP51843173906,2025-07-03 10:46:34,UPI,front_office,meet-recording/data_sheets_historical/mangal all data sheet/UPI STATMENT/PTM - JULY 2025 (1).xlsx,
2025-07-02 12:17:04,1.0,0.0,0.0,1.0,YESAP51843173906,2025-07-03 10:46:34,UPI,front_office,meet-recording/data_sheets_historical/mangal all data sheet/UPI STATMENT/PTM - JULY 2025 (1).xlsx,
2025-07-02 12:12:45,1.0,0.0,0.0,1.0,YESAP51843173906,2025-07-03 10:46:34,UPI,front_office,meet-recording/data_sheets_historical/mangal all data sheet/UPI STATMENT/PTM - JULY 2025 (1).xlsx,
2025-07-02 10:32:42,3500.0,104.65,18.84,3376.51,YESAP51843173906,2025-07-03 10:46:34,CREDIT_CARD,front_office,meet-recording/data_sheets_historical/mangal all data sheet/UPI STATMENT/PTM - JULY 2025 (1).xlsx,
2025-07-02 10:11:00,1200.0,0.0,0.0,1200.0,YESAP51843173906,2025-07-03 10:46:34,UPI,front_office,meet-recording/data_sheets_historical/mangal all data sheet/UPI STATMENT/PTM - JULY 2025 (1).xlsx,
2025-07-02 21:25:41,4000.0,0.0,0.0,4000.0,YESAP51843173906,2025-07-03 10:46:34,UPI,front_office,meet-recording/data_sheets_historical/mangal all data sheet/UPI STATMENT/PTM - JULY 2025 (1).xlsx,
2025-07-02 19:26:19,4000.0,0.0,0.0,4000.0,YESAP51843173906,2025-07-03 10:46:34,UPI,front_office,meet-recording/data_sheets_historical/mangal all data sheet/UPI STATMENT/PTM - JULY 2025 (1).xlsx,
2025-07-02 22:33:57,1556.0,0.0,0.0,1556.0,YESAP51843173906,2025-07-03 10:46:34,UPI,front_office,meet-recording/data_sheets_historical/mangal all data sheet/UPI STATMENT/PTM - JULY 2025 (1).xlsx,
2025-07-02 22:25:16,179.0,4.03,0.73,174.24,YESAP51843173906,2025-07-03 10:46:34,UPI (CREDIT CARD),front_office,meet-recording/data_sheets_historical/mangal all data sheet/UPI STATMENT/PTM - JULY 2025 (1).xlsx,
2025-07-02 22:24:45,429.0,9.65,1.74,417.61,YESAP51843173906,2025-07-03 10:46:34,UPI (CREDIT CARD),front_office,meet-recording/data_sheets_historical/mangal all data sheet/UPI STATMENT/PTM - JULY 2025 (1).xlsx,
2025-07-02 22:22:11,1446.0,0.0,0.0,1446.0,YESAP51843173906,2025-07-03 10:46:34,UPI,front_office,meet-recording/data_sheets_historical/mangal all data sheet/UPI STATMENT/PTM - JULY 2025 (1).xlsx,
2025-07-02 21:57:25,777.0,0.0,0.0,777.0,YESAP51843173906,2025-07-03 10:46:34,UPI,front_office,meet-recording/data_sheets_historical/mangal all data sheet/UPI STATMENT/PTM - JULY 2025 (1).xlsx,
,,,,,,,,front_office,meet-recording/data_sheets_historical/mangal all data sheet/UPI STATMENT/PTM - JULY 2025 (1).xlsx,
2025-07-03 08:26:11,858.0,0.0,0.0,858.0,YESAP51853112608,2025-07-04 10:40:38,UPI,front_office,meet-recording/data_sheets_historical/mangal all data sheet/UPI STATMENT/PTM - JULY 2025 (1).xlsx,
2025-07-03 07:56:31,500.0,11.25,2.03,486.72,YESAP51853112608,2025-07-04 10:40:38,UPI (CREDIT CARD),front_office,meet-recording/data_sheets_historical/mangal all data sheet/UPI STATMENT/PTM - JULY 2025 (1).xlsx,
2025-07-03 07:28:01,7000.0,0.0,0.0,7000.0,YESAP51853112608,2025-07-04 10:40:38,UPI,front_office,meet-recording/data_sheets_historical/mangal all data sheet/UPI STATMENT/PTM - JULY 2025 (1).xlsx,
2025-07-03 15:26:57,5250.0,0.0,0.0,5250.0,YESAP51853112608,2025-07-04 10:40:38,UPI,front_office,meet-recording/data_sheets_historical/mangal all data sheet/UPI STATMENT/PTM - JULY 2025 (1).xlsx,
2025-07-03 10:20:28,2120.0,0.0,0.0,2120.0,YESAP51853112608,2025-07-04 10:40:38,UPI,front_office,meet-recording/data_sheets_historical/mangal all data sheet/UPI STATMENT/PTM - JULY 2025 (1).xlsx,
2025-07-03 10:02:39,420.0,0.0,0.0,420.0,YESAP51853112608,2025-07-04 10:40:38,UPI,front_office,meet-recording/data_sheets_historical/mangal all data sheet/UPI STATMENT/PTM - JULY 2025 (1).xlsx,
2025-07-03 09:47:40,2000.0,0.0,0.0,2000.0,YESAP51853112608,2025-07-04 10:40:38,UPI,front_office,meet-recording/data_sheets_historical/mangal all data sheet/UPI STATMENT/PTM - JULY 2025 (1).xlsx,
2025-07-03 21:37:35,668.0,0.0,0.0,668.0,YESAP51853112608,2025-07-04 10:40:38,UPI,front_office,meet-recording/data_sheets_historical/mangal all data sheet/UPI STATMENT/PTM - JULY 2025 (1).xlsx,
2025-07-03 21:31:08,5846.0,52.61,9.47,5783.92,YESAP51853112608,2025-07-04 10:40:38,DEBIT_CARD,front_office,meet-recording/data_sheets_historical/mangal all data sheet/UPI STATMENT/PTM - JULY 2025 (1).xlsx,
2025-07-03 21:01:57,158.0,0.0,0.0,158.0,YESAP51853112608,2025-07-04 10:40:38,UPI,front_office,meet-recording/data_sheets_historical/mangal all data sheet/UPI STATMENT/PTM - JULY 2025 (1).xlsx,
2025-07-03 20:25:23,9500.0,0.0,0.0,9500.0,YESAP51853112608,2025-07-04 10:40:38,UPI,front_office,meet-recording/data_sheets_historical/mangal all data sheet/UPI STATMENT/PTM - JULY 2025 (1).xlsx,
2025-07-03 17:34:04,2000.0,0.0,0.0,2000.0,YESAP51853112608,2025-07-04 10:40:38,UPI,front_office,meet-recording/data_sheets_historical/mangal all data sheet/UPI STATMENT/PTM - JULY 2025 (1).xlsx,
2025-07-03 23:40:02,1000.0,17.5,3.15,979.35,YESAP51853112608,2025-07-04 10:40:38,CREDIT_CARD,front_office,meet-recording/data_sheets_historical/mangal all data sheet/UPI STATMENT/PTM - JULY 2025 (1).xlsx,
2025-07-03 22:56:02,1425.0,0.0,0.0,1425.0,YESAP51853112608,2025-07-04 10:40:38,UPI,front_office,meet-recording/data_sheets_historical/mangal all data sheet/UPI STATMENT/PTM - JULY 2025 (1).xlsx,
2025-07-03 22:55:36,539.0,0.0,0.0,539.0,YESAP51853112608,2025-07-04 10:40:38,UPI,front_office,meet-recording/data_sheets_historical/mangal all data sheet/UPI STATMENT/PTM - JULY 2025 (1).xlsx,
2025-07-03 22:52:41,544.0,0.0,0.0,544.0,YESAP51853112608,2025-07-04 10:40:38,UPI,front_office,meet-recording/data_sheets_historical/mangal all data sheet/UPI STATMENT/PTM - JULY 2025 (1).xlsx,
,,,,,,,,front_office,meet-recording/data_sheets_historical/mangal all data sheet/UPI STATMENT/PTM - JULY 2025 (1).xlsx,
2025-07-04 09:23:07,120.0,2.7,0.49,116.81,YESAP51866004539,2025-07-05 12:05:26,UPI (CREDIT CARD),front_office,meet-recording/data_sheets_historical/mangal all data sheet/UPI STATMENT/PTM - JULY 2025 (1).xlsx,
2025-07-04 08:59:34,28.0,0.0,0.0,28.0,YESAP51866004539,2025-07-05 12:05:26,UPI,front_office,meet-recording/data_sheets_historical/mangal all data sheet/UPI STATMENT/PTM - JULY 2025 (1).xlsx,
2025-07-04 08:54:55,50.0,0.0,0.0,50.0,YESAP51866004539,2025-07-05 12:05:26,UPI_LITE,front_office,meet-recording/data_sheets_historical/mangal all data sheet/UPI STATMENT/PTM - JULY 2025 (1).xlsx,
2025-07-04 15:16:13,70.0,0.0,0.0,70.0,YESAP51866004539,2025-07-05 12:05:26,UPI,front_office,meet-recording/data_sheets_historical/mangal all data sheet/UPI STATMENT/PTM - JULY 2025 (1).xlsx,
2025-07-04 13:55:07,5500.0,49.5,8.91,5441.59,YESAP51866004539,2025-07-05 12:05:26,DEBIT_CARD,front_office,meet-recording/data_sheets_historical/mangal all data sheet/UPI STATMENT/PTM - JULY 2025 (1).xlsx,
2025-07-04 12:59:03,6000.0,54.0,9.72,5936.28,YESAP51866004539,2025-07-05 12:05:26,DEBIT_CARD,front_office,meet-recording/data_sheets_historical/mangal all data sheet/UPI STATMENT/PTM - JULY 2025 (1).xlsx,
2025-07-04 12:57:56,250.0,0.0,0.0,250.0,YESAP51866004539,2025-07-05 12:05:26,UPI,front_office,meet-recording/data_sheets_historical/mangal all data sheet/UPI STATMENT/PTM - JULY 2025 (1).xlsx,
2025-07-04 12:44:37,1246.0,0.0,0.0,1246.0,YESAP51866004539,2025-07-05 12:05:26,UPI,front_office,meet-recording/data_sheets_historical/mangal all data sheet/UPI STATMENT/PTM - JULY 2025 (1).xlsx,
2025-07-04 11:28:45,1000.0,0.0,0.0,1000.0,YESAP51866004539,2025-07-05 12:05:26,UPI,front_office,meet-recording/data_sheets_historical/mangal all data sheet/UPI STATMENT/PTM - JULY 2025 (1).xlsx,
2025-07-04 10:53:33,60.0,1.05,0.19,58.76,YESAP51866004539,2025-07-05 12:05:26,CREDIT_CARD,front_office,meet-recording/data_sheets_historical/mangal all data sheet/UPI STATMENT/PTM - JULY 2025 (1).xlsx,
2025-07-04 10:52:29,7000.0,122.5,22.05,6855.45,YESAP51866004539,2025-07-05 12:05:26,CREDIT_CARD,front_office,meet-recording/data_sheets_historical/mangal all data sheet/UPI STATMENT/PTM - JULY 2025 (1).xlsx,
2025-07-04 10:37:20,740.0,0.0,0.0,740.0,YESAP51866004539,2025-07-05 12:05:26,UPI,front_office,meet-recording/data_sheets_historical/mangal all data sheet/UPI STATMENT/PTM - JULY 2025 (1).xlsx,
2025-07-04 21:39:33,130.0,0.0,0.0,130.0,YESAP51866004539,2025-07-05 12:05:26,UPI,front_office,meet-recording/data_sheets_historical/mangal all data sheet/UPI STATMENT/PTM - JULY 2025 (1).xlsx,
2025-07-04 21:33:05,996.0,0.0,0.0,996.0,YESAP51866004539,2025-07-05 12:05:26,UPI,front_office,meet-recording/data_sheets_historical/mangal all data sheet/UPI STATMENT/PTM - JULY 2025 (1).xlsx,
2025-07-04 18:12:36,1500.0,0.0,0.0,1500.0,YESAP51866004539,2025-07-05 12:05:26,UPI,front_office,meet-recording/data_sheets_historical/mangal all data sheet/UPI STATMENT/PTM - JULY 2025 (1).xlsx,
2025-07-04 23:09:43,60.0,0.0,0.0,60.0,YESAP51866004539,2025-07-05 12:05:26,UPI,front_office,meet-recording/data_sheets_historical/mangal all data sheet/UPI STATMENT/PTM - JULY 2025 (1).xlsx,
2025-07-04 23:05:25,1148.0,0.0,0.0,1148.0,YESAP51866004539,2025-07-05 12:05:26,UPI,front_office,meet-recording/data_sheets_historical/mangal all data sheet/UPI STATMENT/PTM - JULY 2025 (1).xlsx,
2025-07-04 22:53:43,600.0,0.0,0.0,600.0,YESAP51866004539,2025-07-05 12:05:26,UPI,front_office,meet-recording/data_sheets_historical/mangal all data sheet/UPI STATMENT/PTM - JULY 2025 (1).xlsx,
2025-07-04 22:16:14,3000.0,0.0,0.0,3000.0,YESAP51866004539,2025-07-05 12:05:26,UPI,front_office,meet-recording/data_sheets_historical/mangal all data sheet/UPI STATMENT/PTM - JULY 2025 (1).xlsx,
2025-07-04 22:00:41,1145.0,0.0,0.0,1145.0,YESAP51866004539,2025-07-05 12:05:26,UPI,front_office,meet-recording/data_sheets_historical/mangal all data sheet/UPI STATMENT/PTM - JULY 2025 (1).xlsx,
2025-07-04 21:42:47,1186.0,0.0,0.0,1186.0,YESAP51866004539,2025-07-05 12:05:26,UPI,front_office,meet-recording/data_sheets_historical/mangal all data sheet/UPI STATMENT/PTM - JULY 2025 (1).xlsx,
,,,,,,,,front_office,meet-recording/data_sheets_historical/mangal all data sheet/UPI STATMENT/PTM - JULY 2025 (1).xlsx,
2025-07-05 08:57:12,5500.0,49.5,8.91,5441.59,YESAP51873091687,2025-07-06 14:16:06,DEBIT_CARD,front_office,meet-recording/data_sheets_historical/mangal all data sheet/UPI STATMENT/PTM - JULY 2025 (1).xlsx,
2025-07-05 07:30:20,500.0,0.0,0.0,500.0,YESAP51873091687,2025-07-06 14:16:06,UPI,front_office,meet-recording/data_sheets_historical/mangal all data sheet/UPI STATMENT/PTM - JULY 2025 (1).xlsx,
2025-07-05 14:39:38,20.0,0.0,0.0,20.0,YESAP51873091687,2025-07-06 14:16:06,UPI,front_office,meet-recording/data_sheets_historical/mangal all data sheet/UPI STATMENT/PTM - JULY 2025 (1).xlsx,
2025-07-05 11:55:36,547.0,0.0,0.0,547.0,YESAP51873091687,2025-07-06 14:16:06,UPI,front_office,meet-recording/data_sheets_historical/mangal all data sheet/UPI STATMENT/PTM - JULY 2025 (1).xlsx,
2025-07-05 10:14:15,23.0,0.0,0.0,23.0,YESAP51873091687,2025-07-06 14:16:06,UPI,front_office,meet-recording/data_sheets_historical/mangal all data sheet/UPI STATMENT/PTM - JULY 2025 (1).xlsx,
2025-07-05 10:04:36,40.0,0.0,0.0,40.0,YESAP51873091687,2025-07-06 14:16:06,UPI,front_office,meet-recording/data_sheets_historical/mangal all data sheet/UPI STATMENT/PTM - JULY 2025 (1).xlsx,
2025-07-05 21:41:48,907.0,0.0,0.0,907.0,YESAP51873091687,2025-07-06 14:16:06,UPI,front_office,meet-recording/data_sheets_historical/mangal all data sheet/UPI STATMENT/PTM - JULY 2025 (1).xlsx,
2025-07-05 18:43:31,17000.0,0.0,0.0,17000.0,YESAP51873091687,2025-07-06 14:16:06,UPI,front_office,meet-recording/data_sheets_historical/mangal all data sheet/UPI STATMENT/PTM - JULY 2025 (1).xlsx,
2025-07-05 17:13:19,2000.0,0.0,0.0,2000.0,YESAP51873091687,2025-07-06 14:16:06,UPI,front_office,meet-recording/data_sheets_historical/mangal all data sheet/UPI STATMENT/PTM - JULY 2025 (1).xlsx,
2025-07-05 23:01:51,957.0,0.0,0.0,957.0,YESAP51873091687,2025-07-06 14:16:06,UPI,front_office,meet-recording/data_sheets_historical/mangal all data sheet/UPI STATMENT/PTM - JULY 2025 (1).xlsx,
2025-07-05 22:57:11,120.0,0.0,0.0,120.0,YESAP51873091687,2025-07-06 14:16:06,UPI,front_office,meet-recording/data_sheets_historical/mangal all data sheet/UPI STATMENT/PTM - JULY 2025 (1).xlsx,
2025-07-05 22:51:55,1564.0,0.0,0.0,1564.0,YESAP51873091687,2025-07-06 14:16:06,UPI,front_office,meet-recording/data_sheets_historical/mangal all data sheet/UPI STATMENT/PTM - JULY 2025 (1).xlsx,
2025-07-05 22:46:25,1207.0,0.0,0.0,1207.0,YESAP51873091687,2025-07-06 14:16:06,UPI,front_office,meet-recording/data_sheets_historical/mangal all data sheet/UPI STATMENT/PTM - JULY 2025 (1).xlsx,
2025-07-05 22:43:21,349.0,0.0,0.0,349.0,YESAP51873091687,2025-07-06 14:16:06,UPI,front_office,meet-recording/data_sheets_historical/mangal all data sheet/UPI STATMENT/PTM - JULY 2025 (1).xlsx,
2025-07-05 22:42:52,538.0,0.0,0.0,538.0,YESAP51873091687,2025-07-06 14:16:06,UPI,front_office,meet-recording/data_sheets_historical/mangal all data sheet/UPI STATMENT/PTM - JULY 2025 (1).xlsx,
2025-07-05 22:22:03,120.0,0.0,0.0,120.0,YESAP51873091687,2025-07-06 14:16:06,UPI,front_office,meet-recording/data_sheets_historical/mangal all data sheet/UPI STATMENT/PTM - JULY 2025 (1).xlsx,
2025-07-05 22:10:57,757.0,0.0,0.0,757.0,YESAP51873091687,2025-07-06 14:16:06,UPI,front_office,meet-recording/data_sheets_historical/mangal all data sheet/UPI STATMENT/PTM - JULY 2025 (1).xlsx,
2025-07-05 22:06:41,1545.0,0.0,0.0,1545.0,YESAP51873091687,2025-07-06 14:16:06,UPI,front_office,meet-recording/data_sheets_historical/mangal all data sheet/UPI STATMENT/PTM - JULY 2025 (1).xlsx,
2025-07-05 21:51:13,1037.0,0.0,0.0,1037.0,YESAP51873091687,2025-07-06 14:16:06,UPI,front_office,meet-recording/data_sheets_historical/mangal all data sheet/UPI STATMENT/PTM - JULY 2025 (1).xlsx,
2025-07-05 21:46:27,1684.0,37.89,6.82,1639.29,YESAP51873091687,2025-07-06 14:16:06,UPI (CREDIT CARD),front_office,meet-recording/data_sheets_historical/mangal all data sheet/UPI STATMENT/PTM - JULY 2025 (1).xlsx,
2025-07-05 21:45:40,7730.0,173.93,31.31,7524.76,YESAP51873091687,2025-07-06 14:16:06,UPI (CREDIT CARD),front_office,meet-recording/data_sheets_historical/mangal all data sheet/UPI STATMENT/PTM - JULY 2025 (1).xlsx,
,,,,,,,,front_office,meet-recording/data_sheets_historical/mangal all data sheet/UPI STATMENT/PTM - JULY 2025 (1).xlsx,
2025-07-06 08:33:59,2206.0,49.64,8.94,2147.42,YESAP51883005249,2025-07-07 10:43:41,UPI (CREDIT CARD),front_office,meet-recording/data_sheets_historical/mangal all data sheet/UPI STATMENT/PTM - JULY 2025 (1).xlsx,
2025-07-06 08:26:41,120.0,0.0,0.0,120.0,YESAP51883005249,2025-07-07 10:43:41,UPI,front_office,meet-recording/data_sheets_historical/mangal all data sheet/UPI STATMENT/PTM - JULY 2025 (1).xlsx,
2025-07-06 08:12:47,360.0,1.44,0.26,358.3,YESAP51883005249,2025-07-07 10:43:41,DEBIT_CARD,front_office,meet-recording/data_sheets_historical/mangal all data sheet/UPI STATMENT/PTM - JULY 2025 (1).xlsx,
2025-07-06 07:34:21,907.0,0.0,0.0,907.0,YESAP51883005249,2025-07-07 10:43:41,UPI,front_office,meet-recording/data_sheets_historical/mangal all data sheet/UPI STATMENT/PTM - JULY 2025 (1).xlsx,
2025-07-06 11:14:06,140.0,0.0,0.0,140.0,YESAP51883005249,2025-07-07 10:43:41,UPI,front_office,meet-recording/data_sheets_historical/mangal all data sheet/UPI STATMENT/PTM - JULY 2025 (1).xlsx,
2025-07-06 11:06:31,60.0,0.0,0.0,60.0,YESAP51883005249,2025-07-07 10:43:41,UPI,front_office,meet-recording/data_sheets_historical/mangal all data sheet/UPI STATMENT/PTM - JULY 2025 (1).xlsx,
2025-07-06 10:58:34,4847.0,0.0,0.0,4847.0,YESAP51883005249,2025-07-07 10:43:41,UPI,front_office,meet-recording/data_sheets_historical/mangal all data sheet/UPI STATMENT/PTM - JULY 2025 (1).xlsx,
2025-07-06 10:44:16,400.0,0.0,0.0,400.0,YESAP51883005249,2025-07-07 10:43:41,UPI,front_office,meet-recording/data_sheets_historical/mangal all data sheet/UPI STATMENT/PTM - JULY 2025 (1).xlsx,
2025-07-06 10:39:33,269.0,0.0,0.0,269.0,YESAP51883005249,2025-07-07 10:43:41,UPI,front_office,meet-recording/data_sheets_historical/mangal all data sheet/UPI STATMENT/PTM - JULY 2025 (1).xlsx,
2025-07-06 10:35:38,360.0,8.1,1.46,350.44,YESAP51883005249,2025-07-07 10:43:41,UPI (CREDIT CARD),front_office,meet-recording/data_sheets_historical/mangal all data sheet/UPI STATMENT/PTM - JULY 2025 (1).xlsx,
2025-07-06 10:17:18,169.0,0.0,0.0,169.0,YESAP51883005249,2025-07-07 10:43:41,DEBIT_CARD,front_office,meet-recording/data_sheets_historical/mangal all data sheet/UPI STATMENT/PTM - JULY 2025 (1).xlsx,
2025-07-06 10:14:55,60.0,0.0,0.0,60.0,YESAP51883005249,2025-07-07 10:43:41,UPI,front_office,meet-recording/data_sheets_historical/mangal all data sheet/UPI STATMENT/PTM - JULY 2025 (1).xlsx,
2025-07-06 10:00:02,912.0,0.0,0.0,912.0,YESAP51883005249,2025-07-07 10:43:41,UPI,front_office,meet-recording/data_sheets_historical/mangal all data sheet/UPI STATMENT/PTM - JULY 2025 (1).xlsx,
2025-07-06 21:19:26,439.0,0.0,0.0,439.0,YESAP51883005249,2025-07-07 10:43:41,UPI,front_office,meet-recording/data_sheets_historical/mangal all data sheet/UPI STATMENT/PTM - JULY 2025 (1).xlsx,
2025-07-06 20:56:15,956.0,0.0,0.0,956.0,YESAP51883005249,2025-07-07 10:43:41,UPI,front_office,meet-recording/data_sheets_historical/mangal all data sheet/UPI STATMENT/PTM - JULY 2025 (1).xlsx,
2025-07-06 20:43:37,489.0,0.0,0.0,489.0,YESAP51883005249,2025-07-07 10:43:41,UPI,front_office,meet-recording/data_sheets_historical/mangal all data sheet/UPI STATMENT/PTM - JULY 2025 (1).xlsx,
2025-07-06 20:29:01,498.0,11.21,2.02,484.77,YESAP51883005249,2025-07-07 10:43:41,UPI (CREDIT CARD),front_office,meet-recording/data_sheets_historical/mangal all data sheet/UPI STATMENT/PTM - JULY 2025 (1).xlsx,
2025-07-06 20:12:53,1027.0,0.0,0.0,1027.0,YESAP51883005249,2025-07-07 10:43:41,UPI,front_office,meet-recording/data_sheets_historical/mangal all data sheet/UPI STATMENT/PTM - JULY 2025 (1).xlsx,
2025-07-06 19:54:15,398.0,0.0,0.0,398.0,YESAP51883005249,2025-07-07 10:43:41,UPI,front_office,meet-recording/data_sheets_historical/mangal all data sheet/UPI STATMENT/PTM - JULY 2025 (1).xlsx,
2025-07-06 19:49:50,500.0,0.0,0.0,500.0,YESAP51883005249,2025-07-07 10:43:41,UPI,front_office,meet-recording/data_sheets_historical/mangal all data sheet/UPI STATMENT/PTM - JULY 2025 (1).xlsx,
2025-07-06 19:47:31,500.0,0.0,0.0,500.0,YESAP51883005249,2025-07-07 10:43:41,UPI,front_office,meet-recording/data_sheets_historical/mangal all data sheet/UPI STATMENT/PTM - JULY 2025 (1).xlsx,
2025-07-06 16:15:14,3447.0,0.0,0.0,3447.0,YESAP51883005249,2025-07-07 10:43:41,UPI,front_office,meet-recording/data_sheets_historical/mangal all data sheet/UPI STATMENT/PTM - JULY 2025 (1).xlsx,
2025-07-06 22:40:22,120.0,0.0,0.0,120.0,YESAP51883005249,2025-07-07 10:43:41,UPI,front_office,meet-recording/data_sheets_historical/mangal all data sheet/UPI STATMENT/PTM - JULY 2025 (1).xlsx,
2025-07-06 22:28:15,2500.0,0.0,0.0,2500.0,YESAP51883005249,2025-07-07 10:43:41,UPI,front_office,meet-recording/data_sheets_historical/mangal all data sheet/UPI STATMENT/PTM - JULY 2025 (1).xlsx,
2025-07-06 22:24:27,1885.0,0.0,0.0,1885.0,YESAP51883005249,2025-07-07 10:43:41,UPI,front_office,meet-recording/data_sheets_historical/mangal all data sheet/UPI STATMENT/PTM - JULY 2025 (1).xlsx,
2025-07-06 22:16:02,348.0,0.0,0.0,348.0,YESAP51883005249,2025-07-07 10:43:41,UPI,front_office,meet-recording/data_sheets_historical/mangal all data sheet/UPI STATMENT/PTM - JULY 2025 (1).xlsx,
2025-07-06 22:15:05,598.0,13.46,2.42,582.12,YESAP51883005249,2025-07-07 10:43:41,UPI (CREDIT CARD),front_office,meet-recording/data_sheets_historical/mangal all data sheet/UPI STATMENT/PTM - JULY 2025 (1).xlsx,
2025-07-06 22:06:05,608.0,0.0,0.0,608.0,YESAP51883005249,2025-07-07 10:43:41,UPI,front_office,meet-recording/data_sheets_historical/mangal all data sheet/UPI STATMENT/PTM - JULY 2025 (1).xlsx,
2025-07-06 21:53:47,1613.0,28.23,5.08,1579.69,YESAP51883005249,2025-07-07 10:43:41,CREDIT_CARD,front_office,meet-recording/data_sheets_historical/mangal all data sheet/UPI STATMENT/PTM - JULY 2025 (1).xlsx,
,,,,,,,,front_office,meet-recording/data_sheets_historical/mangal all data sheet/UPI STATMENT/PTM - JULY 2025 (1).xlsx,
2025-07-07 09:29:15,429.0,0.0,0.0,429.0,YESAP51893100216,2025-07-08 10:41:14,UPI,front_office,meet-recording/data_sheets_historical/mangal all data sheet/UPI STATMENT/PTM - JULY 2025 (1).xlsx,
2025-07-07 09:23:10,802.0,3.21,0.58,798.21,YESAP51893100216,2025-07-08 10:41:14,DEBIT_CARD,front_office,meet-recording/data_sheets_historical/mangal all data sheet/UPI STATMENT/PTM - JULY 2025 (1).xlsx,
2025-07-07 09:01:54,3500.0,0.0,0.0,3500.0,YESAP51893100216,2025-07-08 10:41:14,UPI,front_office,meet-recording/data_sheets_historical/mangal all data sheet/UPI STATMENT/PTM - JULY 2025 (1).xlsx,
2025-07-07 07:42:42,1157.0,0.0,0.0,1157.0,YESAP51893100216,2025-07-08 10:41:14,UPI,front_office,meet-recording/data_sheets_historical/mangal all data sheet/UPI STATMENT/PTM - JULY 2025 (1).xlsx,
2025-07-07 12:59:01,1250.0,0.0,0.0,1250.0,YESAP51893100216,2025-07-08 10:41:14,UPI,front_office,meet-recording/data_sheets_historical/mangal all data sheet/UPI STATMENT/PTM - JULY 2025 (1).xlsx,
2025-07-07 12:40:08,1000.0,0.0,0.0,1000.0,YESAP51893100216,2025-07-08 10:41:14,UPI,front_office,meet-recording/data_sheets_historical/mangal all data sheet/UPI STATMENT/PTM - JULY 2025 (1).xlsx,
2025-07-07 10:57:14,5500.0,0.0,0.0,5500.0,YESAP51893100216,2025-07-08 10:41:14,UPI,front_office,meet-recording/data_sheets_historical/mangal all data sheet/UPI STATMENT/PTM - JULY 2025 (1).xlsx,
2025-07-07 10:17:29,478.0,8.37,1.51,468.12,YESAP51893100216,2025-07-08 10:41:14,CREDIT_CARD,front_office,meet-recording/data_sheets_historical/mangal all data sheet/UPI STATMENT/PTM - JULY 2025 (1).xlsx,
2025-07-07 09:51:39,4000.0,70.0,12.6,3917.4,YESAP51893100216,2025-07-08 10:41:14,CREDIT_CARD,front_office,meet-recording/data_sheets_historical/mangal all data sheet/UPI STATMENT/PTM - JULY 2025 (1).xlsx,
2025-07-07 21:29:49,1000.0,35.0,6.3,958.7,YESAP51893100216,2025-07-08 10:41:14,CREDIT_CARD,front_office,meet-recording/data_sheets_historical/mangal all data sheet/UPI STATMENT/PTM - JULY 2025 (1).xlsx,
2025-07-07 21:28:00,2286.07,80.01,14.4,2191.66,YESAP51893100216,2025-07-08 10:41:14,DEBIT_CARD,front_office,meet-recording/data_sheets_historical/mangal all data sheet/UPI STATMENT/PTM - JULY 2025 (1).xlsx,
2025-07-07 18:03:23,149.0,0.0,0.0,149.0,YESAP51893100216,2025-07-08 10:41:14,UPI,front_office,meet-recording/data_sheets_historical/mangal all data sheet/UPI STATMENT/PTM - JULY 2025 (1).xlsx,
2025-07-07 23:32:01,4200.0,0.0,0.0,4200.0,YESAP51893100216,2025-07-08 10:41:14,UPI,front_office,meet-recording/data_sheets_historical/mangal all data sheet/UPI STATMENT/PTM - JULY 2025 (1).xlsx,
2025-07-07 22:22:24,490.0,0.0,0.0,490.0,YESAP51893100216,2025-07-08 10:41:14,UPI,front_office,meet-recording/data_sheets_historical/mangal all data sheet/UPI STATMENT/PTM - JULY 2025 (1).xlsx,
,,,,,,,,front_office,meet-recording/data_sheets_historical/mangal all data sheet/UPI STATMENT/PTM - JULY 2025 (1).xlsx,
2025-07-08 09:24:22,2049.26,71.72,12.91,1964.63,YESAP51903207243,2025-07-09 10:35:25,DEBIT_CARD,front_office,meet-recording/data_sheets_historical/mangal all data sheet/UPI STATMENT/PTM - JULY 2025 (1).xlsx,
2025-07-08 09:16:17,3500.0,0.0,0.0,3500.0,YESAP51903207243,2025-07-09 10:35:25,UPI,front_office,meet-recording/data_sheets_historical/mangal all data sheet/UPI STATMENT/PTM - JULY 2025 (1).xlsx,
2025-07-08 08:59:12,400.0,0.0,0.0,400.0,YESAP51903207243,2025-07-09 10:35:25,UPI,front_office,meet-recording/data_sheets_historical/mangal all data sheet/UPI STATMENT/PTM - JULY 2025 (1).xlsx,
2025-07-08 08:51:41,2500.0,0.0,0.0,2500.0,YESAP51903207243,2025-07-09 10:35:25,UPI,front_office,meet-recording/data_sheets_historical/mangal all data sheet/UPI STATMENT/PTM - JULY 2025 (1).xlsx,
2025-07-08 08:50:05,998.0,0.0,0.0,998.0,YESAP51903207243,2025-07-09 10:35:25,UPI,front_office,meet-recording/data_sheets_historical/mangal all data sheet/UPI STATMENT/PTM - JULY 2025 (1).xlsx,
2025-07-08 08:32:21,4400.0,77.0,13.86,4309.14,YESAP51903207243,2025-07-09 10:35:25,CREDIT_CARD,front_office,meet-recording/data_sheets_historical/mangal all data sheet/UPI STATMENT/PTM - JULY 2025 (1).xlsx,
2025-07-08 08:16:23,13646.0,0.0,0.0,13646.0,YESAP51903207243,2025-07-09 10:35:25,UPI,front_office,meet-recording/data_sheets_historical/mangal all data sheet/UPI STATMENT/PTM - JULY 2025 (1).xlsx,
2025-07-08 15:08:59,1535.0,0.0,0.0,1535.0,YESAP51903207243,2025-07-09 10:35:25,UPI,front_office,meet-recording/data_sheets_historical/mangal all data sheet/UPI STATMENT/PTM - JULY 2025 (1).xlsx,
2025-07-08 14:39:18,1500.0,0.0,0.0,1500.0,YESAP51903207243,2025-07-09 10:35:25,UPI,front_office,meet-recording/data_sheets_historical/mangal all data sheet/UPI STATMENT/PTM - JULY 2025 (1).xlsx,
2025-07-08 11:20:43,1800.0,0.0,0.0,1800.0,YESAP51903207243,2025-07-09 10:35:25,UPI,front_office,meet-recording/data_sheets_historical/mangal all data sheet/UPI STATMENT/PTM - JULY 2025 (1).xlsx,
2025-07-08 11:20:11,2000.0,0.0,0.0,2000.0,YESAP51903207243,2025-07-09 10:35:25,UPI,front_office,meet-recording/data_sheets_historical/mangal all data sheet/UPI STATMENT/PTM - JULY 2025 (1).xlsx,
2025-07-08 10:36:52,280.0,0.0,0.0,280.0,YESAP51903207243,2025-07-09 10:35:25,UPI,front_office,meet-recording/data_sheets_historical/mangal all data sheet/UPI STATMENT/PTM - JULY 2025 (1).xlsx,
2025-07-08 10:18:56,120.0,0.0,0.0,120.0,YESAP51903207243,2025-07-09 10:35:25,UPI,front_office,meet-recording/data_sheets_historical/mangal all data sheet/UPI STATMENT/PTM - JULY 2025 (1).xlsx,
2025-07-08 10:09:31,600.0,0.0,0.0,600.0,YESAP51903207243,2025-07-09 10:35:25,UPI,front_office,meet-recording/data_sheets_historical/mangal all data sheet/UPI STATMENT/PTM - JULY 2025 (1).xlsx,
2025-07-08 09:55:14,1955.0,0.0,0.0,1955.0,YESAP51903207243,2025-07-09 10:35:25,UPI,front_office,meet-recording/data_sheets_historical/mangal all data sheet/UPI STATMENT/PTM - JULY 2025 (1).xlsx,
2025-07-08 09:45:41,500.0,0.0,0.0,500.0,YESAP51903207243,2025-07-09 10:35:25,UPI,front_office,meet-recording/data_sheets_historical/mangal all data sheet/UPI STATMENT/PTM - JULY 2025 (1).xlsx,
2025-07-08 21:40:35,798.0,0.0,0.0,798.0,YESAP51903207243,2025-07-09 10:35:25,UPI,front_office,meet-recording/data_sheets_historical/mangal all data sheet/UPI STATMENT/PTM - JULY 2025 (1).xlsx,
2025-07-08 21:36:50,1105.0,24.86,4.47,1075.67,YESAP51903207243,2025-07-09 10:35:25,UPI (CREDIT CARD),front_office,meet-recording/data_sheets_historical/mangal all data sheet/UPI STATMENT/PTM - JULY 2025 (1).xlsx,
2025-07-08 20:03:17,7073.44,247.57,44.56,6781.31,YESAP51903207243,2025-07-09 10:35:25,DEBIT_CARD,front_office,meet-recording/data_sheets_historical/mangal all data sheet/UPI STATMENT/PTM - JULY 2025 (1).xlsx,
2025-07-08 16:23:34,3000.0,0.0,0.0,3000.0,YESAP51903207243,2025-07-09 10:35:25,UPI,front_office,meet-recording/data_sheets_historical/mangal all data sheet/UPI STATMENT/PTM - JULY 2025 (1).xlsx,
2025-07-08 23:22:53,5810.0,101.68,18.3,5690.02,YESAP51903207243,2025-07-09 10:35:25,CREDIT_CARD,front_office,meet-recording/data_sheets_historical/mangal all data sheet/UPI STATMENT/PTM - JULY 2025 (1).xlsx,
2025-07-08 22:45:15,638.0,0.0,0.0,638.0,YESAP51903207243,2025-07-09 10:35:25,UPI,front_office,meet-recording/data_sheets_historical/mangal all data sheet/UPI STATMENT/PTM - JULY 2025 (1).xlsx,
2025-07-08 22:19:25,6000.0,0.0,0.0,6000.0,YESAP51903207243,2025-07-09 10:35:25,UPI,front_office,meet-recording/data_sheets_historical/mangal all data sheet/UPI STATMENT/PTM - JULY 2025 (1).xlsx,
2025-07-08 22:09:17,429.0,0.0,0.0,429.0,YESAP51903207243,2025-07-09 10:35:25,UPI,front_office,meet-recording/data_sheets_historical/mangal all data sheet/UPI STATMENT/PTM - JULY 2025 (1).xlsx,
2025-07-08 22:06:02,538.0,0.0,0.0,538.0,YESAP51903207243,2025-07-09 10:35:25,UPI,front_office,meet-recording/data_sheets_historical/mangal all data sheet/UPI STATMENT/PTM - JULY 2025 (1).xlsx,
,,,,,,,,front_office,meet-recording/data_sheets_historical/mangal all data sheet/UPI STATMENT/PTM - JULY 2025 (1).xlsx,
2025-07-09 09:38:05,20.0,0.0,0.0,20.0,YESAP51913133667,2025-07-10 10:44:41,UPI,front_office,meet-recording/data_sheets_historical/mangal all data sheet/UPI STATMENT/PTM - JULY 2025 (1).xlsx,
2025-07-09 10:52:37,7200.0,0.0,0.0,7200.0,YESAP51913133667,2025-07-10 10:44:41,UPI,front_office,meet-recording/data_sheets_historical/mangal all data sheet/UPI STATMENT/PTM - JULY 2025 (1).xlsx,
2025-07-09 10:20:52,908.0,0.0,0.0,908.0,YESAP51913133667,2025-07-10 10:44:41,UPI,front_office,meet-recording/data_sheets_historical/mangal all data sheet/UPI STATMENT/PTM - JULY 2025 (1).xlsx,
2025-07-09 09:59:31,4660.0,0.0,0.0,4660.0,YESAP51913133667,2025-07-10 10:44:41,DEBIT_CARD,front_office,meet-recording/data_sheets_historical/mangal all data sheet/UPI STATMENT/PTM - JULY 2025 (1).xlsx,
2025-07-09 21:25:56,1605.0,0.0,0.0,1605.0,YESAP51913133667,2025-07-10 10:44:41,DEBIT_CARD,front_office,meet-recording/data_sheets_historical/mangal all data sheet/UPI STATMENT/PTM - JULY 2025 (1).xlsx,
2025-07-09 20:51:33,738.0,0.0,0.0,738.0,YESAP51913133667,2025-07-10 10:44:41,UPI,front_office,meet-recording/data_sheets_historical/mangal all data sheet/UPI STATMENT/PTM - JULY 2025 (1).xlsx,
2025-07-09 20:02:27,500.0,0.0,0.0,500.0,YESAP51913133667,2025-07-10 10:44:41,UPI,front_office,meet-recording/data_sheets_historical/mangal all data sheet/UPI STATMENT/PTM - JULY 2025 (1).xlsx,
2025-07-09 22:45:57,40.0,0.0,0.0,40.0,YESAP51913133667,2025-07-10 10:44:41,UPI,front_office,meet-recording/data_sheets_historical/mangal all data sheet/UPI STATMENT/PTM - JULY 2025 (1).xlsx,
2025-07-09 22:12:23,808.0,0.0,0.0,808.0,YESAP51913133667,2025-07-10 10:44:41,UPI,front_office,meet-recording/data_sheets_historical/mangal all data sheet/UPI STATMENT/PTM - JULY 2025 (1).xlsx,
2025-07-09 21:55:52,797.0,0.0,0.0,797.0,YESAP51913133667,2025-07-10 10:44:41,UPI,front_office,meet-recording/data_sheets_historical/mangal all data sheet/UPI STATMENT/PTM - JULY 2025 (1).xlsx,
2025-07-09 21:51:17,1248.0,0.0,0.0,1248.0,YESAP51913133667,2025-07-10 10:44:41,UPI,front_office,meet-recording/data_sheets_historical/mangal all data sheet/UPI STATMENT/PTM - JULY 2025 (1).xlsx,
,,,,,,,,front_office,meet-recording/data_sheets_historical/mangal all data sheet/UPI STATMENT/PTM - JULY 2025 (1).xlsx,
2025-07-10 09:36:16,200.0,0.0,0.0,200.0,YESAP51923091119,2025-07-11 10:38:52,UPI,front_office,meet-recording/data_sheets_historical/mangal all data sheet/UPI STATMENT/PTM - JULY 2025 (1).xlsx,
2025-07-10 08:43:44,450.0,0.0,0.0,450.0,YESAP51923091119,2025-07-11 10:38:52,UPI,front_office,meet-recording/data_sheets_historical/mangal all data sheet/UPI STATMENT/PTM - JULY 2025 (1).xlsx,
2025-07-10 05:27:59,728.0,16.38,2.95,708.67,YESAP51923091119,2025-07-11 10:38:52,UPI (CREDIT CARD),front_office,meet-recording/data_sheets_historical/mangal all data sheet/UPI STATMENT/PTM - JULY 2025 (1).xlsx,
2025-07-10 10:57:24,1694.0,38.12,6.86,1649.02,YESAP51923091119,2025-07-11 10:38:52,UPI (CREDIT CARD),front_office,meet-recording/data_sheets_historical/mangal all data sheet/UPI STATMENT/PTM - JULY 2025 (1).xlsx,
2025-07-10 10:54:59,2500.0,0.0,0.0,2500.0,YESAP51923091119,2025-07-11 10:38:52,UPI,front_office,meet-recording/data_sheets_historical/mangal all data sheet/UPI STATMENT/PTM - JULY 2025 (1).xlsx,
2025-07-10 10:36:42,180.0,0.0,0.0,180.0,YESAP51923091119,2025-07-11 10:38:52,UPI,front_office,meet-recording/data_sheets_historical/mangal all data sheet/UPI STATMENT/PTM - JULY 2025 (1).xlsx,
2025-07-10 20:12:02,5500.0,0.0,0.0,5500.0,YESAP51923091119,2025-07-11 10:38:52,UPI,front_office,meet-recording/data_sheets_historical/mangal all data sheet/UPI STATMENT/PTM - JULY 2025 (1).xlsx,
2025-07-10 22:21:16,129.0,0.0,0.0,129.0,YESAP51923091119,2025-07-11 10:38:52,UPI,front_office,meet-recording/data_sheets_historical/mangal all data sheet/UPI STATMENT/PTM - JULY 2025 (1).xlsx,
2025-07-10 21:42:51,638.0,0.0,0.0,638.0,YESAP51923091119,2025-07-11 10:38:52,UPI,front_office,meet-recording/data_sheets_historical/mangal all data sheet/UPI STATMENT/PTM - JULY 2025 (1).xlsx,
,,,,,,,,front_office,meet-recording/data_sheets_historical/mangal all data sheet/UPI STATMENT/PTM - JULY 2025 (1).xlsx,
2025-07-11 09:01:33,1931.0,0.0,0.0,1931.0,YESAP51933166109,2025-07-12 10:36:31,UPI,front_office,meet-recording/data_sheets_historical/mangal all data sheet/UPI STATMENT/PTM - JULY 2025 (1).xlsx,
2025-07-11 08:07:19,1803.0,0.0,0.0,1803.0,YESAP51933166109,2025-07-12 10:36:31,UPI,front_office,meet-recording/data_sheets_historical/mangal all data sheet/UPI STATMENT/PTM - JULY 2025 (1).xlsx,
2025-07-11 07:56:30,1000.0,0.0,0.0,1000.0,YESAP51933166109,2025-07-12 10:36:31,UPI,front_office,meet-recording/data_sheets_historical/mangal all data sheet/UPI STATMENT/PTM - JULY 2025 (1).xlsx,
2025-07-11 11:03:00,120.0,0.0,0.0,120.0,YESAP51933166109,2025-07-12 10:36:31,UPI,front_office,meet-recording/data_sheets_historical/mangal all data sheet/UPI STATMENT/PTM - JULY 2025 (1).xlsx,
2025-07-11 10:27:38,180.0,0.0,0.0,180.0,YESAP51933166109,2025-07-12 10:36:31,UPI,front_office,meet-recording/data_sheets_historical/mangal all data sheet/UPI STATMENT/PTM - JULY 2025 (1).xlsx,
2025-07-11 10:12:49,1620.0,0.0,0.0,1620.0,YESAP51933166109,2025-07-12 10:36:31,UPI,front_office,meet-recording/data_sheets_historical/mangal all data sheet/UPI STATMENT/PTM - JULY 2025 (1).xlsx,
2025-07-11 09:50:57,800.0,0.0,0.0,800.0,YESAP51933166109,2025-07-12 10:36:31,UPI,front_office,meet-recording/data_sheets_historical/mangal all data sheet/UPI STATMENT/PTM - JULY 2025 (1).xlsx,
2025-07-11 20:01:30,2000.0,45.0,8.1,1946.9,YESAP51933166109,2025-07-12 10:36:31,UPI (CREDIT CARD),front_office,meet-recording/data_sheets_historical/mangal all data sheet/UPI STATMENT/PTM - JULY 2025 (1).xlsx,
2025-07-11 16:08:25,399.0,0.0,0.0,399.0,YESAP51933166109,2025-07-12 10:36:31,UPI,front_office,meet-recording/data_sheets_historical/mangal all data sheet/UPI STATMENT/PTM - JULY 2025 (1).xlsx,
2025-07-11 23:09:28,1793.0,0.0,0.0,1793.0,YESAP51933166109,2025-07-12 10:36:31,UPI,front_office,meet-recording/data_sheets_historical/mangal all data sheet/UPI STATMENT/PTM - JULY 2025 (1).xlsx,
2025-07-11 22:48:57,494.0,0.0,0.0,494.0,YESAP51933166109,2025-07-12 10:36:31,UPI,front_office,meet-recording/data_sheets_historical/mangal all data sheet/UPI STATMENT/PTM - JULY 2025 (1).xlsx,
2025-07-11 22:40:15,64.0,0.0,0.0,64.0,YESAP51933166109,2025-07-12 10:36:31,UPI,front_office,meet-recording/data_sheets_historical/mangal all data sheet/UPI STATMENT/PTM - JULY 2025 (1).xlsx,
2025-07-11 22:07:24,494.0,0.0,0.0,494.0,YESAP51933166109,2025-07-12 10:36:31,UPI,front_office,meet-recording/data_sheets_historical/mangal all data sheet/UPI STATMENT/PTM - JULY 2025 (1).xlsx,
,,,,,,,,front_office,meet-recording/data_sheets_historical/mangal all data sheet/UPI STATMENT/PTM - JULY 2025 (1).xlsx,
2025-07-12 09:41:33,6772.95,118.53,21.34,6633.08,YESAP51943145592,2025-07-13 10:42:34,CREDIT_CARD,front_office,meet-recording/data_sheets_historical/mangal all data sheet/UPI STATMENT/PTM - JULY 2025 (1).xlsx,
2025-07-12 09:33:56,369.0,0.0,0.0,369.0,YESAP51943145592,2025-07-13 10:42:34,UPI,front_office,meet-recording/data_sheets_historical/mangal all data sheet/UPI STATMENT/PTM - JULY 2025 (1).xlsx,
2025-07-12 07:48:44,60.0,0.0,0.0,60.0,YESAP51943145592,2025-07-13 10:42:34,UPI,front_office,meet-recording/data_sheets_historical/mangal all data sheet/UPI STATMENT/PTM - JULY 2025 (1).xlsx,
2025-07-12 14:36:49,1000.0,0.0,0.0,1000.0,YESAP51943145592,2025-07-13 10:42:34,UPI,front_office,meet-recording/data_sheets_historical/mangal all data sheet/UPI STATMENT/PTM - JULY 2025 (1).xlsx,
2025-07-12 12:14:05,2500.0,0.0,0.0,2500.0,YESAP51943145592,2025-07-13 10:42:34,UPI,front_office,meet-recording/data_sheets_historical/mangal all data sheet/UPI STATMENT/PTM - JULY 2025 (1).xlsx,
2025-07-12 12:00:19,2000.0,45.0,8.1,1946.9,YESAP51943145592,2025-07-13 10:42:34,UPI (CREDIT CARD),front_office,meet-recording/data_sheets_historical/mangal all data sheet/UPI STATMENT/PTM - JULY 2025 (1).xlsx,
2025-07-12 10:36:28,488.0,8.54,1.54,477.92,YESAP51943145592,2025-07-13 10:42:34,CREDIT_CARD,front_office,meet-recording/data_sheets_historical/mangal all data sheet/UPI STATMENT/PTM - JULY 2025 (1).xlsx,
2025-07-12 10:33:12,240.0,0.0,0.0,240.0,YESAP51943145592,2025-07-13 10:42:34,UPI,front_office,meet-recording/data_sheets_historical/mangal all data sheet/UPI STATMENT/PTM - JULY 2025 (1).xlsx,
2025-07-12 10:14:19,3000.0,52.5,9.45,2938.05,YESAP51943145592,2025-07-13 10:42:34,CREDIT_CARD,front_office,meet-recording/data_sheets_historical/mangal all data sheet/UPI STATMENT/PTM - JULY 2025 (1).xlsx,
2025-07-12 10:10:23,1326.0,0.0,0.0,1326.0,YESAP51943145592,2025-07-13 10:42:34,UPI,front_office,meet-recording/data_sheets_historical/mangal all data sheet/UPI STATMENT/PTM - JULY 2025 (1).xlsx,
2025-07-12 10:02:09,800.0,0.0,0.0,800.0,YESAP51943145592,2025-07-13 10:42:34,UPI,front_office,meet-recording/data_sheets_historical/mangal all data sheet/UPI STATMENT/PTM - JULY 2025 (1).xlsx,
2025-07-12 09:44:27,400.0,0.0,0.0,400.0,YESAP51943145592,2025-07-13 10:42:34,UPI,front_office,meet-recording/data_sheets_historical/mangal all data sheet/UPI STATMENT/PTM - JULY 2025 (1).xlsx,
2025-07-12 21:22:19,3000.0,0.0,0.0,3000.0,YESAP51943145592,2025-07-13 10:42:34,UPI,front_office,meet-recording/data_sheets_historical/mangal all data sheet/UPI STATMENT/PTM - JULY 2025 (1).xlsx,
2025-07-12 20:51:14,2000.0,0.0,0.0,2000.0,YESAP51943145592,2025-07-13 10:42:34,UPI,front_office,meet-recording/data_sheets_historical/mangal all data sheet/UPI STATMENT/PTM - JULY 2025 (1).xlsx,
2025-07-12 20:06:35,6000.0,105.0,18.9,5876.1,YESAP51943145592,2025-07-13 10:42:34,CREDIT_CARD,front_office,meet-recording/data_sheets_historical/mangal all data sheet/UPI STATMENT/PTM - JULY 2025 (1).xlsx,
2025-07-12 19:17:10,449.0,0.0,0.0,449.0,YESAP51943145592,2025-07-13 10:42:34,UPI,front_office,meet-recording/data_sheets_historical/mangal all data sheet/UPI STATMENT/PTM - JULY 2025 (1).xlsx,
2025-07-12 18:40:25,80.0,1.8,0.32,77.88,YESAP51943145592,2025-07-13 10:42:34,UPI (CREDIT CARD),front_office,meet-recording/data_sheets_historical/mangal all data sheet/UPI STATMENT/PTM - JULY 2025 (1).xlsx,
2025-07-12 17:22:25,11000.0,0.0,0.0,11000.0,YESAP51943145592,2025-07-13 10:42:34,UPI,front_office,meet-recording/data_sheets_historical/mangal all data sheet/UPI STATMENT/PTM - JULY 2025 (1).xlsx,
2025-07-12 16:33:13,60.0,0.0,0.0,60.0,YESAP51943145592,2025-07-13 10:42:34,UPI,front_office,meet-recording/data_sheets_historical/mangal all data sheet/UPI STATMENT/PTM - JULY 2025 (1).xlsx,
2025-07-12 23:26:23,3349.0,0.0,0.0,3349.0,YESAP51943145592,2025-07-13 10:42:34,UPI,front_office,meet-recording/data_sheets_historical/mangal all data sheet/UPI STATMENT/PTM - JULY 2025 (1).xlsx,
2025-07-12 23:22:47,1457.0,0.0,0.0,1457.0,YESAP51943145592,2025-07-13 10:42:34,UPI,front_office,meet-recording/data_sheets_historical/mangal all data sheet/UPI STATMENT/PTM - JULY 2025 (1).xlsx,
2025-07-12 22:54:41,777.0,0.0,0.0,777.0,YESAP51943145592,2025-07-13 10:42:34,UPI,front_office,meet-recording/data_sheets_historical/mangal all data sheet/UPI STATMENT/PTM - JULY 2025 (1).xlsx,
2025-07-12 22:43:19,9000.0,202.5,36.45,8761.05,YESAP51943145592,2025-07-13 10:42:34,UPI (CREDIT CARD),front_office,meet-recording/data_sheets_historical/mangal all data sheet/UPI STATMENT/PTM - JULY 2025 (1).xlsx,
2025-07-12 22:42:21,1017.0,0.0,0.0,1017.0,YESAP51943145592,2025-07-13 10:42:34,UPI,front_office,meet-recording/data_sheets_historical/mangal all data sheet/UPI STATMENT/PTM - JULY 2025 (1).xlsx,
2025-07-12 22:41:44,800.0,0.0,0.0,800.0,YESAP51943145592,2025-07-13 10:42:34,UPI,front_office,meet-recording/data_sheets_historical/mangal all data sheet/UPI STATMENT/PTM - JULY 2025 (1).xlsx,
2025-07-12 22:18:10,3000.0,0.0,0.0,3000.0,YESAP51943145592,2025-07-13 10:42:34,UPI,front_office,meet-recording/data_sheets_historical/mangal all data sheet/UPI STATMENT/PTM - JULY 2025 (1).xlsx,
2025-07-12 22:10:14,489.0,0.0,0.0,489.0,YESAP51943145592,2025-07-13 10:42:34,UPI,front_office,meet-recording/data_sheets_historical/mangal all data sheet/UPI STATMENT/PTM - JULY 2025 (1).xlsx,
2025-07-12 21:51:11,1176.0,0.0,0.0,1176.0,YESAP51943145592,2025-07-13 10:42:34,UPI,front_office,meet-recording/data_sheets_historical/mangal all data sheet/UPI STATMENT/PTM - JULY 2025 (1).xlsx,
2025-07-12 21:47:16,1086.0,0.0,0.0,1086.0,YESAP51943145592,2025-07-13 10:42:34,UPI,front_office,meet-recording/data_sheets_historical/mangal all data sheet/UPI STATMENT/PTM - JULY 2025 (1).xlsx,
2025-07-12 21:44:29,300.0,0.0,0.0,300.0,YESAP51943145592,2025-07-13 10:42:34,UPI,front_office,meet-recording/data_sheets_historical/mangal all data sheet/UPI STATMENT/PTM - JULY 2025 (1).xlsx,
2025-07-12 21:42:54,498.0,0.0,0.0,498.0,YESAP51943145592,2025-07-13 10:42:34,UPI,front_office,meet-recording/data_sheets_historical/mangal all data sheet/UPI STATMENT/PTM - JULY 2025 (1).xlsx,
,,,,,,,,front_office,meet-recording/data_sheets_historical/mangal all data sheet/UPI STATMENT/PTM - JULY 2025 (1).xlsx,
2025-07-13 09:31:08,180.0,0.0,0.0,180.0,YESAP51953105806,2025-07-14 10:50:24,UPI,front_office,meet-recording/data_sheets_historical/mangal all data sheet/UPI STATMENT/PTM - JULY 2025 (1).xlsx,
2025-07-13 09:15:06,1804.0,0.0,0.0,1804.0,YESAP51953105806,2025-07-14 10:50:24,UPI,front_office,meet-recording/data_sheets_historical/mangal all data sheet/UPI STATMENT/PTM - JULY 2025 (1).xlsx,
2025-07-13 08:51:41,40.0,0.9,0.16,38.94,YESAP51953105806,2025-07-14 10:50:24,UPI (CREDIT CARD),front_office,meet-recording/data_sheets_historical/mangal all data sheet/UPI STATMENT/PTM - JULY 2025 (1).xlsx,
2025-07-13 07:07:22,80.0,0.0,0.0,80.0,YESAP51953105806,2025-07-14 10:50:24,UPI,front_office,meet-recording/data_sheets_historical/mangal all data sheet/UPI STATMENT/PTM - JULY 2025 (1).xlsx,
2025-07-13 06:22:22,509.0,0.0,0.0,509.0,YESAP51953105806,2025-07-14 10:50:24,UPI,front_office,meet-recording/data_sheets_historical/mangal all data sheet/UPI STATMENT/PTM - JULY 2025 (1).xlsx,
2025-07-13 15:15:14,1176.0,0.0,0.0,1176.0,YESAP51953105806,2025-07-14 10:50:24,UPI,front_office,meet-recording/data_sheets_historical/mangal all data sheet/UPI STATMENT/PTM - JULY 2025 (1).xlsx,
2025-07-13 15:05:48,8614.14,0.0,0.0,8614.14,YESAP51953105806,2025-07-14 10:50:24,DEBIT_CARD,front_office,meet-recording/data_sheets_historical/mangal all data sheet/UPI STATMENT/PTM - JULY 2025 (1).xlsx,
2025-07-13 11:34:28,5500.0,0.0,0.0,5500.0,YESAP51953105806,2025-07-14 10:50:24,UPI,front_office,meet-recording/data_sheets_historical/mangal all data sheet/UPI STATMENT/PTM - JULY 2025 (1).xlsx,
2025-07-13 11:13:36,4000.0,90.0,16.2,3893.8,YESAP51953105806,2025-07-14 10:50:24,UPI (CREDIT CARD),front_office,meet-recording/data_sheets_historical/mangal all data sheet/UPI STATMENT/PTM - JULY 2025 (1).xlsx,
2025-07-13 11:12:51,5000.0,112.5,20.25,4867.25,YESAP51953105806,2025-07-14 10:50:24,UPI (CREDIT CARD),front_office,meet-recording/data_sheets_historical/mangal all data sheet/UPI STATMENT/PTM - JULY 2025 (1).xlsx,
2025-07-13 10:57:05,967.0,0.0,0.0,967.0,YESAP51953105806,2025-07-14 10:50:24,UPI,front_office,meet-recording/data_sheets_historical/mangal all data sheet/UPI STATMENT/PTM - JULY 2025 (1).xlsx,
2025-07-13 10:53:25,600.0,10.5,1.89,587.61,YESAP51953105806,2025-07-14 10:50:24,CREDIT_CARD,front_office,meet-recording/data_sheets_historical/mangal all data sheet/UPI STATMENT/PTM - JULY 2025 (1).xlsx,
2025-07-13 10:47:08,100.0,0.0,0.0,100.0,YESAP51953105806,2025-07-14 10:50:24,UPI,front_office,meet-recording/data_sheets_historical/mangal all data sheet/UPI STATMENT/PTM - JULY 2025 (1).xlsx,
2025-07-13 10:38:07,1265.0,22.14,3.99,1238.87,YESAP51953105806,2025-07-14 10:50:24,CREDIT_CARD,front_office,meet-recording/data_sheets_historical/mangal all data sheet/UPI STATMENT/PTM - JULY 2025 (1).xlsx,
2025-07-13 10:26:32,2153.0,0.0,0.0,2153.0,YESAP51953105806,2025-07-14 10:50:24,UPI,front_office,meet-recording/data_sheets_historical/mangal all data sheet/UPI STATMENT/PTM - JULY 2025 (1).xlsx,
2025-07-13 10:10:14,119.0,0.0,0.0,119.0,YESAP51953105806,2025-07-14 10:50:24,UPI,front_office,meet-recording/data_sheets_historical/mangal all data sheet/UPI STATMENT/PTM - JULY 2025 (1).xlsx,
2025-07-13 10:04:25,3750.0,0.0,0.0,3750.0,YESAP51953105806,2025-07-14 10:50:24,UPI,front_office,meet-recording/data_sheets_historical/mangal all data sheet/UPI STATMENT/PTM - JULY 2025 (1).xlsx,
2025-07-13 09:55:31,569.0,0.0,0.0,569.0,YESAP51953105806,2025-07-14 10:50:24,UPI,front_office,meet-recording/data_sheets_historical/mangal all data sheet/UPI STATMENT/PTM - JULY 2025 (1).xlsx,
2025-07-13 09:47:43,509.0,0.0,0.0,509.0,YESAP51953105806,2025-07-14 10:50:24,UPI,front_office,meet-recording/data_sheets_historical/mangal all data sheet/UPI STATMENT/PTM - JULY 2025 (1).xlsx,
2025-07-13 21:37:16,1166.0,0.0,0.0,1166.0,YESAP51953105806,2025-07-14 10:50:24,UPI,front_office,meet-recording/data_sheets_historical/mangal all data sheet/UPI STATMENT/PTM - JULY 2025 (1).xlsx,
2025-07-13 21:22:08,2744.0,0.0,0.0,2744.0,YESAP51953105806,2025-07-14 10:50:24,UPI,front_office,meet-recording/data_sheets_historical/mangal all data sheet/UPI STATMENT/PTM - JULY 2025 (1).xlsx,
2025-07-13 21:17:41,1571.0,0.0,0.0,1571.0,YESAP51953105806,2025-07-14 10:50:24,UPI,front_office,meet-recording/data_sheets_historical/mangal all data sheet/UPI STATMENT/PTM - JULY 2025 (1).xlsx,
2025-07-13 21:16:16,1365.0,0.0,0.0,1365.0,YESAP51953105806,2025-07-14 10:50:24,UPI,front_office,meet-recording/data_sheets_historical/mangal all data sheet/UPI STATMENT/PTM - JULY 2025 (1).xlsx,
2025-07-13 20:30:50,2043.0,0.0,0.0,2043.0,YESAP51953105806,2025-07-14 10:50:24,UPI,front_office,meet-recording/data_sheets_historical/mangal all data sheet/UPI STATMENT/PTM - JULY 2025 (1).xlsx,
2025-07-13 22:04:57,508.0,0.0,0.0,508.0,YESAP51953105806,2025-07-14 10:50:24,UPI,front_office,meet-recording/data_sheets_historical/mangal all data sheet/UPI STATMENT/PTM - JULY 2025 (1).xlsx,
2025-07-13 21:45:56,658.0,0.0,0.0,658.0,YESAP51953105806,2025-07-14 10:50:24,UPI,front_office,meet-recording/data_sheets_historical/mangal all data sheet/UPI STATMENT/PTM - JULY 2025 (1).xlsx,
2025-07-13 21:44:24,1096.0,0.0,0.0,1096.0,YESAP51953105806,2025-07-14 10:50:24,UPI,front_office,meet-recording/data_sheets_historical/mangal all data sheet/UPI STATMENT/PTM - JULY 2025 (1).xlsx,
2025-07-13 21:43:26,509.0,0.0,0.0,509.0,YESAP51953105806,2025-07-14 10:50:24,UPI,front_office,meet-recording/data_sheets_historical/mangal all data sheet/UPI STATMENT/PTM - JULY 2025 (1).xlsx,
,,,,,,,,front_office,meet-recording/data_sheets_historical/mangal all data sheet/UPI STATMENT/PTM - JULY 2025 (1).xlsx,
2025-07-14 07:09:04,6800.0,0.0,0.0,6800.0,YESAP51963052873,2025-07-15 10:36:40,UPI,front_office,meet-recording/data_sheets_historical/mangal all data sheet/UPI STATMENT/PTM - JULY 2025 (1).xlsx,
2025-07-14 14:18:06,5000.0,112.5,20.25,4867.25,YESAP51963052873,2025-07-15 10:36:40,UPI (CREDIT CARD),front_office,meet-recording/data_sheets_historical/mangal all data sheet/UPI STATMENT/PTM - JULY 2025 (1).xlsx,
2025-07-14 12:05:19,677.0,0.0,0.0,677.0,YESAP51963052873,2025-07-15 10:36:40,UPI,front_office,meet-recording/data_sheets_historical/mangal all data sheet/UPI STATMENT/PTM - JULY 2025 (1).xlsx,
2025-07-14 11:26:03,149.0,0.0,0.0,149.0,YESAP51963052873,2025-07-15 10:36:40,UPI,front_office,meet-recording/data_sheets_historical/mangal all data sheet/UPI STATMENT/PTM - JULY 2025 (1).xlsx,
2025-07-14 10:17:25,1474.0,0.0,0.0,1474.0,YESAP51963052873,2025-07-15 10:36:40,UPI,front_office,meet-recording/data_sheets_historical/mangal all data sheet/UPI STATMENT/PTM - JULY 2025 (1).xlsx,
2025-07-14 10:04:48,918.0,0.0,0.0,918.0,YESAP51963052873,2025-07-15 10:36:40,UPI,front_office,meet-recording/data_sheets_historical/mangal all data sheet/UPI STATMENT/PTM - JULY 2025 (1).xlsx,
2025-07-14 21:19:34,708.0,0.0,0.0,708.0,YESAP51963052873,2025-07-15 10:36:40,UPI,front_office,meet-recording/data_sheets_historical/mangal all data sheet/UPI STATMENT/PTM - JULY 2025 (1).xlsx,
2025-07-14 19:41:02,282.0,0.0,0.0,282.0,YESAP51963052873,2025-07-15 10:36:40,UPI,front_office,meet-recording/data_sheets_historical/mangal all data sheet/UPI STATMENT/PTM - JULY 2025 (1).xlsx,
2025-07-14 19:01:21,469.0,0.0,0.0,469.0,YESAP51963052873,2025-07-15 10:36:40,UPI,front_office,meet-recording/data_sheets_historical/mangal all data sheet/UPI STATMENT/PTM - JULY 2025 (1).xlsx,
2025-07-14 16:18:17,449.0,0.0,0.0,449.0,YESAP51963052873,2025-07-15 10:36:40,UPI,front_office,meet-recording/data_sheets_historical/mangal all data sheet/UPI STATMENT/PTM - JULY 2025 (1).xlsx,
2025-07-14 22:26:36,758.0,17.06,3.07,737.87,YESAP51963052873,2025-07-15 10:36:40,UPI (CREDIT CARD),front_office,meet-recording/data_sheets_historical/mangal all data sheet/UPI STATMENT/PTM - JULY 2025 (1).xlsx,
2025-07-14 22:25:00,718.0,0.0,0.0,718.0,YESAP51963052873,2025-07-15 10:36:40,UPI,front_office,meet-recording/data_sheets_historical/mangal all data sheet/UPI STATMENT/PTM - JULY 2025 (1).xlsx,
2025-07-14 21:54:58,519.0,0.0,0.0,519.0,YESAP51963052873,2025-07-15 10:36:40,UPI,front_office,meet-recording/data_sheets_historical/mangal all data sheet/UPI STATMENT/PTM - JULY 2025 (1).xlsx,
2025-07-14 21:54:58,1543.0,0.0,0.0,1543.0,YESAP51963052873,2025-07-15 10:36:40,UPI,front_office,meet-recording/data_sheets_historical/mangal all data sheet/UPI STATMENT/PTM - JULY 2025 (1).xlsx,
,,,,,,,,front_office,meet-recording/data_sheets_historical/mangal all data sheet/UPI STATMENT/PTM - JULY 2025 (1).xlsx,
2025-07-15 09:38:55,1334.0,0.0,0.0,1334.0,YESAP51973330061,2025-07-16 10:38:07,UPI,front_office,meet-recording/data_sheets_historical/mangal all data sheet/UPI STATMENT/PTM - JULY 2025 (1).xlsx,
2025-07-15 09:28:22,400.0,0.0,0.0,400.0,YESAP51973330061,2025-07-16 10:38:07,UPI,front_office,meet-recording/data_sheets_historical/mangal all data sheet/UPI STATMENT/PTM - JULY 2025 (1).xlsx,
2025-07-15 08:36:35,149.0,0.0,0.0,149.0,YESAP51973330061,2025-07-16 10:38:07,DEBIT_CARD,front_office,meet-recording/data_sheets_historical/mangal all data sheet/UPI STATMENT/PTM - JULY 2025 (1).xlsx,
2025-07-15 12:28:06,2260.08,50.85,9.15,2200.08,YESAP51973330061,2025-07-16 10:38:07,UPI (CREDIT CARD),front_office,meet-recording/data_sheets_historical/mangal all data sheet/UPI STATMENT/PTM - JULY 2025 (1).xlsx,
2025-07-15 11:39:13,10000.0,0.0,0.0,10000.0,YESAP51973330061,2025-07-16 10:38:07,UPI,front_office,meet-recording/data_sheets_historical/mangal all data sheet/UPI STATMENT/PTM - JULY 2025 (1).xlsx,
2025-07-15 10:21:55,4754.0,83.2,14.98,4655.82,YESAP51973330061,2025-07-16 10:38:07,CREDIT_CARD,front_office,meet-recording/data_sheets_historical/mangal all data sheet/UPI STATMENT/PTM - JULY 2025 (1).xlsx,
2025-07-15 09:53:31,519.0,0.0,0.0,519.0,YESAP51973330061,2025-07-16 10:38:07,UPI,front_office,meet-recording/data_sheets_historical/mangal all data sheet/UPI STATMENT/PTM - JULY 2025 (1).xlsx,
2025-07-15 09:46:12,3750.0,0.0,0.0,3750.0,YESAP51973330061,2025-07-16 10:38:07,UPI,front_office,meet-recording/data_sheets_historical/mangal all data sheet/UPI STATMENT/PTM - JULY 2025 (1).xlsx,
2025-07-15 21:25:10,1028.0,0.0,0.0,1028.0,YESAP51973330061,2025-07-16 10:38:07,UPI,front_office,meet-recording/data_sheets_historical/mangal all data sheet/UPI STATMENT/PTM - JULY 2025 (1).xlsx,
2025-07-15 21:12:19,541.0,0.0,0.0,541.0,YESAP51973330061,2025-07-16 10:38:07,UPI,front_office,meet-recording/data_sheets_historical/mangal all data sheet/UPI STATMENT/PTM - JULY 2025 (1).xlsx,
2025-07-15 21:08:11,1520.0,0.0,0.0,1520.0,YESAP51973330061,2025-07-16 10:38:07,UPI,front_office,meet-recording/data_sheets_historical/mangal all data sheet/UPI STATMENT/PTM - JULY 2025 (1).xlsx,
2025-07-15 20:20:58,638.0,0.0,0.0,638.0,YESAP51973330061,2025-07-16 10:38:07,UPI,front_office,meet-recording/data_sheets_historical/mangal all data sheet/UPI STATMENT/PTM - JULY 2025 (1).xlsx,
2025-07-15 20:18:11,508.0,0.0,0.0,508.0,YESAP51973330061,2025-07-16 10:38:07,UPI,front_office,meet-recording/data_sheets_historical/mangal all data sheet/UPI STATMENT/PTM - JULY 2025 (1).xlsx,
2025-07-15 17:52:26,3000.0,66.0,11.88,2922.12,YESAP51973330061,2025-07-16 10:38:07,DEBIT_CARD,front_office,meet-recording/data_sheets_historical/mangal all data sheet/UPI STATMENT/PTM - JULY 2025 (1).xlsx,
2025-07-15 17:45:05,1018.0,0.0,0.0,1018.0,YESAP51973330061,2025-07-16 10:38:07,UPI,front_office,meet-recording/data_sheets_historical/mangal all data sheet/UPI STATMENT/PTM - JULY 2025 (1).xlsx,
2025-07-15 17:13:40,449.0,0.0,0.0,449.0,YESAP51973330061,2025-07-16 10:38:07,UPI,front_office,meet-recording/data_sheets_historical/mangal all data sheet/UPI STATMENT/PTM - JULY 2025 (1).xlsx,
2025-07-15 23:41:36,2500.0,0.0,0.0,2500.0,YESAP51973330061,2025-07-16 10:38:07,UPI,front_office,meet-recording/data_sheets_historical/mangal all data sheet/UPI STATMENT/PTM - JULY 2025 (1).xlsx,
2025-07-15 22:54:35,509.0,0.0,0.0,509.0,YESAP51973330061,2025-07-16 10:38:07,UPI,front_office,meet-recording/data_sheets_historical/mangal all data sheet/UPI STATMENT/PTM - JULY 2025 (1).xlsx,
2025-07-15 22:35:24,598.0,13.46,2.42,582.12,YESAP51973330061,2025-07-16 10:38:07,UPI (CREDIT CARD),front_office,meet-recording/data_sheets_historical/mangal all data sheet/UPI STATMENT/PTM - JULY 2025 (1).xlsx,
2025-07-15 22:26:34,1016.0,0.0,0.0,1016.0,YESAP51973330061,2025-07-16 10:38:07,UPI,front_office,meet-recording/data_sheets_historical/mangal all data sheet/UPI STATMENT/PTM - JULY 2025 (1).xlsx,
2025-07-15 22:13:09,800.0,0.0,0.0,800.0,YESAP51973330061,2025-07-16 10:38:07,UPI,front_office,meet-recording/data_sheets_historical/mangal all data sheet/UPI STATMENT/PTM - JULY 2025 (1).xlsx,
2025-07-15 22:12:51,489.0,0.0,0.0,489.0,YESAP51973330061,2025-07-16 10:38:07,UPI,front_office,meet-recording/data_sheets_historical/mangal all data sheet/UPI STATMENT/PTM - JULY 2025 (1).xlsx,
2025-07-15 22:11:59,2000.0,0.0,0.0,2000.0,YESAP51973330061,2025-07-16 10:38:07,UPI,front_office,meet-recording/data_sheets_historical/mangal all data sheet/UPI STATMENT/PTM - JULY 2025 (1).xlsx,
2025-07-15 22:01:36,210.0,0.0,0.0,210.0,YESAP51973330061,2025-07-16 10:38:07,UPI,front_office,meet-recording/data_sheets_historical/mangal all data sheet/UPI STATMENT/PTM - JULY 2025 (1).xlsx,
2025-07-15 21:53:53,858.0,0.0,0.0,858.0,YESAP51973330061,2025-07-16 10:38:07,UPI,front_office,meet-recording/data_sheets_historical/mangal all data sheet/UPI STATMENT/PTM - JULY 2025 (1).xlsx,
,,,,,,,,front_office,meet-recording/data_sheets_historical/mangal all data sheet/UPI STATMENT/PTM - JULY 2025 (1).xlsx,
2025-07-16 09:26:06,400.0,0.0,0.0,400.0,YESAP51983199517,2025-07-17 10:34:09,UPI,front_office,meet-recording/data_sheets_historical/mangal all data sheet/UPI STATMENT/PTM - JULY 2025 (1).xlsx,
2025-07-16 08:46:20,1400.0,0.0,0.0,1400.0,YESAP51983199517,2025-07-17 10:34:09,UPI,front_office,meet-recording/data_sheets_historical/mangal all data sheet/UPI STATMENT/PTM - JULY 2025 (1).xlsx,
2025-07-16 07:55:03,498.0,10.96,1.97,485.07,YESAP51983199517,2025-07-17 10:34:09,DEBIT_CARD,front_office,meet-recording/data_sheets_historical/mangal all data sheet/UPI STATMENT/PTM - JULY 2025 (1).xlsx,
2025-07-16 13:42:18,3832.0,0.0,0.0,3832.0,YESAP51983199517,2025-07-17 10:34:09,UPI,front_office,meet-recording/data_sheets_historical/mangal all data sheet/UPI STATMENT/PTM - JULY 2025 (1).xlsx,
2025-07-16 10:56:08,1603.0,47.93,8.63,1546.44,YESAP51983199517,2025-07-17 10:34:09,CREDIT_CARD,front_office,meet-recording/data_sheets_historical/mangal all data sheet/UPI STATMENT/PTM - JULY 2025 (1).xlsx,
2025-07-16 10:47:53,2000.0,35.0,6.3,1958.7,YESAP51983199517,2025-07-17 10:34:09,CREDIT_CARD,front_office,meet-recording/data_sheets_historical/mangal all data sheet/UPI STATMENT/PTM - JULY 2025 (1).xlsx,
2025-07-16 09:50:14,647.0,0.0,0.0,647.0,YESAP51983199517,2025-07-17 10:34:09,UPI,front_office,meet-recording/data_sheets_historical/mangal all data sheet/UPI STATMENT/PTM - JULY 2025 (1).xlsx,
2025-07-16 21:38:09,3369.0,0.0,0.0,3369.0,YESAP51983199517,2025-07-17 10:34:09,UPI,front_office,meet-recording/data_sheets_historical/mangal all data sheet/UPI STATMENT/PTM - JULY 2025 (1).xlsx,
2025-07-16 20:18:14,429.0,0.0,0.0,429.0,YESAP51983199517,2025-07-17 10:34:09,UPI,front_office,meet-recording/data_sheets_historical/mangal all data sheet/UPI STATMENT/PTM - JULY 2025 (1).xlsx,
2025-07-16 19:43:57,504.0,0.0,0.0,504.0,YESAP51983199517,2025-07-17 10:34:09,UPI,front_office,meet-recording/data_sheets_historical/mangal all data sheet/UPI STATMENT/PTM - JULY 2025 (1).xlsx,
2025-07-16 19:07:23,1177.0,0.0,0.0,1177.0,YESAP51983199517,2025-07-17 10:34:09,UPI,front_office,meet-recording/data_sheets_historical/mangal all data sheet/UPI STATMENT/PTM - JULY 2025 (1).xlsx,
2025-07-16 17:32:28,4000.0,70.0,12.6,3917.4,YESAP51983199517,2025-07-17 10:34:09,CREDIT_CARD,front_office,meet-recording/data_sheets_historical/mangal all data sheet/UPI STATMENT/PTM - JULY 2025 (1).xlsx,
2025-07-16 23:39:07,3000.0,27.0,4.86,2968.14,YESAP51983199517,2025-07-17 10:34:09,DEBIT_CARD,front_office,meet-recording/data_sheets_historical/mangal all data sheet/UPI STATMENT/PTM - JULY 2025 (1).xlsx,
2025-07-16 22:45:14,418.0,9.41,1.69,406.9,YESAP51983199517,2025-07-17 10:34:09,UPI (CREDIT CARD),front_office,meet-recording/data_sheets_historical/mangal all data sheet/UPI STATMENT/PTM - JULY 2025 (1).xlsx,
2025-07-16 22:39:17,2163.0,0.0,0.0,2163.0,YESAP51983199517,2025-07-17 10:34:09,UPI,front_office,meet-recording/data_sheets_historical/mangal all data sheet/UPI STATMENT/PTM - JULY 2025 (1).xlsx,
2025-07-16 22:10:09,740.0,0.0,0.0,740.0,YESAP51983199517,2025-07-17 10:34:09,UPI,front_office,meet-recording/data_sheets_historical/mangal all data sheet/UPI STATMENT/PTM - JULY 2025 (1).xlsx,
2025-07-16 22:04:32,40.0,0.0,0.0,40.0,YESAP51983199517,2025-07-17 10:34:09,UPI,front_office,meet-recording/data_sheets_historical/mangal all data sheet/UPI STATMENT/PTM - JULY 2025 (1).xlsx,
2025-07-16 22:03:22,3780.0,0.0,0.0,3780.0,YESAP51983199517,2025-07-17 10:34:09,UPI,front_office,meet-recording/data_sheets_historical/mangal all data sheet/UPI STATMENT/PTM - JULY 2025 (1).xlsx,
2025-07-16 21:52:26,118.0,0.0,0.0,118.0,YESAP51983199517,2025-07-17 10:34:09,UPI,front_office,meet-recording/data_sheets_historical/mangal all data sheet/UPI STATMENT/PTM - JULY 2025 (1).xlsx,
2025-07-16 21:42:14,539.0,0.0,0.0,539.0,YESAP51983199517,2025-07-17 10:34:09,UPI,front_office,meet-recording/data_sheets_historical/mangal all data sheet/UPI STATMENT/PTM - JULY 2025 (1).xlsx,
,,,,,,,,front_office,meet-recording/data_sheets_historical/mangal all data sheet/UPI STATMENT/PTM - JULY 2025 (1).xlsx,
2025-07-17 08:46:02,300.0,0.0,0.0,300.0,YESAP51993140374,2025-07-18 10:45:01,UPI,front_office,meet-recording/data_sheets_historical/mangal all data sheet/UPI STATMENT/PTM - JULY 2025 (1).xlsx,
2025-07-17 07:01:24,449.0,0.0,0.0,449.0,YESAP51993140374,2025-07-18 10:45:01,UPI,front_office,meet-recording/data_sheets_historical/mangal all data sheet/UPI STATMENT/PTM - JULY 2025 (1).xlsx,
2025-07-17 14:16:54,1380.0,0.0,0.0,1380.0,YESAP51993140374,2025-07-18 10:45:01,UPI,front_office,meet-recording/data_sheets_historical/mangal all data sheet/UPI STATMENT/PTM - JULY 2025 (1).xlsx,
2025-07-17 13:57:49,569.0,0.0,0.0,569.0,YESAP51993140374,2025-07-18 10:45:01,UPI,front_office,meet-recording/data_sheets_historical/mangal all data sheet/UPI STATMENT/PTM - JULY 2025 (1).xlsx,
2025-07-17 11:57:20,60.0,0.0,0.0,60.0,YESAP51993140374,2025-07-18 10:45:01,UPI,front_office,meet-recording/data_sheets_historical/mangal all data sheet/UPI STATMENT/PTM - JULY 2025 (1).xlsx,
2025-07-17 11:31:29,418.0,9.41,1.69,406.9,YESAP51993140374,2025-07-18 10:45:01,UPI (CREDIT CARD),front_office,meet-recording/data_sheets_historical/mangal all data sheet/UPI STATMENT/PTM - JULY 2025 (1).xlsx,
2025-07-17 11:05:07,4000.0,70.0,12.6,3917.4,YESAP51993140374,2025-07-18 10:45:01,CREDIT_CARD,front_office,meet-recording/data_sheets_historical/mangal all data sheet/UPI STATMENT/PTM - JULY 2025 (1).xlsx,
2025-07-17 10:03:59,349.0,7.85,1.41,339.74,YESAP51993140374,2025-07-18 10:45:01,UPI (CREDIT CARD),front_office,meet-recording/data_sheets_historical/mangal all data sheet/UPI STATMENT/PTM - JULY 2025 (1).xlsx,
2025-07-17 09:56:55,240.0,0.0,0.0,240.0,YESAP51993140374,2025-07-18 10:45:01,UPI,front_office,meet-recording/data_sheets_historical/mangal all data sheet/UPI STATMENT/PTM - JULY 2025 (1).xlsx,
2025-07-17 09:42:53,120.0,0.0,0.0,120.0,YESAP51993140374,2025-07-18 10:45:01,UPI,front_office,meet-recording/data_sheets_historical/mangal all data sheet/UPI STATMENT/PTM - JULY 2025 (1).xlsx,
2025-07-17 21:15:11,40.0,0.0,0.0,40.0,YESAP51993140374,2025-07-18 10:45:01,UPI,front_office,meet-recording/data_sheets_historical/mangal all data sheet/UPI STATMENT/PTM - JULY 2025 (1).xlsx,
2025-07-17 21:01:27,180.0,0.0,0.0,180.0,YESAP51993140374,2025-07-18 10:45:01,UPI,front_office,meet-recording/data_sheets_historical/mangal all data sheet/UPI STATMENT/PTM - JULY 2025 (1).xlsx,
2025-07-17 20:09:57,249.0,0.0,0.0,249.0,YESAP51993140374,2025-07-18 10:45:01,UPI,front_office,meet-recording/data_sheets_historical/mangal all data sheet/UPI STATMENT/PTM - JULY 2025 (1).xlsx,
2025-07-17 18:14:06,3000.0,66.0,11.88,2922.12,YESAP51993140374,2025-07-18 10:45:01,DEBIT_CARD,front_office,meet-recording/data_sheets_historical/mangal all data sheet/UPI STATMENT/PTM - JULY 2025 (1).xlsx,
2025-07-17 17:23:25,709.0,0.0,0.0,709.0,YESAP51993140374,2025-07-18 10:45:01,UPI,front_office,meet-recording/data_sheets_historical/mangal all data sheet/UPI STATMENT/PTM - JULY 2025 (1).xlsx,
2025-07-17 15:59:41,210.0,0.0,0.0,210.0,YESAP51993140374,2025-07-18 10:45:01,UPI,front_office,meet-recording/data_sheets_historical/mangal all data sheet/UPI STATMENT/PTM - JULY 2025 (1).xlsx,
2025-07-17 22:22:21,898.0,0.0,0.0,898.0,YESAP51993140374,2025-07-18 10:45:01,UPI,front_office,meet-recording/data_sheets_historical/mangal all data sheet/UPI STATMENT/PTM - JULY 2025 (1).xlsx,
2025-07-17 22:11:14,494.0,0.0,0.0,494.0,YESAP51993140374,2025-07-18 10:45:01,UPI,front_office,meet-recording/data_sheets_historical/mangal all data sheet/UPI STATMENT/PTM - JULY 2025 (1).xlsx,
,,,,,,,,front_office,meet-recording/data_sheets_historical/mangal all data sheet/UPI STATMENT/PTM - JULY 2025 (1).xlsx,
2025-07-18 09:24:41,439.0,9.66,1.74,427.6,YESAP52003190021,2025-07-19 10:41:08,DEBIT_CARD,front_office,meet-recording/data_sheets_historical/mangal all data sheet/UPI STATMENT/PTM - JULY 2025 (1).xlsx,
2025-07-18 07:38:30,500.0,0.0,0.0,500.0,YESAP52003190021,2025-07-19 10:41:08,UPI,front_office,meet-recording/data_sheets_historical/mangal all data sheet/UPI STATMENT/PTM - JULY 2025 (1).xlsx,
2025-07-18 14:34:04,400.0,0.0,0.0,400.0,YESAP52003190021,2025-07-19 10:41:08,UPI,front_office,meet-recording/data_sheets_historical/mangal all data sheet/UPI STATMENT/PTM - JULY 2025 (1).xlsx,
2025-07-18 12:17:33,2500.0,0.0,0.0,2500.0,YESAP52003190021,2025-07-19 10:41:08,UPI,front_office,meet-recording/data_sheets_historical/mangal all data sheet/UPI STATMENT/PTM - JULY 2025 (1).xlsx,
2025-07-18 11:45:28,378.0,0.0,0.0,378.0,YESAP52003190021,2025-07-19 10:41:08,UPI,front_office,meet-recording/data_sheets_historical/mangal all data sheet/UPI STATMENT/PTM - JULY 2025 (1).xlsx,
2025-07-18 09:47:49,60.0,1.35,0.24,58.41,YESAP52003190021,2025-07-19 10:41:08,UPI (CREDIT CARD),front_office,meet-recording/data_sheets_historical/mangal all data sheet/UPI STATMENT/PTM - JULY 2025 (1).xlsx,
2025-07-18 20:57:41,479.0,0.0,0.0,479.0,YESAP52003190021,2025-07-19 10:41:08,UPI,front_office,meet-recording/data_sheets_historical/mangal all data sheet/UPI STATMENT/PTM - JULY 2025 (1).xlsx,
2025-07-18 20:20:05,1057.0,0.0,0.0,1057.0,YESAP52003190021,2025-07-19 10:41:08,UPI,front_office,meet-recording/data_sheets_historical/mangal all data sheet/UPI STATMENT/PTM - JULY 2025 (1).xlsx,
2025-07-18 20:12:48,498.0,0.0,0.0,498.0,YESAP52003190021,2025-07-19 10:41:08,UPI,front_office,meet-recording/data_sheets_historical/mangal all data sheet/UPI STATMENT/PTM - JULY 2025 (1).xlsx,
2025-07-18 19:19:36,1100.0,0.0,0.0,1100.0,YESAP52003190021,2025-07-19 10:41:08,UPI,front_office,meet-recording/data_sheets_historical/mangal all data sheet/UPI STATMENT/PTM - JULY 2025 (1).xlsx,
2025-07-18 16:57:12,140.0,0.0,0.0,140.0,YESAP52003190021,2025-07-19 10:41:08,UPI,front_office,meet-recording/data_sheets_historical/mangal all data sheet/UPI STATMENT/PTM - JULY 2025 (1).xlsx,
2025-07-18 16:54:17,120.0,0.0,0.0,120.0,YESAP52003190021,2025-07-19 10:41:08,UPI,front_office,meet-recording/data_sheets_historical/mangal all data sheet/UPI STATMENT/PTM - JULY 2025 (1).xlsx,
2025-07-18 15:59:03,180.0,0.0,0.0,180.0,YESAP52003190021,2025-07-19 10:41:08,UPI,front_office,meet-recording/data_sheets_historical/mangal all data sheet/UPI STATMENT/PTM - JULY 2025 (1).xlsx,
2025-07-18 15:53:40,409.0,0.0,0.0,409.0,YESAP52003190021,2025-07-19 10:41:08,UPI,front_office,meet-recording/data_sheets_historical/mangal all data sheet/UPI STATMENT/PTM - JULY 2025 (1).xlsx,
2025-07-18 22:57:27,1257.0,0.0,0.0,1257.0,YESAP52003190021,2025-07-19 10:41:08,UPI,front_office,meet-recording/data_sheets_historical/mangal all data sheet/UPI STATMENT/PTM - JULY 2025 (1).xlsx,
2025-07-18 22:53:11,229.0,0.0,0.0,229.0,YESAP52003190021,2025-07-19 10:41:08,UPI,front_office,meet-recording/data_sheets_historical/mangal all data sheet/UPI STATMENT/PTM - JULY 2025 (1).xlsx,
2025-07-18 22:37:09,349.0,0.0,0.0,349.0,YESAP52003190021,2025-07-19 10:41:08,UPI,front_office,meet-recording/data_sheets_historical/mangal all data sheet/UPI STATMENT/PTM - JULY 2025 (1).xlsx,
2025-07-18 22:26:17,1394.0,31.37,5.65,1356.98,YESAP52003190021,2025-07-19 10:41:08,UPI (CREDIT CARD),front_office,meet-recording/data_sheets_historical/mangal all data sheet/UPI STATMENT/PTM - JULY 2025 (1).xlsx,
2025-07-18 22:14:46,140.0,0.0,0.0,140.0,YESAP52003190021,2025-07-19 10:41:08,UPI,front_office,meet-recording/data_sheets_historical/mangal all data sheet/UPI STATMENT/PTM - JULY 2025 (1).xlsx,
2025-07-18 22:14:15,1036.0,23.31,4.2,1008.49,YESAP52003190021,2025-07-19 10:41:08,UPI (CREDIT CARD),front_office,meet-recording/data_sheets_historical/mangal all data sheet/UPI STATMENT/PTM - JULY 2025 (1).xlsx,
2025-07-18 22:05:13,628.0,0.0,0.0,628.0,YESAP52003190021,2025-07-19 10:41:08,UPI,front_office,meet-recording/data_sheets_historical/mangal all data sheet/UPI STATMENT/PTM - JULY 2025 (1).xlsx,
,,,,,,,,front_office,meet-recording/data_sheets_historical/mangal all data sheet/UPI STATMENT/PTM - JULY 2025 (1).xlsx,
2025-07-19 09:03:12,400.0,9.0,1.62,389.38,YESAP52011059213,2025-07-20 10:43:45,UPI (CREDIT CARD),front_office,meet-recording/data_sheets_historical/mangal all data sheet/UPI STATMENT/PTM - JULY 2025 (1).xlsx,
2025-07-19 05:23:53,80.0,0.0,0.0,80.0,YESAP52011059213,2025-07-20 10:43:45,UPI,front_office,meet-recording/data_sheets_historical/mangal all data sheet/UPI STATMENT/PTM - JULY 2025 (1).xlsx,
2025-07-19 14:45:40,579.0,0.0,0.0,579.0,YESAP52011059213,2025-07-20 10:43:45,UPI,front_office,meet-recording/data_sheets_historical/mangal all data sheet/UPI STATMENT/PTM - JULY 2025 (1).xlsx,
2025-07-19 11:56:20,2095.83,73.35,13.2,2009.28,YESAP52011059213,2025-07-20 10:43:45,CREDIT_CARD,front_office,meet-recording/data_sheets_historical/mangal all data sheet/UPI STATMENT/PTM - JULY 2025 (1).xlsx,
2025-07-19 11:40:43,5000.0,0.0,0.0,5000.0,YESAP52011059213,2025-07-20 10:43:45,UPI,front_office,meet-recording/data_sheets_historical/mangal all data sheet/UPI STATMENT/PTM - JULY 2025 (1).xlsx,
2025-07-19 10:45:47,40.0,0.0,0.0,40.0,YESAP52011059213,2025-07-20 10:43:45,UPI,front_office,meet-recording/data_sheets_historical/mangal all data sheet/UPI STATMENT/PTM - JULY 2025 (1).xlsx,
2025-07-19 10:33:33,800.0,0.0,0.0,800.0,YESAP52011059213,2025-07-20 10:43:45,UPI,front_office,meet-recording/data_sheets_historical/mangal all data sheet/UPI STATMENT/PTM - JULY 2025 (1).xlsx,
2025-07-19 09:48:57,600.0,0.0,0.0,600.0,YESAP52011059213,2025-07-20 10:43:45,UPI,front_office,meet-recording/data_sheets_historical/mangal all data sheet/UPI STATMENT/PTM - JULY 2025 (1).xlsx,
2025-07-19 21:39:23,469.0,0.0,0.0,469.0,YESAP52011059213,2025-07-20 10:43:45,UPI,front_office,meet-recording/data_sheets_historical/mangal all data sheet/UPI STATMENT/PTM - JULY 2025 (1).xlsx,
2025-07-19 21:13:11,30000.0,0.0,0.0,30000.0,YESAP52011059213,2025-07-20 10:43:45,UPI,front_office,meet-recording/data_sheets_historical/mangal all data sheet/UPI STATMENT/PTM - JULY 2025 (1).xlsx,
2025-07-19 20:59:13,3198.0,0.0,0.0,3198.0,YESAP52011059213,2025-07-20 10:43:45,UPI,front_office,meet-recording/data_sheets_historical/mangal all data sheet/UPI STATMENT/PTM - JULY 2025 (1).xlsx,
2025-07-19 18:44:37,40.0,0.0,0.0,40.0,YESAP52011059213,2025-07-20 10:43:45,UPI,front_office,meet-recording/data_sheets_historical/mangal all data sheet/UPI STATMENT/PTM - JULY 2025 (1).xlsx,
2025-07-19 22:49:31,1503.0,33.82,6.09,1463.09,YESAP52011059213,2025-07-20 10:43:45,UPI (CREDIT CARD),front_office,meet-recording/data_sheets_historical/mangal all data sheet/UPI STATMENT/PTM - JULY 2025 (1).xlsx,
2025-07-19 22:47:38,678.0,0.0,0.0,678.0,YESAP52011059213,2025-07-20 10:43:45,UPI,front_office,meet-recording/data_sheets_historical/mangal all data sheet/UPI STATMENT/PTM - JULY 2025 (1).xlsx,
2025-07-19 22:38:37,417.0,0.0,0.0,417.0,YESAP52011059213,2025-07-20 10:43:45,UPI,front_office,meet-recording/data_sheets_historical/mangal all data sheet/UPI STATMENT/PTM - JULY 2025 (1).xlsx,
2025-07-19 22:05:05,987.0,0.0,0.0,987.0,YESAP52011059213,2025-07-20 10:43:45,UPI,front_office,meet-recording/data_sheets_historical/mangal all data sheet/UPI STATMENT/PTM - JULY 2025 (1).xlsx,
2025-07-19 21:54:27,519.0,0.0,0.0,519.0,YESAP52011059213,2025-07-20 10:43:45,UPI,front_office,meet-recording/data_sheets_historical/mangal all data sheet/UPI STATMENT/PTM - JULY 2025 (1).xlsx,
2025-07-19 21:47:32,5000.0,0.0,0.0,5000.0,YESAP52011059213,2025-07-20 10:43:45,UPI,front_office,meet-recording/data_sheets_historical/mangal all data sheet/UPI STATMENT/PTM - JULY 2025 (1).xlsx,
2025-07-19 21:47:09,668.0,0.0,0.0,668.0,YESAP52011059213,2025-07-20 10:43:45,UPI,front_office,meet-recording/data_sheets_historical/mangal all data sheet/UPI STATMENT/PTM - JULY 2025 (1).xlsx,
,,,,,,,,front_office,meet-recording/data_sheets_historical/mangal all data sheet/UPI STATMENT/PTM - JULY 2025 (1).xlsx,
2025-07-20 09:10:21,2500.0,45.0,8.1,2446.9,YESAP52023149626,2025-07-21 10:37:47,CREDIT_CARD,front_office,meet-recording/data_sheets_historical/mangal all data sheet/UPI STATMENT/PTM - JULY 2025 (1).xlsx,
2025-07-20 08:55:23,1953.0,0.0,0.0,1953.0,YESAP52023149626,2025-07-21 10:37:47,UPI,front_office,meet-recording/data_sheets_historical/mangal all data sheet/UPI STATMENT/PTM - JULY 2025 (1).xlsx,
2025-07-20 05:34:21,1993.0,0.0,0.0,1993.0,YESAP52023149626,2025-07-21 10:37:47,UPI,front_office,meet-recording/data_sheets_historical/mangal all data sheet/UPI STATMENT/PTM - JULY 2025 (1).xlsx,
2025-07-20 13:47:44,559.0,0.0,0.0,559.0,YESAP52023149626,2025-07-21 10:37:47,UPI,front_office,meet-recording/data_sheets_historical/mangal all data sheet/UPI STATMENT/PTM - JULY 2025 (1).xlsx,
2025-07-20 13:13:17,668.0,0.0,0.0,668.0,YESAP52023149626,2025-07-21 10:37:47,UPI,front_office,meet-recording/data_sheets_historical/mangal all data sheet/UPI STATMENT/PTM - JULY 2025 (1).xlsx,
2025-07-20 10:40:53,389.0,8.75,1.58,378.67,YESAP52023149626,2025-07-21 10:37:47,UPI (CREDIT CARD),front_office,meet-recording/data_sheets_historical/mangal all data sheet/UPI STATMENT/PTM - JULY 2025 (1).xlsx,
2025-07-20 10:37:51,100.0,0.0,0.0,100.0,YESAP52023149626,2025-07-21 10:37:47,UPI,front_office,meet-recording/data_sheets_historical/mangal all data sheet/UPI STATMENT/PTM - JULY 2025 (1).xlsx,
2025-07-20 10:03:00,139.0,0.0,0.0,139.0,YESAP52023149626,2025-07-21 10:37:47,UPI,front_office,meet-recording/data_sheets_historical/mangal all data sheet/UPI STATMENT/PTM - JULY 2025 (1).xlsx,
2025-07-20 09:59:34,240.0,0.0,0.0,240.0,YESAP52023149626,2025-07-21 10:37:47,UPI,front_office,meet-recording/data_sheets_historical/mangal all data sheet/UPI STATMENT/PTM - JULY 2025 (1).xlsx,
2025-07-20 09:50:47,609.0,0.0,0.0,609.0,YESAP52023149626,2025-07-21 10:37:47,UPI,front_office,meet-recording/data_sheets_historical/mangal all data sheet/UPI STATMENT/PTM - JULY 2025 (1).xlsx,
2025-07-20 09:47:54,958.0,33.53,6.04,918.43,YESAP52023149626,2025-07-21 10:37:47,CREDIT_CARD,front_office,meet-recording/data_sheets_historical/mangal all data sheet/UPI STATMENT/PTM - JULY 2025 (1).xlsx,
2025-07-20 21:40:20,688.0,0.0,0.0,688.0,YESAP52023149626,2025-07-21 10:37:47,UPI,front_office,meet-recording/data_sheets_historical/mangal all data sheet/UPI STATMENT/PTM - JULY 2025 (1).xlsx,
2025-07-20 21:30:18,2800.0,0.0,0.0,2800.0,YESAP52023149626,2025-07-21 10:37:47,UPI,front_office,meet-recording/data_sheets_historical/mangal all data sheet/UPI STATMENT/PTM - JULY 2025 (1).xlsx,
2025-07-20 21:13:05,449.0,0.0,0.0,449.0,YESAP52023149626,2025-07-21 10:37:47,UPI,front_office,meet-recording/data_sheets_historical/mangal all data sheet/UPI STATMENT/PTM - JULY 2025 (1).xlsx,
2025-07-20 21:09:48,758.0,0.0,0.0,758.0,YESAP52023149626,2025-07-21 10:37:47,UPI,front_office,meet-recording/data_sheets_historical/mangal all data sheet/UPI STATMENT/PTM - JULY 2025 (1).xlsx,
2025-07-20 21:01:59,424.0,0.0,0.0,424.0,YESAP52023149626,2025-07-21 10:37:47,UPI,front_office,meet-recording/data_sheets_historical/mangal all data sheet/UPI STATMENT/PTM - JULY 2025 (1).xlsx,
2025-07-20 20:59:15,1377.0,0.0,0.0,1377.0,YESAP52023149626,2025-07-21 10:37:47,UPI,front_office,meet-recording/data_sheets_historical/mangal all data sheet/UPI STATMENT/PTM - JULY 2025 (1).xlsx,
2025-07-20 20:58:46,1496.0,0.0,0.0,1496.0,YESAP52023149626,2025-07-21 10:37:47,UPI,front_office,meet-recording/data_sheets_historical/mangal all data sheet/UPI STATMENT/PTM - JULY 2025 (1).xlsx,
2025-07-20 19:58:41,369.0,0.0,0.0,369.0,YESAP52023149626,2025-07-21 10:37:47,UPI,front_office,meet-recording/data_sheets_historical/mangal all data sheet/UPI STATMENT/PTM - JULY 2025 (1).xlsx,
2025-07-20 18:15:49,20.0,0.0,0.0,20.0,YESAP52023149626,2025-07-21 10:37:47,UPI_LITE,front_office,meet-recording/data_sheets_historical/mangal all data sheet/UPI STATMENT/PTM - JULY 2025 (1).xlsx,
2025-07-20 17:48:51,120.0,0.0,0.0,120.0,YESAP52023149626,2025-07-21 10:37:47,UPI,front_office,meet-recording/data_sheets_historical/mangal all data sheet/UPI STATMENT/PTM - JULY 2025 (1).xlsx,
2025-07-20 17:42:44,2300.0,0.0,0.0,2300.0,YESAP52023149626,2025-07-21 10:37:47,UPI,front_office,meet-recording/data_sheets_historical/mangal all data sheet/UPI STATMENT/PTM - JULY 2025 (1).xlsx,
2025-07-20 17:25:42,419.0,0.0,0.0,419.0,YESAP52023149626,2025-07-21 10:37:47,UPI,front_office,meet-recording/data_sheets_historical/mangal all data sheet/UPI STATMENT/PTM - JULY 2025 (1).xlsx,
2025-07-20 17:14:52,459.0,0.0,0.0,459.0,YESAP52023149626,2025-07-21 10:37:47,UPI,front_office,meet-recording/data_sheets_historical/mangal all data sheet/UPI STATMENT/PTM - JULY 2025 (1).xlsx,
2025-07-20 16:40:40,4750.0,106.88,19.24,4623.88,YESAP52023149626,2025-07-21 10:37:47,UPI (CREDIT CARD),front_office,meet-recording/data_sheets_historical/mangal all data sheet/UPI STATMENT/PTM - JULY 2025 (1).xlsx,
2025-07-20 23:13:57,20.0,0.0,0.0,20.0,YESAP52023149626,2025-07-21 10:37:47,UPI,front_office,meet-recording/data_sheets_historical/mangal all data sheet/UPI STATMENT/PTM - JULY 2025 (1).xlsx,
2025-07-20 23:03:56,1236.0,0.0,0.0,1236.0,YESAP52023149626,2025-07-21 10:37:47,UPI,front_office,meet-recording/data_sheets_historical/mangal all data sheet/UPI STATMENT/PTM - JULY 2025 (1).xlsx,
2025-07-20 22:52:21,728.0,16.38,2.95,708.67,YESAP52023149626,2025-07-21 10:37:47,UPI (CREDIT CARD),front_office,meet-recording/data_sheets_historical/mangal all data sheet/UPI STATMENT/PTM - JULY 2025 (1).xlsx,
2025-07-20 22:35:10,568.0,0.0,0.0,568.0,YESAP52023149626,2025-07-21 10:37:47,UPI,front_office,meet-recording/data_sheets_historical/mangal all data sheet/UPI STATMENT/PTM - JULY 2025 (1).xlsx,
2025-07-20 22:35:06,3000.0,0.0,0.0,3000.0,YESAP52023149626,2025-07-21 10:37:47,UPI,front_office,meet-recording/data_sheets_historical/mangal all data sheet/UPI STATMENT/PTM - JULY 2025 (1).xlsx,
2025-07-20 22:33:14,2629.0,0.0,0.0,2629.0,YESAP52023149626,2025-07-21 10:37:47,UPI,front_office,meet-recording/data_sheets_historical/mangal all data sheet/UPI STATMENT/PTM - JULY 2025 (1).xlsx,
2025-07-20 22:22:01,3065.0,0.0,0.0,3065.0,YESAP52023149626,2025-07-21 10:37:47,UPI,front_office,meet-recording/data_sheets_historical/mangal all data sheet/UPI STATMENT/PTM - JULY 2025 (1).xlsx,
2025-07-20 22:06:32,448.0,0.0,0.0,448.0,YESAP52023149626,2025-07-21 10:37:47,UPI,front_office,meet-recording/data_sheets_historical/mangal all data sheet/UPI STATMENT/PTM - JULY 2025 (1).xlsx,
2025-07-20 21:42:42,30.0,0.0,0.0,30.0,YESAP52023149626,2025-07-21 10:37:47,UPI,front_office,meet-recording/data_sheets_historical/mangal all data sheet/UPI STATMENT/PTM - JULY 2025 (1).xlsx,
,,,,,,,,front_office,meet-recording/data_sheets_historical/mangal all data sheet/UPI STATMENT/PTM - JULY 2025 (1).xlsx,
2025-07-21 09:29:24,2500.0,0.0,0.0,2500.0,YESAP52033146355,2025-07-22 10:38:35,UPI,front_office,meet-recording/data_sheets_historical/mangal all data sheet/UPI STATMENT/PTM - JULY 2025 (1).xlsx,
2025-07-21 08:44:19,120.0,0.0,0.0,120.0,YESAP52033146355,2025-07-22 10:38:35,UPI,front_office,meet-recording/data_sheets_historical/mangal all data sheet/UPI STATMENT/PTM - JULY 2025 (1).xlsx,
2025-07-21 11:21:26,60.0,0.0,0.0,60.0,YESAP52033146355,2025-07-22 10:38:35,UPI,front_office,meet-recording/data_sheets_historical/mangal all data sheet/UPI STATMENT/PTM - JULY 2025 (1).xlsx,
2025-07-21 10:47:08,379.0,8.53,1.54,368.93,YESAP52033146355,2025-07-22 10:38:35,UPI (CREDIT CARD),front_office,meet-recording/data_sheets_historical/mangal all data sheet/UPI STATMENT/PTM - JULY 2025 (1).xlsx,
2025-07-21 10:23:50,249.0,0.0,0.0,249.0,YESAP52033146355,2025-07-22 10:38:35,UPI,front_office,meet-recording/data_sheets_historical/mangal all data sheet/UPI STATMENT/PTM - JULY 2025 (1).xlsx,
2025-07-21 10:23:05,20.0,0.0,0.0,20.0,YESAP52033146355,2025-07-22 10:38:35,UPI,front_office,meet-recording/data_sheets_historical/mangal all data sheet/UPI STATMENT/PTM - JULY 2025 (1).xlsx,
2025-07-21 10:17:25,429.0,0.0,0.0,429.0,YESAP52033146355,2025-07-22 10:38:35,UPI,front_office,meet-recording/data_sheets_historical/mangal all data sheet/UPI STATMENT/PTM - JULY 2025 (1).xlsx,
2025-07-21 09:52:13,20.0,0.0,0.0,20.0,YESAP52033146355,2025-07-22 10:38:35,UPI_LITE,front_office,meet-recording/data_sheets_historical/mangal all data sheet/UPI STATMENT/PTM - JULY 2025 (1).xlsx,
2025-07-21 21:29:19,149.0,0.0,0.0,149.0,YESAP52033146355,2025-07-22 10:38:35,UPI,front_office,meet-recording/data_sheets_historical/mangal all data sheet/UPI STATMENT/PTM - JULY 2025 (1).xlsx,
2025-07-21 21:27:57,778.0,0.0,0.0,778.0,YESAP52033146355,2025-07-22 10:38:35,UPI,front_office,meet-recording/data_sheets_historical/mangal all data sheet/UPI STATMENT/PTM - JULY 2025 (1).xlsx,
2025-07-21 21:13:20,938.0,0.0,0.0,938.0,YESAP52033146355,2025-07-22 10:38:35,UPI,front_office,meet-recording/data_sheets_historical/mangal all data sheet/UPI STATMENT/PTM - JULY 2025 (1).xlsx,
2025-07-21 21:08:42,1027.0,0.0,0.0,1027.0,YESAP52033146355,2025-07-22 10:38:35,UPI,front_office,meet-recording/data_sheets_historical/mangal all data sheet/UPI STATMENT/PTM - JULY 2025 (1).xlsx,
2025-07-21 18:03:34,120.0,0.0,0.0,120.0,YESAP52033146355,2025-07-22 10:38:35,UPI,front_office,meet-recording/data_sheets_historical/mangal all data sheet/UPI STATMENT/PTM - JULY 2025 (1).xlsx,
2025-07-21 17:38:24,5500.0,0.0,0.0,5500.0,YESAP52033146355,2025-07-22 10:38:35,UPI,front_office,meet-recording/data_sheets_historical/mangal all data sheet/UPI STATMENT/PTM - JULY 2025 (1).xlsx,
2025-07-21 22:43:44,40.0,0.0,0.0,40.0,YESAP52033146355,2025-07-22 10:38:35,UPI,front_office,meet-recording/data_sheets_historical/mangal all data sheet/UPI STATMENT/PTM - JULY 2025 (1).xlsx,
2025-07-21 22:27:47,120.0,0.0,0.0,120.0,YESAP52033146355,2025-07-22 10:38:35,UPI,front_office,meet-recording/data_sheets_historical/mangal all data sheet/UPI STATMENT/PTM - JULY 2025 (1).xlsx,
,,,,,,,,front_office,meet-recording/data_sheets_historical/mangal all data sheet/UPI STATMENT/PTM - JULY 2025 (1).xlsx,
2025-07-22 09:39:20,3272.0,0.0,0.0,3272.0,YESAP52043236473,2025-07-23 10:38:18,UPI,front_office,meet-recording/data_sheets_historical/mangal all data sheet/UPI STATMENT/PTM - JULY 2025 (1).xlsx,
2025-07-22 08:26:31,278.0,0.0,0.0,278.0,YESAP52043236473,2025-07-23 10:38:18,UPI,front_office,meet-recording/data_sheets_historical/mangal all data sheet/UPI STATMENT/PTM - JULY 2025 (1).xlsx,
2025-07-22 13:32:16,68.0,0.0,0.0,68.0,YESAP52043236473,2025-07-23 10:38:18,UPI,front_office,meet-recording/data_sheets_historical/mangal all data sheet/UPI STATMENT/PTM - JULY 2025 (1).xlsx,
2025-07-22 09:52:50,1200.0,0.0,0.0,1200.0,YESAP52043236473,2025-07-23 10:38:18,UPI,front_office,meet-recording/data_sheets_historical/mangal all data sheet/UPI STATMENT/PTM - JULY 2025 (1).xlsx,
2025-07-22 21:20:08,549.0,0.0,0.0,549.0,YESAP52043236473,2025-07-23 10:38:18,UPI,front_office,meet-recording/data_sheets_historical/mangal all data sheet/UPI STATMENT/PTM - JULY 2025 (1).xlsx,
2025-07-22 20:03:35,149.0,0.0,0.0,149.0,YESAP52043236473,2025-07-23 10:38:18,UPI,front_office,meet-recording/data_sheets_historical/mangal all data sheet/UPI STATMENT/PTM - JULY 2025 (1).xlsx,
2025-07-22 22:49:56,149.0,0.0,0.0,149.0,YESAP52043236473,2025-07-23 10:38:18,UPI,front_office,meet-recording/data_sheets_historical/mangal all data sheet/UPI STATMENT/PTM - JULY 2025 (1).xlsx,
2025-07-22 21:55:19,529.0,0.0,0.0,529.0,YESAP52043236473,2025-07-23 10:38:18,UPI,front_office,meet-recording/data_sheets_historical/mangal all data sheet/UPI STATMENT/PTM - JULY 2025 (1).xlsx,
,,,,,,,,front_office,meet-recording/data_sheets_historical/mangal all data sheet/UPI STATMENT/PTM - JULY 2025 (1).xlsx,
2025-07-23 08:17:44,149.0,0.0,0.0,149.0,YESAP52053320831,2025-07-24 10:40:30,UPI,front_office,meet-recording/data_sheets_historical/mangal all data sheet/UPI STATMENT/PTM - JULY 2025 (1).xlsx,
2025-07-23 07:28:03,1500.0,0.0,0.0,1500.0,YESAP52053320831,2025-07-24 10:40:30,UPI,front_office,meet-recording/data_sheets_historical/mangal all data sheet/UPI STATMENT/PTM - JULY 2025 (1).xlsx,
2025-07-23 15:03:53,6900.0,137.31,24.72,6737.97,YESAP52053320831,2025-07-24 10:40:30,CREDIT_CARD,front_office,meet-recording/data_sheets_historical/mangal all data sheet/UPI STATMENT/PTM - JULY 2025 (1).xlsx,
2025-07-23 14:55:02,833.0,0.0,0.0,833.0,YESAP52053320831,2025-07-24 10:40:30,UPI,front_office,meet-recording/data_sheets_historical/mangal all data sheet/UPI STATMENT/PTM - JULY 2025 (1).xlsx,
2025-07-23 14:51:24,627.0,0.0,0.0,627.0,YESAP52053320831,2025-07-24 10:40:30,UPI,front_office,meet-recording/data_sheets_historical/mangal all data sheet/UPI STATMENT/PTM - JULY 2025 (1).xlsx,
2025-07-23 14:25:47,3000.0,0.0,0.0,3000.0,YESAP52053320831,2025-07-24 10:40:30,UPI,front_office,meet-recording/data_sheets_historical/mangal all data sheet/UPI STATMENT/PTM - JULY 2025 (1).xlsx,
2025-07-23 10:06:36,1000.0,18.0,3.24,978.76,YESAP52053320831,2025-07-24 10:40:30,CREDIT_CARD,front_office,meet-recording/data_sheets_historical/mangal all data sheet/UPI STATMENT/PTM - JULY 2025 (1).xlsx,
2025-07-23 09:43:13,998.0,0.0,0.0,998.0,YESAP52053320831,2025-07-24 10:40:30,UPI,front_office,meet-recording/data_sheets_historical/mangal all data sheet/UPI STATMENT/PTM - JULY 2025 (1).xlsx,
2025-07-23 21:06:03,416.0,0.0,0.0,416.0,YESAP52053320831,2025-07-24 10:40:30,UPI,front_office,meet-recording/data_sheets_historical/mangal all data sheet/UPI STATMENT/PTM - JULY 2025 (1).xlsx,
2025-07-23 20:56:12,4054.0,0.0,0.0,4054.0,YESAP52053320831,2025-07-24 10:40:30,UPI,front_office,meet-recording/data_sheets_historical/mangal all data sheet/UPI STATMENT/PTM - JULY 2025 (1).xlsx,
2025-07-23 20:27:05,747.0,0.0,0.0,747.0,YESAP52053320831,2025-07-24 10:40:30,UPI,front_office,meet-recording/data_sheets_historical/mangal all data sheet/UPI STATMENT/PTM - JULY 2025 (1).xlsx,
2025-07-23 18:33:13,60.0,0.0,0.0,60.0,YESAP52053320831,2025-07-24 10:40:30,UPI,front_office,meet-recording/data_sheets_historical/mangal all data sheet/UPI STATMENT/PTM - JULY 2025 (1).xlsx,
2025-07-23 17:29:11,6400.0,0.0,0.0,6400.0,YESAP52053320831,2025-07-24 10:40:30,UPI,front_office,meet-recording/data_sheets_historical/mangal all data sheet/UPI STATMENT/PTM - JULY 2025 (1).xlsx,
2025-07-23 17:22:35,3200.0,0.0,0.0,3200.0,YESAP52053320831,2025-07-24 10:40:30,UPI,front_office,meet-recording/data_sheets_historical/mangal all data sheet/UPI STATMENT/PTM - JULY 2025 (1).xlsx,
2025-07-23 23:08:12,1387.0,31.21,5.62,1350.17,YESAP52053320831,2025-07-24 10:40:30,UPI (CREDIT CARD),front_office,meet-recording/data_sheets_historical/mangal all data sheet/UPI STATMENT/PTM - JULY 2025 (1).xlsx,
2025-07-23 22:22:46,1665.0,29.97,5.39,1629.64,YESAP52053320831,2025-07-24 10:40:30,CREDIT_CARD,front_office,meet-recording/data_sheets_historical/mangal all data sheet/UPI STATMENT/PTM - JULY 2025 (1).xlsx,
2025-07-23 22:10:11,1832.0,0.0,0.0,1832.0,YESAP52053320831,2025-07-24 10:40:30,UPI,front_office,meet-recording/data_sheets_historical/mangal all data sheet/UPI STATMENT/PTM - JULY 2025 (1).xlsx,
2025-07-23 22:05:19,928.0,0.0,0.0,928.0,YESAP52053320831,2025-07-24 10:40:30,UPI,front_office,meet-recording/data_sheets_historical/mangal all data sheet/UPI STATMENT/PTM - JULY 2025 (1).xlsx,
2025-07-23 22:05:13,523.0,0.0,0.0,523.0,YESAP52053320831,2025-07-24 10:40:30,UPI,front_office,meet-recording/data_sheets_historical/mangal all data sheet/UPI STATMENT/PTM - JULY 2025 (1).xlsx,
,,,,,,,,front_office,meet-recording/data_sheets_historical/mangal all data sheet/UPI STATMENT/PTM - JULY 2025 (1).xlsx,
2025-07-24 11:10:56,329.0,0.0,0.0,329.0,YESAP52063335438,2025-07-25 10:40:48,UPI,front_office,meet-recording/data_sheets_historical/mangal all data sheet/UPI STATMENT/PTM - JULY 2025 (1).xlsx,
2025-07-24 11:05:17,2800.0,0.0,0.0,2800.0,YESAP52063335438,2025-07-25 10:40:48,UPI,front_office,meet-recording/data_sheets_historical/mangal all data sheet/UPI STATMENT/PTM - JULY 2025 (1).xlsx,
2025-07-24 10:16:08,40.0,0.0,0.0,40.0,YESAP52063335438,2025-07-25 10:40:48,UPI,front_office,meet-recording/data_sheets_historical/mangal all data sheet/UPI STATMENT/PTM - JULY 2025 (1).xlsx,
2025-07-24 10:15:48,120.0,0.0,0.0,120.0,YESAP52063335438,2025-07-25 10:40:48,UPI,front_office,meet-recording/data_sheets_historical/mangal all data sheet/UPI STATMENT/PTM - JULY 2025 (1).xlsx,
2025-07-24 10:15:34,20.0,0.0,0.0,20.0,YESAP52063335438,2025-07-25 10:40:48,UPI,front_office,meet-recording/data_sheets_historical/mangal all data sheet/UPI STATMENT/PTM - JULY 2025 (1).xlsx,
2025-07-24 19:29:25,2800.0,50.4,9.07,2740.53,YESAP52063335438,2025-07-25 10:40:48,CREDIT_CARD,front_office,meet-recording/data_sheets_historical/mangal all data sheet/UPI STATMENT/PTM - JULY 2025 (1).xlsx,
2025-07-24 18:51:49,1.0,0.0,0.0,1.0,YESAP52063335438,2025-07-25 10:40:48,DEBIT_CARD,front_office,meet-recording/data_sheets_historical/mangal all data sheet/UPI STATMENT/PTM - JULY 2025 (1).xlsx,
,,,,,,,,front_office,meet-recording/data_sheets_historical/mangal all data sheet/UPI STATMENT/PTM - JULY 2025 (1).xlsx,
2025-07-25 08:37:15,420.0,0.0,0.0,420.0,YESAP52073298889,2025-07-26 10:40:29,UPI,front_office,meet-recording/data_sheets_historical/mangal all data sheet/UPI STATMENT/PTM - JULY 2025 (1).xlsx,
2025-07-25 12:16:16,500.0,0.0,0.0,500.0,YESAP52073298889,2025-07-26 10:40:29,UPI,front_office,meet-recording/data_sheets_historical/mangal all data sheet/UPI STATMENT/PTM - JULY 2025 (1).xlsx,
2025-07-25 12:10:50,4750.0,85.5,15.39,4649.11,YESAP52073298889,2025-07-26 10:40:29,CREDIT_CARD,front_office,meet-recording/data_sheets_historical/mangal all data sheet/UPI STATMENT/PTM - JULY 2025 (1).xlsx,
2025-07-25 11:36:13,6171.0,0.0,0.0,6171.0,YESAP52073298889,2025-07-26 10:40:29,UPI,front_office,meet-recording/data_sheets_historical/mangal all data sheet/UPI STATMENT/PTM - JULY 2025 (1).xlsx,
2025-07-25 11:24:41,2000.0,0.0,0.0,2000.0,YESAP52073298889,2025-07-26 10:40:29,UPI,front_office,meet-recording/data_sheets_historical/mangal all data sheet/UPI STATMENT/PTM - JULY 2025 (1).xlsx,
2025-07-25 11:22:03,2000.0,0.0,0.0,2000.0,YESAP52073298889,2025-07-26 10:40:29,UPI,front_office,meet-recording/data_sheets_historical/mangal all data sheet/UPI STATMENT/PTM - JULY 2025 (1).xlsx,
2025-07-25 09:50:05,2693.0,0.0,0.0,2693.0,YESAP52073298889,2025-07-26 10:40:29,UPI,front_office,meet-recording/data_sheets_historical/mangal all data sheet/UPI STATMENT/PTM - JULY 2025 (1).xlsx,
2025-07-25 23:05:24,1171.0,0.0,0.0,1171.0,YESAP52073298889,2025-07-26 10:40:29,UPI,front_office,meet-recording/data_sheets_historical/mangal all data sheet/UPI STATMENT/PTM - JULY 2025 (1).xlsx,
,,,,,,,,front_office,meet-recording/data_sheets_historical/mangal all data sheet/UPI STATMENT/PTM - JULY 2025 (1).xlsx,
2025-07-26 08:56:06,40.0,0.0,0.0,40.0,YESAP52083231467,2025-07-27 10:41:06,UPI,front_office,meet-recording/data_sheets_historical/mangal all data sheet/UPI STATMENT/PTM - JULY 2025 (1).xlsx,
2025-07-26 15:25:45,7903.0,0.0,0.0,7903.0,YESAP52083231467,2025-07-27 10:41:06,UPI,front_office,meet-recording/data_sheets_historical/mangal all data sheet/UPI STATMENT/PTM - JULY 2025 (1).xlsx,
2025-07-26 11:40:08,3750.0,0.0,0.0,3750.0,YESAP52083231467,2025-07-27 10:41:06,UPI,front_office,meet-recording/data_sheets_historical/mangal all data sheet/UPI STATMENT/PTM - JULY 2025 (1).xlsx,
2025-07-26 10:13:37,469.0,9.33,1.68,457.99,YESAP52083231467,2025-07-27 10:41:06,CREDIT_CARD,front_office,meet-recording/data_sheets_historical/mangal all data sheet/UPI STATMENT/PTM - JULY 2025 (1).xlsx,
2025-07-26 20:10:52,11000.0,0.0,0.0,11000.0,YESAP52083231467,2025-07-27 10:41:06,UPI,front_office,meet-recording/data_sheets_historical/mangal all data sheet/UPI STATMENT/PTM - JULY 2025 (1).xlsx,
2025-07-26 19:34:41,3400.0,0.0,0.0,3400.0,YESAP52083231467,2025-07-27 10:41:06,UPI,front_office,meet-recording/data_sheets_historical/mangal all data sheet/UPI STATMENT/PTM - JULY 2025 (1).xlsx,
2025-07-26 15:46:40,5500.0,0.0,0.0,5500.0,YESAP52083231467,2025-07-27 10:41:06,UPI,front_office,meet-recording/data_sheets_historical/mangal all data sheet/UPI STATMENT/PTM - JULY 2025 (1).xlsx,
,,,,,,,,front_office,meet-recording/data_sheets_historical/mangal all data sheet/UPI STATMENT/PTM - JULY 2025 (1).xlsx,
2025-07-27 07:24:17,997.0,39.78,7.16,950.06,YESAP52093161474,2025-07-28 11:12:44,CREDIT_CARD,front_office,meet-recording/data_sheets_historical/mangal all data sheet/UPI STATMENT/PTM - JULY 2025 (1).xlsx,
2025-07-27 13:48:08,5000.0,125.0,22.5,4852.5,YESAP52093161474,2025-07-28 11:12:44,UPI (CREDIT CARD),front_office,meet-recording/data_sheets_historical/mangal all data sheet/UPI STATMENT/PTM - JULY 2025 (1).xlsx,
2025-07-27 12:43:59,2000.0,0.0,0.0,2000.0,YESAP52093161474,2025-07-28 11:12:44,UPI,front_office,meet-recording/data_sheets_historical/mangal all data sheet/UPI STATMENT/PTM - JULY 2025 (1).xlsx,
2025-07-27 12:18:15,9221.68,322.76,58.1,8840.82,YESAP52093161474,2025-07-28 11:12:44,DEBIT_CARD,front_office,meet-recording/data_sheets_historical/mangal all data sheet/UPI STATMENT/PTM - JULY 2025 (1).xlsx,
2025-07-27 10:34:45,459.0,9.13,1.64,448.23,YESAP52093161474,2025-07-28 11:12:44,CREDIT_CARD,front_office,meet-recording/data_sheets_historical/mangal all data sheet/UPI STATMENT/PTM - JULY 2025 (1).xlsx,
2025-07-27 10:16:49,577.0,17.25,3.11,556.64,YESAP52093161474,2025-07-28 11:12:44,CREDIT_CARD,front_office,meet-recording/data_sheets_historical/mangal all data sheet/UPI STATMENT/PTM - JULY 2025 (1).xlsx,
2025-07-27 22:29:26,1240.0,0.0,0.0,1240.0,YESAP52093161474,2025-07-28 11:12:44,UPI,front_office,meet-recording/data_sheets_historical/mangal all data sheet/UPI STATMENT/PTM - JULY 2025 (1).xlsx,
,,,,,,,,front_office,meet-recording/data_sheets_historical/mangal all data sheet/UPI STATMENT/PTM - JULY 2025 (1).xlsx,
2025-07-28 09:01:02,557.0,0.0,0.0,557.0,YESAP52103428873,2025-07-29 10:38:11,UPI,front_office,meet-recording/data_sheets_historical/mangal all data sheet/UPI STATMENT/PTM - JULY 2025 (1).xlsx,
2025-07-28 08:43:14,500.0,0.0,0.0,500.0,YESAP52103428873,2025-07-29 10:38:11,UPI,front_office,meet-recording/data_sheets_historical/mangal all data sheet/UPI STATMENT/PTM - JULY 2025 (1).xlsx,
2025-07-28 13:41:16,2500.0,0.0,0.0,2500.0,YESAP52103428873,2025-07-29 10:38:11,UPI,front_office,meet-recording/data_sheets_historical/mangal all data sheet/UPI STATMENT/PTM - JULY 2025 (1).xlsx,
2025-07-28 13:32:05,5000.0,0.0,0.0,5000.0,YESAP52103428873,2025-07-29 10:38:11,UPI,front_office,meet-recording/data_sheets_historical/mangal all data sheet/UPI STATMENT/PTM - JULY 2025 (1).xlsx,
2025-07-28 10:37:47,817.0,0.0,0.0,817.0,YESAP52103428873,2025-07-29 10:38:11,UPI,front_office,meet-recording/data_sheets_historical/mangal all data sheet/UPI STATMENT/PTM - JULY 2025 (1).xlsx,
2025-07-28 09:58:10,6285.0,0.0,0.0,6285.0,YESAP52103428873,2025-07-29 10:38:11,UPI,front_office,meet-recording/data_sheets_historical/mangal all data sheet/UPI STATMENT/PTM - JULY 2025 (1).xlsx,
2025-07-28 20:55:49,2700.0,0.0,0.0,2700.0,YESAP52103428873,2025-07-29 10:38:11,UPI,front_office,meet-recording/data_sheets_historical/mangal all data sheet/UPI STATMENT/PTM - JULY 2025 (1).xlsx,
2025-07-28 23:15:26,2500.0,67.5,12.15,2420.35,YESAP52103428873,2025-07-29 10:38:11,UPI (CREDIT CARD),front_office,meet-recording/data_sheets_historical/mangal all data sheet/UPI STATMENT/PTM - JULY 2025 (1).xlsx,
,,,,,,,,front_office,meet-recording/data_sheets_historical/mangal all data sheet/UPI STATMENT/PTM - JULY 2025 (1).xlsx,
2025-07-29 08:59:26,17536.85,315.66,56.82,17164.37,YESAP52113539294,2025-07-30 10:47:51,CREDIT_CARD,front_office,meet-recording/data_sheets_historical/mangal all data sheet/UPI STATMENT/PTM - JULY 2025 (1).xlsx,
2025-07-29 14:50:39,2500.0,67.5,12.15,2420.35,YESAP52113539294,2025-07-30 10:47:51,UPI (CREDIT CARD),front_office,meet-recording/data_sheets_historical/mangal all data sheet/UPI STATMENT/PTM - JULY 2025 (1).xlsx,
2025-07-29 13:36:13,2000.0,0.0,0.0,2000.0,YESAP52113539294,2025-07-30 10:47:51,UPI,front_office,meet-recording/data_sheets_historical/mangal all data sheet/UPI STATMENT/PTM - JULY 2025 (1).xlsx,
2025-07-29 13:04:15,2000.0,0.0,0.0,2000.0,YESAP52113539294,2025-07-30 10:47:51,UPI,front_office,meet-recording/data_sheets_historical/mangal all data sheet/UPI STATMENT/PTM - JULY 2025 (1).xlsx,
2025-07-29 10:38:47,429.0,0.0,0.0,429.0,YESAP52113539294,2025-07-30 10:47:51,UPI,front_office,meet-recording/data_sheets_historical/mangal all data sheet/UPI STATMENT/PTM - JULY 2025 (1).xlsx,
2025-07-29 10:29:29,230.0,0.0,0.0,230.0,YESAP52113539294,2025-07-30 10:47:51,UPI,front_office,meet-recording/data_sheets_historical/mangal all data sheet/UPI STATMENT/PTM - JULY 2025 (1).xlsx,
2025-07-29 10:09:48,449.0,0.0,0.0,449.0,YESAP52113539294,2025-07-30 10:47:51,UPI,front_office,meet-recording/data_sheets_historical/mangal all data sheet/UPI STATMENT/PTM - JULY 2025 (1).xlsx,
2025-07-29 10:00:17,687.0,0.0,0.0,687.0,YESAP52113539294,2025-07-30 10:47:51,UPI,front_office,meet-recording/data_sheets_historical/mangal all data sheet/UPI STATMENT/PTM - JULY 2025 (1).xlsx,
2025-07-29 09:48:54,500.0,0.0,0.0,500.0,YESAP52113539294,2025-07-30 10:47:51,UPI,front_office,meet-recording/data_sheets_historical/mangal all data sheet/UPI STATMENT/PTM - JULY 2025 (1).xlsx,
2025-07-29 09:45:14,329.0,0.0,0.0,329.0,YESAP52113539294,2025-07-30 10:47:51,UPI,front_office,meet-recording/data_sheets_historical/mangal all data sheet/UPI STATMENT/PTM - JULY 2025 (1).xlsx,
,,,,,,,,front_office,meet-recording/data_sheets_historical/mangal all data sheet/UPI STATMENT/PTM - JULY 2025 (1).xlsx,
2025-07-30 09:27:55,1395.0,0.0,0.0,1395.0,YESAP52123428861,2025-07-31 11:29:38,UPI,front_office,meet-recording/data_sheets_historical/mangal all data sheet/UPI STATMENT/PTM - JULY 2025 (1).xlsx,
2025-07-30 09:25:17,60.0,0.0,0.0,60.0,YESAP52123428861,2025-07-31 11:29:38,UPI,front_office,meet-recording/data_sheets_historical/mangal all data sheet/UPI STATMENT/PTM - JULY 2025 (1).xlsx,
2025-07-30 09:21:44,2700.0,0.0,0.0,2700.0,YESAP52123428861,2025-07-31 11:29:38,UPI,front_office,meet-recording/data_sheets_historical/mangal all data sheet/UPI STATMENT/PTM - JULY 2025 (1).xlsx,
2025-07-30 09:21:29,2700.0,0.0,0.0,2700.0,YESAP52123428861,2025-07-31 11:29:38,UPI,front_office,meet-recording/data_sheets_historical/mangal all data sheet/UPI STATMENT/PTM - JULY 2025 (1).xlsx,
2025-07-30 10:03:46,67.0,0.0,0.0,67.0,YESAP52123428861,2025-07-31 11:29:38,UPI,front_office,meet-recording/data_sheets_historical/mangal all data sheet/UPI STATMENT/PTM - JULY 2025 (1).xlsx,
2025-07-30 20:06:20,409.0,0.0,0.0,409.0,YESAP52123428861,2025-07-31 11:29:38,UPI,front_office,meet-recording/data_sheets_historical/mangal all data sheet/UPI STATMENT/PTM - JULY 2025 (1).xlsx,
2025-07-30 22:35:18,2500.0,0.0,0.0,2500.0,YESAP52123428861,2025-07-31 11:29:38,UPI,front_office,meet-recording/data_sheets_historical/mangal all data sheet/UPI STATMENT/PTM - JULY 2025 (1).xlsx,
,,,,,,,,front_office,meet-recording/data_sheets_historical/mangal all data sheet/UPI STATMENT/PTM - JULY 2025 (1).xlsx,
2025-07-31 10:47:28,3000.0,54.0,9.72,2936.28,YESAP52133413728,2025-08-01 12:42:01,CREDIT_CARD,front_office,meet-recording/data_sheets_historical/mangal all data sheet/UPI STATMENT/PTM - JULY 2025 (1).xlsx,
2025-07-31 22:41:30,4400.0,118.8,21.38,4259.82,YESAP52133413728,2025-08-01 12:42:01,UPI (CREDIT CARD),front_office,meet-recording/data_sheets_historical/mangal all data sheet/UPI STATMENT/PTM - JULY 2025 (1).xlsx,
2026-03-01 18:12:18,5600.0,0.0,0.0,5600.0,YESAP60615253073,2026-03-02 13:24:07,UPI,front_office,meet-recording/data_sheets_historical/mangal all data sheet/UPI STATMENT/PTM - MARCH 2026 (FRONT OFFICE).xlsx,
2026-03-01 19:24:19,7500.0,0.0,0.0,7500.0,YESAP60615253073,2026-03-02 13:24:07,UPI,front_office,meet-recording/data_sheets_historical/mangal all data sheet/UPI STATMENT/PTM - MARCH 2026 (FRONT OFFICE).xlsx,
2026-03-01 20:13:41,3500.0,0.0,0.0,3500.0,YESAP60615253073,2026-03-02 13:24:07,UPI,front_office,meet-recording/data_sheets_historical/mangal all data sheet/UPI STATMENT/PTM - MARCH 2026 (FRONT OFFICE).xlsx,
,,,,,,,,front_office,meet-recording/data_sheets_historical/mangal all data sheet/UPI STATMENT/PTM - MARCH 2026 (FRONT OFFICE).xlsx,
2026-03-02 19:51:35,5000.0,0.0,0.0,5000.0,YESAP60625380858,2026-03-03 11:37:13,UPI,front_office,meet-recording/data_sheets_historical/mangal all data sheet/UPI STATMENT/PTM - MARCH 2026 (FRONT OFFICE).xlsx,
2026-03-02 20:37:51,17000.0,0.0,0.0,17000.0,YESAP60625380858,2026-03-03 11:37:13,UPI,front_office,meet-recording/data_sheets_historical/mangal all data sheet/UPI STATMENT/PTM - MARCH 2026 (FRONT OFFICE).xlsx,
,,,,,,,,front_office,meet-recording/data_sheets_historical/mangal all data sheet/UPI STATMENT/PTM - MARCH 2026 (FRONT OFFICE).xlsx,
2026-03-03 08:47:55,500.0,0.0,0.0,500.0,YESAP60635000224,2026-03-04 13:21:21,UPI,front_office,meet-recording/data_sheets_historical/mangal all data sheet/UPI STATMENT/PTM - MARCH 2026 (FRONT OFFICE).xlsx,
2026-03-03 09:35:23,8500.0,0.0,0.0,8500.0,YESAP60635000224,2026-03-04 13:21:21,DEBIT_CARD,front_office,meet-recording/data_sheets_historical/mangal all data sheet/UPI STATMENT/PTM - MARCH 2026 (FRONT OFFICE).xlsx,
2026-03-03 10:01:20,3000.0,0.0,0.0,3000.0,YESAP60635000224,2026-03-04 13:21:21,UPI,front_office,meet-recording/data_sheets_historical/mangal all data sheet/UPI STATMENT/PTM - MARCH 2026 (FRONT OFFICE).xlsx,
2026-03-03 13:51:33,17942.4,0.0,0.0,17942.4,YESAP60635000224,2026-03-04 13:21:21,UPI,front_office,meet-recording/data_sheets_historical/mangal all data sheet/UPI STATMENT/PTM - MARCH 2026 (FRONT OFFICE).xlsx,
,,,,,,,,front_office,meet-recording/data_sheets_historical/mangal all data sheet/UPI STATMENT/PTM - MARCH 2026 (FRONT OFFICE).xlsx,
2026-03-04 15:04:21,3500.0,0.0,0.0,3500.0,YESAP60644397189,2026-03-05 10:38:02,UPI,front_office,meet-recording/data_sheets_historical/mangal all data sheet/UPI STATMENT/PTM - MARCH 2026 (FRONT OFFICE).xlsx,
2026-03-04 18:22:19,1000.0,0.0,0.0,1000.0,YESAP60644397189,2026-03-05 10:38:02,UPI,front_office,meet-recording/data_sheets_historical/mangal all data sheet/UPI STATMENT/PTM - MARCH 2026 (FRONT OFFICE).xlsx,
2026-03-04 18:42:24,2000.0,0.0,0.0,2000.0,YESAP60644397189,2026-03-05 10:38:02,UPI,front_office,meet-recording/data_sheets_historical/mangal all data sheet/UPI STATMENT/PTM - MARCH 2026 (FRONT OFFICE).xlsx,
,,,,,,,,front_office,meet-recording/data_sheets_historical/mangal all data sheet/UPI STATMENT/PTM - MARCH 2026 (FRONT OFFICE).xlsx,
2026-03-05 06:22:41,500.0,0.0,0.0,500.0,YESAP60655185051,2026-03-06 10:39:00,UPI,front_office,meet-recording/data_sheets_historical/mangal all data sheet/UPI STATMENT/PTM - MARCH 2026 (FRONT OFFICE).xlsx,
2026-03-05 09:10:45,1000.0,0.0,0.0,1000.0,YESAP60655185051,2026-03-06 10:39:00,UPI,front_office,meet-recording/data_sheets_historical/mangal all data sheet/UPI STATMENT/PTM - MARCH 2026 (FRONT OFFICE).xlsx,
2026-03-05 09:25:57,500.0,0.0,0.0,500.0,YESAP60655185051,2026-03-06 10:39:00,UPI,front_office,meet-recording/data_sheets_historical/mangal all data sheet/UPI STATMENT/PTM - MARCH 2026 (FRONT OFFICE).xlsx,
2026-03-05 17:45:30,2551.5,89.3,16.07,2446.13,YESAP60655185051,2026-03-06 10:39:00,DEBIT_CARD,front_office,meet-recording/data_sheets_historical/mangal all data sheet/UPI STATMENT/PTM - MARCH 2026 (FRONT OFFICE).xlsx,
,,,,,,,,front_office,meet-recording/data_sheets_historical/mangal all data sheet/UPI STATMENT/PTM - MARCH 2026 (FRONT OFFICE).xlsx,
2026-03-07 12:03:09,2000.0,0.0,0.0,2000.0,YESAP60675429703,2026-03-08 10:38:34,UPI,front_office,meet-recording/data_sheets_historical/mangal all data sheet/UPI STATMENT/PTM - MARCH 2026 (FRONT OFFICE).xlsx,
2026-03-07 12:03:29,2000.0,0.0,0.0,2000.0,YESAP60675429703,2026-03-08 10:38:34,UPI,front_office,meet-recording/data_sheets_historical/mangal all data sheet/UPI STATMENT/PTM - MARCH 2026 (FRONT OFFICE).xlsx,
,,,,,,,,front_office,meet-recording/data_sheets_historical/mangal all data sheet/UPI STATMENT/PTM - MARCH 2026 (FRONT OFFICE).xlsx,
2026-03-08 07:27:38,1000.0,0.0,0.0,1000.0,YESAP60685255395,2026-03-09 10:38:28,UPI,front_office,meet-recording/data_sheets_historical/mangal all data sheet/UPI STATMENT/PTM - MARCH 2026 (FRONT OFFICE).xlsx,
2026-03-08 08:30:47,1000.0,0.0,0.0,1000.0,YESAP60685255395,2026-03-09 10:38:28,UPI,front_office,meet-recording/data_sheets_historical/mangal all data sheet/UPI STATMENT/PTM - MARCH 2026 (FRONT OFFICE).xlsx,
2026-03-08 15:18:04,1.0,0.0,0.0,1.0,YESAP60685255395,2026-03-09 10:38:28,UPI,front_office,meet-recording/data_sheets_historical/mangal all data sheet/UPI STATMENT/PTM - MARCH 2026 (FRONT OFFICE).xlsx,
2026-03-08 15:18:18,6000.0,0.0,0.0,6000.0,YESAP60685255395,2026-03-09 10:38:28,UPI,front_office,meet-recording/data_sheets_historical/mangal all data sheet/UPI STATMENT/PTM - MARCH 2026 (FRONT OFFICE).xlsx,
2026-03-08 18:01:11,9000.0,0.0,0.0,9000.0,YESAP60685255395,2026-03-09 10:38:28,UPI,front_office,meet-recording/data_sheets_historical/mangal all data sheet/UPI STATMENT/PTM - MARCH 2026 (FRONT OFFICE).xlsx,
,,,,,,,,front_office,meet-recording/data_sheets_historical/mangal all data sheet/UPI STATMENT/PTM - MARCH 2026 (FRONT OFFICE).xlsx,
2026-03-10 07:39:10,1000.0,0.0,0.0,1000.0,YESAP60705507113,2026-03-11 10:40:36,UPI,front_office,meet-recording/data_sheets_historical/mangal all data sheet/UPI STATMENT/PTM - MARCH 2026 (FRONT OFFICE).xlsx,
2026-03-10 10:12:57,2000.0,0.0,0.0,2000.0,YESAP60705507113,2026-03-11 10:40:36,UPI,front_office,meet-recording/data_sheets_historical/mangal all data sheet/UPI STATMENT/PTM - MARCH 2026 (FRONT OFFICE).xlsx,
,,,,,,,,front_office,meet-recording/data_sheets_historical/mangal all data sheet/UPI STATMENT/PTM - MARCH 2026 (FRONT OFFICE).xlsx,
2026-03-11 10:41:16,2000.0,0.0,0.0,2000.0,YESAP60715444150,2026-03-12 10:40:33,UPI,front_office,meet-recording/data_sheets_historical/mangal all data sheet/UPI STATMENT/PTM - MARCH 2026 (FRONT OFFICE).xlsx,
2026-03-11 10:41:32,1000.0,0.0,0.0,1000.0,YESAP60715444150,2026-03-12 10:40:33,UPI,front_office,meet-recording/data_sheets_historical/mangal all data sheet/UPI STATMENT/PTM - MARCH 2026 (FRONT OFFICE).xlsx,
2026-03-11 15:06:04,1754.0,0.0,0.0,1754.0,YESAP60715444150,2026-03-12 10:40:33,UPI,front_office,meet-recording/data_sheets_historical/mangal all data sheet/UPI STATMENT/PTM - MARCH 2026 (FRONT OFFICE).xlsx,
2026-03-11 19:02:45,5000.0,0.0,0.0,5000.0,YESAP60715444150,2026-03-12 10:40:33,UPI,front_office,meet-recording/data_sheets_historical/mangal all data sheet/UPI STATMENT/PTM - MARCH 2026 (FRONT OFFICE).xlsx,
2026-03-11 23:14:31,6500.0,0.0,0.0,6500.0,YESAP60715444150,2026-03-12 10:40:33,UPI,front_office,meet-recording/data_sheets_historical/mangal all data sheet/UPI STATMENT/PTM - MARCH 2026 (FRONT OFFICE).xlsx,
,,,,,,,,front_office,meet-recording/data_sheets_historical/mangal all data sheet/UPI STATMENT/PTM - MARCH 2026 (FRONT OFFICE).xlsx,
2026-03-12 19:56:46,3000.0,0.0,0.0,3000.0,YESAP60725429345,2026-03-13 10:36:37,UPI,front_office,meet-recording/data_sheets_historical/mangal all data sheet/UPI STATMENT/PTM - MARCH 2026 (FRONT OFFICE).xlsx,
2026-03-12 20:45:30,5000.0,0.0,0.0,5000.0,YESAP60725429345,2026-03-13 10:36:37,UPI,front_office,meet-recording/data_sheets_historical/mangal all data sheet/UPI STATMENT/PTM - MARCH 2026 (FRONT OFFICE).xlsx,
,,,,,,,,front_office,meet-recording/data_sheets_historical/mangal all data sheet/UPI STATMENT/PTM - MARCH 2026 (FRONT OFFICE).xlsx,
2026-03-13 08:52:53,4000.0,0.0,0.0,4000.0,YESAP60732827429,2026-03-14 10:36:51,UPI,front_office,meet-recording/data_sheets_historical/mangal all data sheet/UPI STATMENT/PTM - MARCH 2026 (FRONT OFFICE).xlsx,
2026-03-13 12:22:24,2500.0,0.0,0.0,2500.0,YESAP60732827429,2026-03-14 10:36:51,UPI,front_office,meet-recording/data_sheets_historical/mangal all data sheet/UPI STATMENT/PTM - MARCH 2026 (FRONT OFFICE).xlsx,
2026-03-13 13:58:30,23095.8,808.35,145.5,22141.95,YESAP60732827429,2026-03-14 10:36:51,DEBIT_CARD,front_office,meet-recording/data_sheets_historical/mangal all data sheet/UPI STATMENT/PTM - MARCH 2026 (FRONT OFFICE).xlsx,
,,,,,,,,front_office,meet-recording/data_sheets_historical/mangal all data sheet/UPI STATMENT/PTM - MARCH 2026 (FRONT OFFICE).xlsx,
2026-03-14 22:07:14,5500.0,0.0,0.0,5500.0,YESAP60745446597,2026-03-15 10:38:22,UPI,front_office,meet-recording/data_sheets_historical/mangal all data sheet/UPI STATMENT/PTM - MARCH 2026 (FRONT OFFICE).xlsx,
,,,,,,,,front_office,meet-recording/data_sheets_historical/mangal all data sheet/UPI STATMENT/PTM - MARCH 2026 (FRONT OFFICE).xlsx,
2026-03-15 05:07:21,1000.0,0.0,0.0,1000.0,YESAP60751801061,2026-03-16 10:40:00,UPI,front_office,meet-recording/data_sheets_historical/mangal all data sheet/UPI STATMENT/PTM - MARCH 2026 (FRONT OFFICE).xlsx,
2026-03-15 06:51:02,1000.0,0.0,0.0,1000.0,YESAP60751801061,2026-03-16 10:40:00,UPI,front_office,meet-recording/data_sheets_historical/mangal all data sheet/UPI STATMENT/PTM - MARCH 2026 (FRONT OFFICE).xlsx,
,,,,,,,,front_office,meet-recording/data_sheets_historical/mangal all data sheet/UPI STATMENT/PTM - MARCH 2026 (FRONT OFFICE).xlsx,
2026-03-16 21:03:13,9000.0,0.0,0.0,9000.0,YESAP60765444702,2026-03-17 10:36:07,UPI,front_office,meet-recording/data_sheets_historical/mangal all data sheet/UPI STATMENT/PTM - MARCH 2026 (FRONT OFFICE).xlsx,
,,,,,,,,front_office,meet-recording/data_sheets_historical/mangal all data sheet/UPI STATMENT/PTM - MARCH 2026 (FRONT OFFICE).xlsx,
2026-03-17 08:51:57,3143.76,110.03,19.81,3013.92,YESAP60775387260,2026-03-18 10:39:15,DEBIT_CARD,front_office,meet-recording/data_sheets_historical/mangal all data sheet/UPI STATMENT/PTM - MARCH 2026 (FRONT OFFICE).xlsx,
2026-03-17 15:36:06,9000.0,0.0,0.0,9000.0,YESAP60775387260,2026-03-18 10:39:15,UPI,front_office,meet-recording/data_sheets_historical/mangal all data sheet/UPI STATMENT/PTM - MARCH 2026 (FRONT OFFICE).xlsx,
2026-03-17 18:09:40,5000.0,0.0,0.0,5000.0,YESAP60775387260,2026-03-18 10:39:15,UPI,front_office,meet-recording/data_sheets_historical/mangal all data sheet/UPI STATMENT/PTM - MARCH 2026 (FRONT OFFICE).xlsx,
2026-03-17 22:57:40,5000.0,0.0,0.0,5000.0,YESAP60775387260,2026-03-18 10:39:15,UPI,front_office,meet-recording/data_sheets_historical/mangal all data sheet/UPI STATMENT/PTM - MARCH 2026 (FRONT OFFICE).xlsx,
,,,,,,,,front_office,meet-recording/data_sheets_historical/mangal all data sheet/UPI STATMENT/PTM - MARCH 2026 (FRONT OFFICE).xlsx,
2026-03-18 13:20:41,500.0,19.95,0.0,480.05,AXNPM07898040152,2026-03-19 10:38:11,CREDIT_CARD,front_office,meet-recording/data_sheets_historical/mangal all data sheet/UPI STATMENT/PTM - MARCH 2026 (FRONT OFFICE).xlsx,
,,,,,,,,front_office,meet-recording/data_sheets_historical/mangal all data sheet/UPI STATMENT/PTM - MARCH 2026 (FRONT OFFICE).xlsx,
2026-03-19 07:01:26,6000.0,0.0,0.0,6000.0,YESAP60795310385,2026-03-20 10:38:19,UPI,front_office,meet-recording/data_sheets_historical/mangal all data sheet/UPI STATMENT/PTM - MARCH 2026 (FRONT OFFICE).xlsx,
2026-03-19 09:25:52,16783.77,302.11,54.38,16427.28,YESAP60795310385,2026-03-20 10:38:19,CREDIT_CARD,front_office,meet-recording/data_sheets_historical/mangal all data sheet/UPI STATMENT/PTM - MARCH 2026 (FRONT OFFICE).xlsx,
2026-03-19 09:41:29,2500.0,0.0,0.0,2500.0,YESAP60795310385,2026-03-20 10:38:19,UPI,front_office,meet-recording/data_sheets_historical/mangal all data sheet/UPI STATMENT/PTM - MARCH 2026 (FRONT OFFICE).xlsx,
2026-03-19 13:58:20,5000.0,90.0,16.2,4893.8,YESAP60795310385,2026-03-20 10:38:19,CREDIT_CARD,front_office,meet-recording/data_sheets_historical/mangal all data sheet/UPI STATMENT/PTM - MARCH 2026 (FRONT OFFICE).xlsx,
2026-03-19 21:29:36,3000.0,0.0,0.0,3000.0,YESAP60795310385,2026-03-20 10:38:19,UPI,front_office,meet-recording/data_sheets_historical/mangal all data sheet/UPI STATMENT/PTM - MARCH 2026 (FRONT OFFICE).xlsx,
2026-03-19 22:13:10,4000.0,0.0,0.0,4000.0,YESAP60795310385,2026-03-20 10:38:19,UPI,front_office,meet-recording/data_sheets_historical/mangal all data sheet/UPI STATMENT/PTM - MARCH 2026 (FRONT OFFICE).xlsx,
,,,,,,,,front_office,meet-recording/data_sheets_historical/mangal all data sheet/UPI STATMENT/PTM - MARCH 2026 (FRONT OFFICE).xlsx,
2026-03-21 11:02:37,500.0,0.0,0.0,500.0,AXNPM08122492643,2026-03-22 10:39:03,UPI,front_office,meet-recording/data_sheets_historical/mangal all data sheet/UPI STATMENT/PTM - MARCH 2026 (FRONT OFFICE).xlsx,
,,,,,,,,front_office,meet-recording/data_sheets_historical/mangal all data sheet/UPI STATMENT/PTM - MARCH 2026 (FRONT OFFICE).xlsx,
2026-03-22 08:03:28,1500.0,0.0,0.0,1500.0,YESAP60825183862,2026-03-23 10:54:08,UPI,front_office,meet-recording/data_sheets_historical/mangal all data sheet/UPI STATMENT/PTM - MARCH 2026 (FRONT OFFICE).xlsx,
,,,,,,,,front_office,meet-recording/data_sheets_historical/mangal all data sheet/UPI STATMENT/PTM - MARCH 2026 (FRONT OFFICE).xlsx,
2026-03-23 08:17:02,2000.0,0.0,0.0,2000.0,YESAP60835366949,2026-03-24 10:34:59,UPI,front_office,meet-recording/data_sheets_historical/mangal all data sheet/UPI STATMENT/PTM - MARCH 2026 (FRONT OFFICE).xlsx,
2026-03-23 19:11:01,1650.0,0.0,0.0,1650.0,YESAP60835366949,2026-03-24 10:34:59,UPI,front_office,meet-recording/data_sheets_historical/mangal all data sheet/UPI STATMENT/PTM - MARCH 2026 (FRONT OFFICE).xlsx,
2026-03-23 22:43:32,5000.0,0.0,0.0,5000.0,YESAP60835366949,2026-03-24 10:34:59,UPI,front_office,meet-recording/data_sheets_historical/mangal all data sheet/UPI STATMENT/PTM - MARCH 2026 (FRONT OFFICE).xlsx,
,,,,,,,,front_office,meet-recording/data_sheets_historical/mangal all data sheet/UPI STATMENT/PTM - MARCH 2026 (FRONT OFFICE).xlsx,
2026-03-24 21:50:25,2000.0,0.0,0.0,2000.0,YESAP60845315390,2026-03-25 10:36:16,UPI,front_office,meet-recording/data_sheets_historical/mangal all data sheet/UPI STATMENT/PTM - MARCH 2026 (FRONT OFFICE).xlsx,
,,,,,,,,front_office,meet-recording/data_sheets_historical/mangal all data sheet/UPI STATMENT/PTM - MARCH 2026 (FRONT OFFICE).xlsx,
2026-03-25 08:53:09,6500.0,0.0,0.0,6500.0,YESAP60855434238,2026-03-26 10:39:28,UPI,front_office,meet-recording/data_sheets_historical/mangal all data sheet/UPI STATMENT/PTM - MARCH 2026 (FRONT OFFICE).xlsx,
2026-03-25 10:25:23,3000.0,0.0,0.0,3000.0,YESAP60855434238,2026-03-26 10:39:28,UPI,front_office,meet-recording/data_sheets_historical/mangal all data sheet/UPI STATMENT/PTM - MARCH 2026 (FRONT OFFICE).xlsx,
,,,,,,,,front_office,meet-recording/data_sheets_historical/mangal all data sheet/UPI STATMENT/PTM - MARCH 2026 (FRONT OFFICE).xlsx,
2026-03-26 11:03:05,10600.0,0.0,0.0,10600.0,YESAP60865351581,2026-03-27 10:38:57,UPI,front_office,meet-recording/data_sheets_historical/mangal all data sheet/UPI STATMENT/PTM - MARCH 2026 (FRONT OFFICE).xlsx,
2026-03-26 11:58:19,2000.0,0.0,0.0,2000.0,YESAP60865351581,2026-03-27 10:38:57,UPI,front_office,meet-recording/data_sheets_historical/mangal all data sheet/UPI STATMENT/PTM - MARCH 2026 (FRONT OFFICE).xlsx,
2026-03-26 11:58:45,1000.0,0.0,0.0,1000.0,YESAP60865351581,2026-03-27 10:38:57,UPI,front_office,meet-recording/data_sheets_historical/mangal all data sheet/UPI STATMENT/PTM - MARCH 2026 (FRONT OFFICE).xlsx,
2026-03-26 19:15:24,6300.0,0.0,0.0,6300.0,YESAP60865351581,2026-03-27 10:38:57,UPI,front_office,meet-recording/data_sheets_historical/mangal all data sheet/UPI STATMENT/PTM - MARCH 2026 (FRONT OFFICE).xlsx,
,,,,,,,,front_office,meet-recording/data_sheets_historical/mangal all data sheet/UPI STATMENT/PTM - MARCH 2026 (FRONT OFFICE).xlsx,
2026-03-28 08:41:12,500.0,0.0,0.0,500.0,YESAP60885325098,2026-03-29 10:37:56,UPI,front_office,meet-recording/data_sheets_historical/mangal all data sheet/UPI STATMENT/PTM - MARCH 2026 (FRONT OFFICE).xlsx,
2026-03-28 10:54:22,3000.0,0.0,0.0,3000.0,YESAP60885325098,2026-03-29 10:37:56,UPI,front_office,meet-recording/data_sheets_historical/mangal all data sheet/UPI STATMENT/PTM - MARCH 2026 (FRONT OFFICE).xlsx,
,,,,,,,,front_office,meet-recording/data_sheets_historical/mangal all data sheet/UPI STATMENT/PTM - MARCH 2026 (FRONT OFFICE).xlsx,
2026-03-29 12:13:04,6500.0,0.0,0.0,6500.0,YESAP60895315814,2026-03-30 10:40:14,UPI,front_office,meet-recording/data_sheets_historical/mangal all data sheet/UPI STATMENT/PTM - MARCH 2026 (FRONT OFFICE).xlsx,
,,,,,,,,front_office,meet-recording/data_sheets_historical/mangal all data sheet/UPI STATMENT/PTM - MARCH 2026 (FRONT OFFICE).xlsx,
2026-03-30 12:06:02,500.0,0.0,0.0,500.0,YESAP60905849752,2026-03-31 10:37:26,UPI,front_office,meet-recording/data_sheets_historical/mangal all data sheet/UPI STATMENT/PTM - MARCH 2026 (FRONT OFFICE).xlsx,
2026-03-30 19:28:38,2700.0,0.0,0.0,2700.0,YESAP60905849752,2026-03-31 10:37:26,UPI,front_office,meet-recording/data_sheets_historical/mangal all data sheet/UPI STATMENT/PTM - MARCH 2026 (FRONT OFFICE).xlsx,
,,,,,,,,front_office,meet-recording/data_sheets_historical/mangal all data sheet/UPI STATMENT/PTM - MARCH 2026 (FRONT OFFICE).xlsx,
2026-03-31 15:56:44,1000.0,0.0,0.0,1000.0,YESAP60916323377,2026-04-01 10:56:29,UPI,front_office,meet-recording/data_sheets_historical/mangal all data sheet/UPI STATMENT/PTM - MARCH 2026 (FRONT OFFICE).xlsx,
2026-03-31 16:22:52,13500.0,337.5,60.75,13101.75,YESAP60916323377,2026-04-01 10:56:29,UPI_CREDIT_CARD,front_office,meet-recording/data_sheets_historical/mangal all data sheet/UPI STATMENT/PTM - MARCH 2026 (FRONT OFFICE).xlsx,
2026-03-05 15:39:57,9450.0,330.75,59.54,9059.71,YESAP60653051158,2026-03-06 06:33:10,DEBIT_CARD,front_office,meet-recording/data_sheets_historical/mangal all data sheet/UPI STATMENT/PTM - MARCH 2026 (FRONT OFFICE1).xlsx,
,,,,,,,,front_office,meet-recording/data_sheets_historical/mangal all data sheet/UPI STATMENT/PTM - MARCH 2026 (FRONT OFFICE1).xlsx,
2026-03-08 15:25:45,1500.0,0.0,0.0,1500.0,YESAP60682581345,2026-03-09 05:02:22,UPI,front_office,meet-recording/data_sheets_historical/mangal all data sheet/UPI STATMENT/PTM - MARCH 2026 (FRONT OFFICE1).xlsx,
,,,,,,,,front_office,meet-recording/data_sheets_historical/mangal all data sheet/UPI STATMENT/PTM - MARCH 2026 (FRONT OFFICE1).xlsx,
2026-03-10 14:34:30,3000.0,0.0,0.0,3000.0,YESAP60702112136,2026-03-11 04:34:40,UPI,front_office,meet-recording/data_sheets_historical/mangal all data sheet/UPI STATMENT/PTM - MARCH 2026 (FRONT OFFICE1).xlsx,
,,,,,,,,front_office,meet-recording/data_sheets_historical/mangal all data sheet/UPI STATMENT/PTM - MARCH 2026 (FRONT OFFICE1).xlsx,
2026-03-14 10:41:15,2500.0,42.25,7.61,2450.14,YESAP60742863724,2026-03-15 05:59:00,CREDIT_CARD,front_office,meet-recording/data_sheets_historical/mangal all data sheet/UPI STATMENT/PTM - MARCH 2026 (FRONT OFFICE1).xlsx,
2026-03-14 12:08:58,2000.0,0.0,0.0,2000.0,YESAP60742863724,2026-03-15 05:59:00,UPI,front_office,meet-recording/data_sheets_historical/mangal all data sheet/UPI STATMENT/PTM - MARCH 2026 (FRONT OFFICE1).xlsx,
2026-03-14 12:09:15,1000.0,0.0,0.0,1000.0,YESAP60742863724,2026-03-15 05:59:00,UPI,front_office,meet-recording/data_sheets_historical/mangal all data sheet/UPI STATMENT/PTM - MARCH 2026 (FRONT OFFICE1).xlsx,
2026-03-14 12:15:52,3000.0,50.7,9.13,2940.17,YESAP60742863724,2026-03-15 05:59:00,CREDIT_CARD,front_office,meet-recording/data_sheets_historical/mangal all data sheet/UPI STATMENT/PTM - MARCH 2026 (FRONT OFFICE1).xlsx,
,,,,,,,,front_office,meet-recording/data_sheets_historical/mangal all data sheet/UPI STATMENT/PTM - MARCH 2026 (FRONT OFFICE1).xlsx,
2026-03-15 21:06:17,1000.0,0.0,0.0,1000.0,YESAP60759627008,2026-03-16 05:51:51,UPI,front_office,meet-recording/data_sheets_historical/mangal all data sheet/UPI STATMENT/PTM - MARCH 2026 (FRONT OFFICE1).xlsx,
,,,,,,,,front_office,meet-recording/data_sheets_historical/mangal all data sheet/UPI STATMENT/PTM - MARCH 2026 (FRONT OFFICE1).xlsx,
2026-03-16 09:47:55,10000.0,169.0,30.42,9800.58,YESAP60761719060,2026-03-17 04:06:46,CREDIT_CARD,front_office,meet-recording/data_sheets_historical/mangal all data sheet/UPI STATMENT/PTM - MARCH 2026 (FRONT OFFICE1).xlsx,
,,,,,,,,front_office,meet-recording/data_sheets_historical/mangal all data sheet/UPI STATMENT/PTM - MARCH 2026 (FRONT OFFICE1).xlsx,
2026-03-18 06:58:57,3000.0,0.0,0.0,3000.0,YESAP60780495541,2026-03-19 04:28:48,UPI,front_office,meet-recording/data_sheets_historical/mangal all data sheet/UPI STATMENT/PTM - MARCH 2026 (FRONT OFFICE1).xlsx,
2026-03-18 20:05:27,2500.0,42.25,7.61,2450.14,YESAP60780495541,2026-03-19 04:28:48,CREDIT_CARD,front_office,meet-recording/data_sheets_historical/mangal all data sheet/UPI STATMENT/PTM - MARCH 2026 (FRONT OFFICE1).xlsx,
,,,,,,,,front_office,meet-recording/data_sheets_historical/mangal all data sheet/UPI STATMENT/PTM - MARCH 2026 (FRONT OFFICE1).xlsx,
2026-03-19 08:04:08,3000.0,0.0,0.0,3000.0,YESAP60793096822,2026-03-20 04:45:14,UPI,front_office,meet-recording/data_sheets_historical/mangal all data sheet/UPI STATMENT/PTM - MARCH 2026 (FRONT OFFICE1).xlsx,
2026-03-19 21:28:36,3000.0,50.7,9.13,2940.17,YESAP60793096822,2026-03-20 04:45:14,CREDIT_CARD,front_office,meet-recording/data_sheets_historical/mangal all data sheet/UPI STATMENT/PTM - MARCH 2026 (FRONT OFFICE1).xlsx,
,,,,,,,,front_office,meet-recording/data_sheets_historical/mangal all data sheet/UPI STATMENT/PTM - MARCH 2026 (FRONT OFFICE1).xlsx,
2026-03-21 22:21:06,9000.0,152.1,27.38,8820.52,YESAP60812883183,2026-03-22 05:09:38,CREDIT_CARD,front_office,meet-recording/data_sheets_historical/mangal all data sheet/UPI STATMENT/PTM - MARCH 2026 (FRONT OFFICE1).xlsx,
,,,,,,,,front_office,meet-recording/data_sheets_historical/mangal all data sheet/UPI STATMENT/PTM - MARCH 2026 (FRONT OFFICE1).xlsx,
2026-03-22 12:38:28,500.0,0.0,0.0,500.0,AXNPM08226753568,2026-03-23 03:51:00,UPI,front_office,meet-recording/data_sheets_historical/mangal all data sheet/UPI STATMENT/PTM - MARCH 2026 (FRONT OFFICE1).xlsx,
,,,,,,,,front_office,meet-recording/data_sheets_historical/mangal all data sheet/UPI STATMENT/PTM - MARCH 2026 (FRONT OFFICE1).xlsx,
2026-03-24 06:51:35,59000.0,0.0,0.0,59000.0,YESAP60842042697,2026-03-25 04:39:19,UPI,front_office,meet-recording/data_sheets_historical/mangal all data sheet/UPI STATMENT/PTM - MARCH 2026 (FRONT OFFICE1).xlsx,
,,,,,,,,front_office,meet-recording/data_sheets_historical/mangal all data sheet/UPI STATMENT/PTM - MARCH 2026 (FRONT OFFICE1).xlsx,
2026-03-26 12:01:20,3000.0,0.0,0.0,3000.0,YESAP60862118043,2026-03-27 06:03:30,UPI,front_office,meet-recording/data_sheets_historical/mangal all data sheet/UPI STATMENT/PTM - MARCH 2026 (FRONT OFFICE1).xlsx,
2026-03-26 12:20:25,5000.0,0.0,0.0,5000.0,YESAP60862118043,2026-03-27 06:03:30,UPI,front_office,meet-recording/data_sheets_historical/mangal all data sheet/UPI STATMENT/PTM - MARCH 2026 (FRONT OFFICE1).xlsx,
2026-03-26 21:17:20,2000.0,0.0,0.0,2000.0,YESAP60862118043,2026-03-27 06:03:30,DEBIT_CARD,front_office,meet-recording/data_sheets_historical/mangal all data sheet/UPI STATMENT/PTM - MARCH 2026 (FRONT OFFICE1).xlsx,
,,,,,,,,front_office,meet-recording/data_sheets_historical/mangal all data sheet/UPI STATMENT/PTM - MARCH 2026 (FRONT OFFICE1).xlsx,
2026-03-27 11:13:43,4000.0,0.0,0.0,4000.0,YESAP60872969482,2026-03-28 05:19:41,UPI,front_office,meet-recording/data_sheets_historical/mangal all data sheet/UPI STATMENT/PTM - MARCH 2026 (FRONT OFFICE1).xlsx,
2026-03-27 11:28:53,2000.0,0.0,0.0,2000.0,YESAP60872969482,2026-03-28 05:19:41,UPI,front_office,meet-recording/data_sheets_historical/mangal all data sheet/UPI STATMENT/PTM - MARCH 2026 (FRONT OFFICE1).xlsx,
2026-03-27 11:44:44,5000.0,84.5,15.21,4900.29,YESAP60872969482,2026-03-28 05:19:41,CREDIT_CARD,front_office,meet-recording/data_sheets_historical/mangal all data sheet/UPI STATMENT/PTM - MARCH 2026 (FRONT OFFICE1).xlsx,
2026-03-27 12:02:13,3000.0,0.0,0.0,3000.0,YESAP60872969482,2026-03-28 05:19:41,UPI,front_office,meet-recording/data_sheets_historical/mangal all data sheet/UPI STATMENT/PTM - MARCH 2026 (FRONT OFFICE1).xlsx,
,,,,,,,,front_office,meet-recording/data_sheets_historical/mangal all data sheet/UPI STATMENT/PTM - MARCH 2026 (FRONT OFFICE1).xlsx,
2026-03-28 23:26:33,1500.0,25.35,0.0,1474.65,YESAP60884348285,2026-03-29 06:35:10,CREDIT_CARD,front_office,meet-recording/data_sheets_historical/mangal all data sheet/UPI STATMENT/PTM - MARCH 2026 (FRONT OFFICE1).xlsx,
,,,,,,,,front_office,meet-recording/data_sheets_historical/mangal all data sheet/UPI STATMENT/PTM - MARCH 2026 (FRONT OFFICE1).xlsx,
2026-03-30 07:31:02,1000.0,35.0,0.0,965.0,YESAP60903379439,2026-03-31 05:18:55,DEBIT_CARD,front_office,meet-recording/data_sheets_historical/mangal all data sheet/UPI STATMENT/PTM - MARCH 2026 (FRONT OFFICE1).xlsx,
2025-09-01 10:14:14,349.0,0.0,0.0,349.0,YESAP52453235855,2025-09-02 10:39:47,UPI,front_office,meet-recording/data_sheets_historical/mangal all data sheet/UPI STATMENT/PTM - SEPTEMBER 2025 (FRONT OFFICE).xlsx,
2025-09-01 10:44:20,120.0,0.0,0.0,120.0,YESAP52453235855,2025-09-02 10:39:47,UPI,front_office,meet-recording/data_sheets_historical/mangal all data sheet/UPI STATMENT/PTM - SEPTEMBER 2025 (FRONT OFFICE).xlsx,
,,,,,,,,front_office,meet-recording/data_sheets_historical/mangal all data sheet/UPI STATMENT/PTM - SEPTEMBER 2025 (FRONT OFFICE).xlsx,
2025-09-02 09:14:34,1981.0,0.0,0.0,1981.0,YESAP52463513165,2025-09-03 10:48:19,UPI,front_office,meet-recording/data_sheets_historical/mangal all data sheet/UPI STATMENT/PTM - SEPTEMBER 2025 (FRONT OFFICE).xlsx,
2025-09-02 12:21:34,7056.0,246.96,44.45,6764.59,YESAP52463513165,2025-09-03 10:48:19,DEBIT_CARD,front_office,meet-recording/data_sheets_historical/mangal all data sheet/UPI STATMENT/PTM - SEPTEMBER 2025 (FRONT OFFICE).xlsx,
2025-09-02 14:09:43,2141.44,0.0,0.0,2141.44,YESAP52463513165,2025-09-03 10:48:19,UPI,front_office,meet-recording/data_sheets_historical/mangal all data sheet/UPI STATMENT/PTM - SEPTEMBER 2025 (FRONT OFFICE).xlsx,
,,,,,,,,front_office,meet-recording/data_sheets_historical/mangal all data sheet/UPI STATMENT/PTM - SEPTEMBER 2025 (FRONT OFFICE).xlsx,
2025-09-03 07:20:11,5480.0,191.8,34.52,5253.68,YESAP52473450822,2025-09-04 10:38:28,DEBIT_CARD,front_office,meet-recording/data_sheets_historical/mangal all data sheet/UPI STATMENT/PTM - SEPTEMBER 2025 (FRONT OFFICE).xlsx,
2025-09-03 10:40:01,3000.0,0.0,0.0,3000.0,YESAP52473450822,2025-09-04 10:38:28,DEBIT_CARD,front_office,meet-recording/data_sheets_historical/mangal all data sheet/UPI STATMENT/PTM - SEPTEMBER 2025 (FRONT OFFICE).xlsx,
2025-09-03 12:42:54,2500.0,0.0,0.0,2500.0,YESAP52473450822,2025-09-04 10:38:28,UPI,front_office,meet-recording/data_sheets_historical/mangal all data sheet/UPI STATMENT/PTM - SEPTEMBER 2025 (FRONT OFFICE).xlsx,
2025-09-03 18:30:46,1500.0,0.0,0.0,1500.0,YESAP52473450822,2025-09-04 10:38:28,UPI,front_office,meet-recording/data_sheets_historical/mangal all data sheet/UPI STATMENT/PTM - SEPTEMBER 2025 (FRONT OFFICE).xlsx,
,,,,,,,,front_office,meet-recording/data_sheets_historical/mangal all data sheet/UPI STATMENT/PTM - SEPTEMBER 2025 (FRONT OFFICE).xlsx,
2025-09-04 05:37:22,627.0,21.95,3.95,601.1,YESAP52483461761,2025-09-05 11:12:14,DEBIT_CARD,front_office,meet-recording/data_sheets_historical/mangal all data sheet/UPI STATMENT/PTM - SEPTEMBER 2025 (FRONT OFFICE).xlsx,
2025-09-04 06:51:59,600.0,0.0,0.0,600.0,YESAP52483461761,2025-09-05 11:12:14,UPI,front_office,meet-recording/data_sheets_historical/mangal all data sheet/UPI STATMENT/PTM - SEPTEMBER 2025 (FRONT OFFICE).xlsx,
2025-09-04 07:42:45,500.0,0.0,0.0,500.0,YESAP52483461761,2025-09-05 11:12:14,UPI,front_office,meet-recording/data_sheets_historical/mangal all data sheet/UPI STATMENT/PTM - SEPTEMBER 2025 (FRONT OFFICE).xlsx,
2025-09-04 16:16:31,3000.0,0.0,0.0,3000.0,YESAP52483461761,2025-09-05 11:12:14,UPI,front_office,meet-recording/data_sheets_historical/mangal all data sheet/UPI STATMENT/PTM - SEPTEMBER 2025 (FRONT OFFICE).xlsx,
2025-09-04 17:20:51,500.0,0.0,0.0,500.0,YESAP52483461761,2025-09-05 11:12:14,UPI,front_office,meet-recording/data_sheets_historical/mangal all data sheet/UPI STATMENT/PTM - SEPTEMBER 2025 (FRONT OFFICE).xlsx,
,,,,,,,,front_office,meet-recording/data_sheets_historical/mangal all data sheet/UPI STATMENT/PTM - SEPTEMBER 2025 (FRONT OFFICE).xlsx,
2025-09-05 06:59:36,4500.0,0.0,0.0,4500.0,YESAP52493528621,2025-09-06 11:30:10,UPI,front_office,meet-recording/data_sheets_historical/mangal all data sheet/UPI STATMENT/PTM - SEPTEMBER 2025 (FRONT OFFICE).xlsx,
2025-09-05 10:14:50,529.0,0.0,0.0,529.0,YESAP52493528621,2025-09-06 11:30:10,UPI,front_office,meet-recording/data_sheets_historical/mangal all data sheet/UPI STATMENT/PTM - SEPTEMBER 2025 (FRONT OFFICE).xlsx,
2025-09-05 10:37:06,120.0,0.0,0.0,120.0,YESAP52493528621,2025-09-06 11:30:10,UPI,front_office,meet-recording/data_sheets_historical/mangal all data sheet/UPI STATMENT/PTM - SEPTEMBER 2025 (FRONT OFFICE).xlsx,
2025-09-05 11:05:41,120.0,0.0,0.0,120.0,YESAP52493528621,2025-09-06 11:30:10,UPI,front_office,meet-recording/data_sheets_historical/mangal all data sheet/UPI STATMENT/PTM - SEPTEMBER 2025 (FRONT OFFICE).xlsx,
2025-09-05 23:04:38,1964.0,68.74,12.37,1882.89,YESAP52493528621,2025-09-06 11:30:10,CREDIT_CARD,front_office,meet-recording/data_sheets_historical/mangal all data sheet/UPI STATMENT/PTM - SEPTEMBER 2025 (FRONT OFFICE).xlsx,
,,,,,,,,front_office,meet-recording/data_sheets_historical/mangal all data sheet/UPI STATMENT/PTM - SEPTEMBER 2025 (FRONT OFFICE).xlsx,
2025-09-06 05:59:23,469.0,0.0,0.0,469.0,YESAP52503651846,2025-09-07 10:57:31,UPI,front_office,meet-recording/data_sheets_historical/mangal all data sheet/UPI STATMENT/PTM - SEPTEMBER 2025 (FRONT OFFICE).xlsx,
2025-09-06 06:02:19,299.0,0.0,0.0,299.0,YESAP52503651846,2025-09-07 10:57:31,UPI,front_office,meet-recording/data_sheets_historical/mangal all data sheet/UPI STATMENT/PTM - SEPTEMBER 2025 (FRONT OFFICE).xlsx,
2025-09-06 09:33:17,4000.0,0.0,0.0,4000.0,YESAP52503651846,2025-09-07 10:57:31,DEBIT_CARD,front_office,meet-recording/data_sheets_historical/mangal all data sheet/UPI STATMENT/PTM - SEPTEMBER 2025 (FRONT OFFICE).xlsx,
2025-09-06 10:31:32,9450.0,0.0,0.0,9450.0,YESAP52503651846,2025-09-07 10:57:31,UPI,front_office,meet-recording/data_sheets_historical/mangal all data sheet/UPI STATMENT/PTM - SEPTEMBER 2025 (FRONT OFFICE).xlsx,
2025-09-06 11:31:02,4000.0,0.0,0.0,4000.0,YESAP52503651846,2025-09-07 10:57:31,UPI,front_office,meet-recording/data_sheets_historical/mangal all data sheet/UPI STATMENT/PTM - SEPTEMBER 2025 (FRONT OFFICE).xlsx,
2025-09-06 17:38:14,13200.0,0.0,0.0,13200.0,YESAP52503651846,2025-09-07 10:57:31,DEBIT_CARD,front_office,meet-recording/data_sheets_historical/mangal all data sheet/UPI STATMENT/PTM - SEPTEMBER 2025 (FRONT OFFICE).xlsx,
,,,,,,,,front_office,meet-recording/data_sheets_historical/mangal all data sheet/UPI STATMENT/PTM - SEPTEMBER 2025 (FRONT OFFICE).xlsx,
2025-09-07 10:10:23,80.0,0.0,0.0,80.0,YESAP52513534837,2025-09-08 10:35:48,UPI,front_office,meet-recording/data_sheets_historical/mangal all data sheet/UPI STATMENT/PTM - SEPTEMBER 2025 (FRONT OFFICE).xlsx,
2025-09-07 10:10:28,120.0,0.0,0.0,120.0,YESAP52513534837,2025-09-08 10:35:48,UPI,front_office,meet-recording/data_sheets_historical/mangal all data sheet/UPI STATMENT/PTM - SEPTEMBER 2025 (FRONT OFFICE).xlsx,
2025-09-07 10:39:33,6000.0,0.0,0.0,6000.0,YESAP52513534837,2025-09-08 10:35:48,UPI,front_office,meet-recording/data_sheets_historical/mangal all data sheet/UPI STATMENT/PTM - SEPTEMBER 2025 (FRONT OFFICE).xlsx,
2025-09-07 13:31:25,7500.0,0.0,0.0,7500.0,YESAP52513534837,2025-09-08 10:35:48,UPI,front_office,meet-recording/data_sheets_historical/mangal all data sheet/UPI STATMENT/PTM - SEPTEMBER 2025 (FRONT OFFICE).xlsx,
2025-09-07 15:57:24,2500.0,0.0,0.0,2500.0,YESAP52513534837,2025-09-08 10:35:48,UPI,front_office,meet-recording/data_sheets_historical/mangal all data sheet/UPI STATMENT/PTM - SEPTEMBER 2025 (FRONT OFFICE).xlsx,
,,,,,,,,front_office,meet-recording/data_sheets_historical/mangal all data sheet/UPI STATMENT/PTM - SEPTEMBER 2025 (FRONT OFFICE).xlsx,
2025-09-08 09:26:44,648.0,0.0,0.0,648.0,YESAP52525703201,2025-09-09 10:35:38,UPI,front_office,meet-recording/data_sheets_historical/mangal all data sheet/UPI STATMENT/PTM - SEPTEMBER 2025 (FRONT OFFICE).xlsx,
2025-09-08 10:42:48,8500.0,0.0,0.0,8500.0,YESAP52525703201,2025-09-09 10:35:38,DEBIT_CARD,front_office,meet-recording/data_sheets_historical/mangal all data sheet/UPI STATMENT/PTM - SEPTEMBER 2025 (FRONT OFFICE).xlsx,
2025-09-08 10:44:03,489.0,0.0,0.0,489.0,YESAP52525703201,2025-09-09 10:35:38,UPI,front_office,meet-recording/data_sheets_historical/mangal all data sheet/UPI STATMENT/PTM - SEPTEMBER 2025 (FRONT OFFICE).xlsx,
2025-09-08 11:05:12,1.0,0.0,0.0,1.0,YESAP52525703201,2025-09-09 10:35:38,DEBIT_CARD,front_office,meet-recording/data_sheets_historical/mangal all data sheet/UPI STATMENT/PTM - SEPTEMBER 2025 (FRONT OFFICE).xlsx,
2025-09-08 15:12:38,9500.0,0.0,0.0,9500.0,YESAP52525703201,2025-09-09 10:35:38,DEBIT_CARD,front_office,meet-recording/data_sheets_historical/mangal all data sheet/UPI STATMENT/PTM - SEPTEMBER 2025 (FRONT OFFICE).xlsx,
2025-09-08 18:36:58,2500.0,0.0,0.0,2500.0,YESAP52525703201,2025-09-09 10:35:38,UPI,front_office,meet-recording/data_sheets_historical/mangal all data sheet/UPI STATMENT/PTM - SEPTEMBER 2025 (FRONT OFFICE).xlsx,
2025-09-08 23:39:24,2500.0,0.0,0.0,2500.0,YESAP52525703201,2025-09-09 10:35:38,UPI,front_office,meet-recording/data_sheets_historical/mangal all data sheet/UPI STATMENT/PTM - SEPTEMBER 2025 (FRONT OFFICE).xlsx,
,,,,,,,,front_office,meet-recording/data_sheets_historical/mangal all data sheet/UPI STATMENT/PTM - SEPTEMBER 2025 (FRONT OFFICE).xlsx,
2025-09-09 08:22:49,3000.0,0.0,0.0,3000.0,YESAP52535748030,2025-09-10 10:39:38,UPI,front_office,meet-recording/data_sheets_historical/mangal all data sheet/UPI STATMENT/PTM - SEPTEMBER 2025 (FRONT OFFICE).xlsx,
2025-09-09 09:31:20,180.0,0.0,0.0,180.0,YESAP52535748030,2025-09-10 10:39:38,UPI,front_office,meet-recording/data_sheets_historical/mangal all data sheet/UPI STATMENT/PTM - SEPTEMBER 2025 (FRONT OFFICE).xlsx,
2025-09-09 10:21:25,40.0,0.0,0.0,40.0,YESAP52535748030,2025-09-10 10:39:38,UPI,front_office,meet-recording/data_sheets_historical/mangal all data sheet/UPI STATMENT/PTM - SEPTEMBER 2025 (FRONT OFFICE).xlsx,
2025-09-09 10:56:05,120.0,0.0,0.0,120.0,YESAP52535748030,2025-09-10 10:39:38,UPI,front_office,meet-recording/data_sheets_historical/mangal all data sheet/UPI STATMENT/PTM - SEPTEMBER 2025 (FRONT OFFICE).xlsx,
2025-09-09 16:25:28,3000.0,54.0,9.72,2936.28,YESAP52535748030,2025-09-10 10:39:38,CREDIT_CARD,front_office,meet-recording/data_sheets_historical/mangal all data sheet/UPI STATMENT/PTM - SEPTEMBER 2025 (FRONT OFFICE).xlsx,
2025-09-09 19:32:25,540.0,0.0,0.0,540.0,YESAP52535748030,2025-09-10 10:39:38,UPI,front_office,meet-recording/data_sheets_historical/mangal all data sheet/UPI STATMENT/PTM - SEPTEMBER 2025 (FRONT OFFICE).xlsx,
,,,,,,,,front_office,meet-recording/data_sheets_historical/mangal all data sheet/UPI STATMENT/PTM - SEPTEMBER 2025 (FRONT OFFICE).xlsx,
2025-09-10 08:51:15,399.0,0.0,0.0,399.0,YESAP52545727914,2025-09-11 10:39:08,UPI,front_office,meet-recording/data_sheets_historical/mangal all data sheet/UPI STATMENT/PTM - SEPTEMBER 2025 (FRONT OFFICE).xlsx,
2025-09-10 10:10:43,200.0,0.0,0.0,200.0,YESAP52545727914,2025-09-11 10:39:08,UPI,front_office,meet-recording/data_sheets_historical/mangal all data sheet/UPI STATMENT/PTM - SEPTEMBER 2025 (FRONT OFFICE).xlsx,
2025-09-10 10:32:10,7500.0,0.0,0.0,7500.0,YESAP52545727914,2025-09-11 10:39:08,UPI,front_office,meet-recording/data_sheets_historical/mangal all data sheet/UPI STATMENT/PTM - SEPTEMBER 2025 (FRONT OFFICE).xlsx,
,,,,,,,,front_office,meet-recording/data_sheets_historical/mangal all data sheet/UPI STATMENT/PTM - SEPTEMBER 2025 (FRONT OFFICE).xlsx,
2025-09-11 09:53:46,1177.0,0.0,0.0,1177.0,YESAP52555633236,2025-09-12 10:34:28,UPI,front_office,meet-recording/data_sheets_historical/mangal all data sheet/UPI STATMENT/PTM - SEPTEMBER 2025 (FRONT OFFICE).xlsx,
2025-09-11 10:12:40,42.0,0.0,0.0,42.0,YESAP52555633236,2025-09-12 10:34:28,UPI,front_office,meet-recording/data_sheets_historical/mangal all data sheet/UPI STATMENT/PTM - SEPTEMBER 2025 (FRONT OFFICE).xlsx,
2025-09-11 10:24:02,1641.0,41.03,7.39,1592.58,YESAP52555633236,2025-09-12 10:34:28,UPI_CREDIT_CARD,front_office,meet-recording/data_sheets_historical/mangal all data sheet/UPI STATMENT/PTM - SEPTEMBER 2025 (FRONT OFFICE).xlsx,
2025-09-11 12:31:25,5000.0,90.0,16.2,4893.8,YESAP52555633236,2025-09-12 10:34:28,CREDIT_CARD,front_office,meet-recording/data_sheets_historical/mangal all data sheet/UPI STATMENT/PTM - SEPTEMBER 2025 (FRONT OFFICE).xlsx,
2025-09-11 12:31:54,5000.0,90.0,16.2,4893.8,YESAP52555633236,2025-09-12 10:34:28,CREDIT_CARD,front_office,meet-recording/data_sheets_historical/mangal all data sheet/UPI STATMENT/PTM - SEPTEMBER 2025 (FRONT OFFICE).xlsx,
2025-09-11 12:32:36,5000.0,90.0,16.2,4893.8,YESAP52555633236,2025-09-12 10:34:28,CREDIT_CARD,front_office,meet-recording/data_sheets_historical/mangal all data sheet/UPI STATMENT/PTM - SEPTEMBER 2025 (FRONT OFFICE).xlsx,
2025-09-11 12:34:16,577.0,0.0,0.0,577.0,YESAP52555633236,2025-09-12 10:34:28,UPI,front_office,meet-recording/data_sheets_historical/mangal all data sheet/UPI STATMENT/PTM - SEPTEMBER 2025 (FRONT OFFICE).xlsx,
2025-09-11 13:49:18,4085.12,73.53,13.24,3998.35,YESAP52555633236,2025-09-12 10:34:28,CREDIT_CARD,front_office,meet-recording/data_sheets_historical/mangal all data sheet/UPI STATMENT/PTM - SEPTEMBER 2025 (FRONT OFFICE).xlsx,
2025-09-11 22:31:32,2000.0,0.0,0.0,2000.0,YESAP52555633236,2025-09-12 10:34:28,UPI,front_office,meet-recording/data_sheets_historical/mangal all data sheet/UPI STATMENT/PTM - SEPTEMBER 2025 (FRONT OFFICE).xlsx,
,,,,,,,,front_office,meet-recording/data_sheets_historical/mangal all data sheet/UPI STATMENT/PTM - SEPTEMBER 2025 (FRONT OFFICE).xlsx,
2025-09-12 08:29:32,120.0,0.0,0.0,120.0,AXNPM25646131482,2025-09-13 10:56:52,UPI,front_office,meet-recording/data_sheets_historical/mangal all data sheet/UPI STATMENT/PTM - SEPTEMBER 2025 (FRONT OFFICE).xlsx,
2025-09-12 08:31:11,64.0,0.0,0.0,64.0,AXNPM25646131482,2025-09-13 10:56:52,UPI,front_office,meet-recording/data_sheets_historical/mangal all data sheet/UPI STATMENT/PTM - SEPTEMBER 2025 (FRONT OFFICE).xlsx,
2025-09-12 10:28:51,598.0,0.0,0.0,598.0,AXNPM25646131482,2025-09-13 10:56:52,UPI,front_office,meet-recording/data_sheets_historical/mangal all data sheet/UPI STATMENT/PTM - SEPTEMBER 2025 (FRONT OFFICE).xlsx,
2025-09-12 10:30:06,833.0,0.0,0.0,833.0,AXNPM25646131482,2025-09-13 10:56:52,UPI,front_office,meet-recording/data_sheets_historical/mangal all data sheet/UPI STATMENT/PTM - SEPTEMBER 2025 (FRONT OFFICE).xlsx,
2025-09-12 11:24:02,398.0,0.0,0.0,398.0,AXNPM25646131482,2025-09-13 10:56:52,UPI,front_office,meet-recording/data_sheets_historical/mangal all data sheet/UPI STATMENT/PTM - SEPTEMBER 2025 (FRONT OFFICE).xlsx,
,,,,,,,,front_office,meet-recording/data_sheets_historical/mangal all data sheet/UPI STATMENT/PTM - SEPTEMBER 2025 (FRONT OFFICE).xlsx,
2025-09-13 09:45:53,478.0,0.0,0.0,478.0,YESAP52575601017,2025-09-14 12:24:01,UPI,front_office,meet-recording/data_sheets_historical/mangal all data sheet/UPI STATMENT/PTM - SEPTEMBER 2025 (FRONT OFFICE).xlsx,
2025-09-13 09:51:33,498.0,19.87,3.58,474.55,YESAP52575601017,2025-09-14 12:24:01,CREDIT_CARD,front_office,meet-recording/data_sheets_historical/mangal all data sheet/UPI STATMENT/PTM - SEPTEMBER 2025 (FRONT OFFICE).xlsx,
2025-09-13 10:02:08,3371.0,60.68,10.92,3299.4,YESAP52575601017,2025-09-14 12:24:01,CREDIT_CARD,front_office,meet-recording/data_sheets_historical/mangal all data sheet/UPI STATMENT/PTM - SEPTEMBER 2025 (FRONT OFFICE).xlsx,
2025-09-13 10:08:30,838.0,0.0,0.0,838.0,YESAP52575601017,2025-09-14 12:24:01,UPI,front_office,meet-recording/data_sheets_historical/mangal all data sheet/UPI STATMENT/PTM - SEPTEMBER 2025 (FRONT OFFICE).xlsx,
2025-09-13 10:13:28,1207.0,0.0,0.0,1207.0,YESAP52575601017,2025-09-14 12:24:01,UPI,front_office,meet-recording/data_sheets_historical/mangal all data sheet/UPI STATMENT/PTM - SEPTEMBER 2025 (FRONT OFFICE).xlsx,
2025-09-13 10:25:29,318.0,0.0,0.0,318.0,YESAP52575601017,2025-09-14 12:24:01,UPI,front_office,meet-recording/data_sheets_historical/mangal all data sheet/UPI STATMENT/PTM - SEPTEMBER 2025 (FRONT OFFICE).xlsx,
2025-09-13 11:05:58,927.0,0.0,0.0,927.0,YESAP52575601017,2025-09-14 12:24:01,UPI,front_office,meet-recording/data_sheets_historical/mangal all data sheet/UPI STATMENT/PTM - SEPTEMBER 2025 (FRONT OFFICE).xlsx,
2025-09-13 11:10:09,60.0,0.0,0.0,60.0,YESAP52575601017,2025-09-14 12:24:01,UPI,front_office,meet-recording/data_sheets_historical/mangal all data sheet/UPI STATMENT/PTM - SEPTEMBER 2025 (FRONT OFFICE).xlsx,
2025-09-13 11:10:26,40.0,0.0,0.0,40.0,YESAP52575601017,2025-09-14 12:24:01,UPI,front_office,meet-recording/data_sheets_historical/mangal all data sheet/UPI STATMENT/PTM - SEPTEMBER 2025 (FRONT OFFICE).xlsx,
2025-09-13 11:11:21,60.0,0.0,0.0,60.0,YESAP52575601017,2025-09-14 12:24:01,UPI,front_office,meet-recording/data_sheets_historical/mangal all data sheet/UPI STATMENT/PTM - SEPTEMBER 2025 (FRONT OFFICE).xlsx,
2025-09-13 14:36:57,4000.0,72.0,12.96,3915.04,YESAP52575601017,2025-09-14 12:24:01,CREDIT_CARD,front_office,meet-recording/data_sheets_historical/mangal all data sheet/UPI STATMENT/PTM - SEPTEMBER 2025 (FRONT OFFICE).xlsx,
,,,,,,,,front_office,meet-recording/data_sheets_historical/mangal all data sheet/UPI STATMENT/PTM - SEPTEMBER 2025 (FRONT OFFICE).xlsx,
2025-09-14 09:34:11,1617.0,0.0,0.0,1617.0,YESAP52585451367,2025-09-15 10:44:56,UPI,front_office,meet-recording/data_sheets_historical/mangal all data sheet/UPI STATMENT/PTM - SEPTEMBER 2025 (FRONT OFFICE).xlsx,
2025-09-14 10:08:29,360.0,9.0,1.62,349.38,YESAP52585451367,2025-09-15 10:44:56,UPI_CREDIT_CARD,front_office,meet-recording/data_sheets_historical/mangal all data sheet/UPI STATMENT/PTM - SEPTEMBER 2025 (FRONT OFFICE).xlsx,
2025-09-14 10:30:53,299.0,0.0,0.0,299.0,YESAP52585451367,2025-09-15 10:44:56,UPI,front_office,meet-recording/data_sheets_historical/mangal all data sheet/UPI STATMENT/PTM - SEPTEMBER 2025 (FRONT OFFICE).xlsx,
2025-09-14 10:38:19,500.0,0.0,0.0,500.0,YESAP52585451367,2025-09-15 10:44:56,UPI,front_office,meet-recording/data_sheets_historical/mangal all data sheet/UPI STATMENT/PTM - SEPTEMBER 2025 (FRONT OFFICE).xlsx,
2025-09-14 10:39:44,868.0,0.0,0.0,868.0,YESAP52585451367,2025-09-15 10:44:56,UPI,front_office,meet-recording/data_sheets_historical/mangal all data sheet/UPI STATMENT/PTM - SEPTEMBER 2025 (FRONT OFFICE).xlsx,
2025-09-14 12:10:29,500.0,0.0,0.0,500.0,YESAP52585451367,2025-09-15 10:44:56,UPI,front_office,meet-recording/data_sheets_historical/mangal all data sheet/UPI STATMENT/PTM - SEPTEMBER 2025 (FRONT OFFICE).xlsx,
2025-09-14 22:47:43,1306.0,0.0,0.0,1306.0,YESAP52585451367,2025-09-15 10:44:56,UPI,front_office,meet-recording/data_sheets_historical/mangal all data sheet/UPI STATMENT/PTM - SEPTEMBER 2025 (FRONT OFFICE).xlsx,
,,,,,,,,front_office,meet-recording/data_sheets_historical/mangal all data sheet/UPI STATMENT/PTM - SEPTEMBER 2025 (FRONT OFFICE).xlsx,
2025-09-15 07:34:21,500.0,0.0,0.0,500.0,YESAP52595424105,2025-09-16 11:39:25,UPI,front_office,meet-recording/data_sheets_historical/mangal all data sheet/UPI STATMENT/PTM - SEPTEMBER 2025 (FRONT OFFICE).xlsx,
2025-09-15 07:41:48,1045.0,0.0,0.0,1045.0,YESAP52595424105,2025-09-16 11:39:25,UPI,front_office,meet-recording/data_sheets_historical/mangal all data sheet/UPI STATMENT/PTM - SEPTEMBER 2025 (FRONT OFFICE).xlsx,
2025-09-15 10:04:01,1086.0,0.0,0.0,1086.0,YESAP52595424105,2025-09-16 11:39:25,UPI,front_office,meet-recording/data_sheets_historical/mangal all data sheet/UPI STATMENT/PTM - SEPTEMBER 2025 (FRONT OFFICE).xlsx,
2025-09-15 10:39:01,60.0,0.0,0.0,60.0,YESAP52595424105,2025-09-16 11:39:25,UPI,front_office,meet-recording/data_sheets_historical/mangal all data sheet/UPI STATMENT/PTM - SEPTEMBER 2025 (FRONT OFFICE).xlsx,
2025-09-15 10:42:06,100.0,0.0,0.0,100.0,YESAP52595424105,2025-09-16 11:39:25,UPI,front_office,meet-recording/data_sheets_historical/mangal all data sheet/UPI STATMENT/PTM - SEPTEMBER 2025 (FRONT OFFICE).xlsx,
,,,,,,,,front_office,meet-recording/data_sheets_historical/mangal all data sheet/UPI STATMENT/PTM - SEPTEMBER 2025 (FRONT OFFICE).xlsx,
2025-09-16 09:54:16,1276.0,0.0,0.0,1276.0,YESAP52605707028,2025-09-17 11:26:49,UPI,front_office,meet-recording/data_sheets_historical/mangal all data sheet/UPI STATMENT/PTM - SEPTEMBER 2025 (FRONT OFFICE).xlsx,
2025-09-16 10:23:10,219.0,0.0,0.0,219.0,YESAP52605707028,2025-09-17 11:26:49,UPI,front_office,meet-recording/data_sheets_historical/mangal all data sheet/UPI STATMENT/PTM - SEPTEMBER 2025 (FRONT OFFICE).xlsx,
2025-09-16 12:19:10,12000.0,0.0,0.0,12000.0,YESAP52605707028,2025-09-17 11:26:49,UPI,front_office,meet-recording/data_sheets_historical/mangal all data sheet/UPI STATMENT/PTM - SEPTEMBER 2025 (FRONT OFFICE).xlsx,
2025-09-16 16:58:31,3104.64,0.0,0.0,3104.64,YESAP52605707028,2025-09-17 11:26:49,UPI,front_office,meet-recording/data_sheets_historical/mangal all data sheet/UPI STATMENT/PTM - SEPTEMBER 2025 (FRONT OFFICE).xlsx,
2025-09-16 18:33:19,6000.0,0.0,0.0,6000.0,YESAP52605707028,2025-09-17 11:26:49,UPI,front_office,meet-recording/data_sheets_historical/mangal all data sheet/UPI STATMENT/PTM - SEPTEMBER 2025 (FRONT OFFICE).xlsx,
2025-09-16 21:02:23,4000.0,0.0,0.0,4000.0,YESAP52605707028,2025-09-17 11:26:49,UPI,front_office,meet-recording/data_sheets_historical/mangal all data sheet/UPI STATMENT/PTM - SEPTEMBER 2025 (FRONT OFFICE).xlsx,
2025-09-16 21:07:33,7000.0,0.0,0.0,7000.0,YESAP52605707028,2025-09-17 11:26:49,UPI,front_office,meet-recording/data_sheets_historical/mangal all data sheet/UPI STATMENT/PTM - SEPTEMBER 2025 (FRONT OFFICE).xlsx,
,,,,,,,,front_office,meet-recording/data_sheets_historical/mangal all data sheet/UPI STATMENT/PTM - SEPTEMBER 2025 (FRONT OFFICE).xlsx,
2025-09-17 02:04:23,2000.0,0.0,0.0,2000.0,YESAP52615650277,2025-09-18 10:52:19,UPI,front_office,meet-recording/data_sheets_historical/mangal all data sheet/UPI STATMENT/PTM - SEPTEMBER 2025 (FRONT OFFICE).xlsx,
2025-09-17 08:45:46,480.0,0.0,0.0,480.0,YESAP52615650277,2025-09-18 10:52:19,UPI,front_office,meet-recording/data_sheets_historical/mangal all data sheet/UPI STATMENT/PTM - SEPTEMBER 2025 (FRONT OFFICE).xlsx,
2025-09-17 10:05:02,500.0,0.0,0.0,500.0,YESAP52615650277,2025-09-18 10:52:19,UPI,front_office,meet-recording/data_sheets_historical/mangal all data sheet/UPI STATMENT/PTM - SEPTEMBER 2025 (FRONT OFFICE).xlsx,
2025-09-17 12:27:38,2000.0,0.0,0.0,2000.0,YESAP52615650277,2025-09-18 10:52:19,UPI,front_office,meet-recording/data_sheets_historical/mangal all data sheet/UPI STATMENT/PTM - SEPTEMBER 2025 (FRONT OFFICE).xlsx,
2025-09-17 12:28:26,500.0,0.0,0.0,500.0,YESAP52615650277,2025-09-18 10:52:19,UPI,front_office,meet-recording/data_sheets_historical/mangal all data sheet/UPI STATMENT/PTM - SEPTEMBER 2025 (FRONT OFFICE).xlsx,
2025-09-17 12:47:53,2204.16,0.0,0.0,2204.16,YESAP52615650277,2025-09-18 10:52:19,UPI,front_office,meet-recording/data_sheets_historical/mangal all data sheet/UPI STATMENT/PTM - SEPTEMBER 2025 (FRONT OFFICE).xlsx,
2025-09-17 21:58:13,2000.0,0.0,0.0,2000.0,YESAP52615650277,2025-09-18 10:52:19,UPI,front_office,meet-recording/data_sheets_historical/mangal all data sheet/UPI STATMENT/PTM - SEPTEMBER 2025 (FRONT OFFICE).xlsx,
,,,,,,,,front_office,meet-recording/data_sheets_historical/mangal all data sheet/UPI STATMENT/PTM - SEPTEMBER 2025 (FRONT OFFICE).xlsx,
2025-09-18 09:11:59,1018.0,20.26,3.65,994.09,YESAP52625678847,2025-09-19 11:04:42,CREDIT_CARD,front_office,meet-recording/data_sheets_historical/mangal all data sheet/UPI STATMENT/PTM - SEPTEMBER 2025 (FRONT OFFICE).xlsx,
2025-09-18 09:45:41,359.0,0.0,0.0,359.0,YESAP52625678847,2025-09-19 11:04:42,UPI_LITE,front_office,meet-recording/data_sheets_historical/mangal all data sheet/UPI STATMENT/PTM - SEPTEMBER 2025 (FRONT OFFICE).xlsx,
2025-09-18 09:50:44,40.0,0.0,0.0,40.0,YESAP52625678847,2025-09-19 11:04:42,UPI,front_office,meet-recording/data_sheets_historical/mangal all data sheet/UPI STATMENT/PTM - SEPTEMBER 2025 (FRONT OFFICE).xlsx,
2025-09-18 10:26:05,2000.0,36.0,6.48,1957.52,YESAP52625678847,2025-09-19 11:04:42,CREDIT_CARD,front_office,meet-recording/data_sheets_historical/mangal all data sheet/UPI STATMENT/PTM - SEPTEMBER 2025 (FRONT OFFICE).xlsx,
2025-09-18 19:17:51,12000.0,0.0,0.0,12000.0,YESAP52625678847,2025-09-19 11:04:42,UPI,front_office,meet-recording/data_sheets_historical/mangal all data sheet/UPI STATMENT/PTM - SEPTEMBER 2025 (FRONT OFFICE).xlsx,
,,,,,,,,front_office,meet-recording/data_sheets_historical/mangal all data sheet/UPI STATMENT/PTM - SEPTEMBER 2025 (FRONT OFFICE).xlsx,
2025-09-19 05:32:52,519.0,0.0,0.0,519.0,YESAP52635667106,2025-09-20 10:34:18,UPI,front_office,meet-recording/data_sheets_historical/mangal all data sheet/UPI STATMENT/PTM - SEPTEMBER 2025 (FRONT OFFICE).xlsx,
2025-09-19 06:27:08,160.0,0.0,0.0,160.0,YESAP52635667106,2025-09-20 10:34:18,UPI,front_office,meet-recording/data_sheets_historical/mangal all data sheet/UPI STATMENT/PTM - SEPTEMBER 2025 (FRONT OFFICE).xlsx,
2025-09-19 09:44:27,888.0,17.67,3.18,867.15,YESAP52635667106,2025-09-20 10:34:18,CREDIT_CARD,front_office,meet-recording/data_sheets_historical/mangal all data sheet/UPI STATMENT/PTM - SEPTEMBER 2025 (FRONT OFFICE).xlsx,
2025-09-19 09:49:16,3500.0,0.0,0.0,3500.0,YESAP52635667106,2025-09-20 10:34:18,UPI,front_office,meet-recording/data_sheets_historical/mangal all data sheet/UPI STATMENT/PTM - SEPTEMBER 2025 (FRONT OFFICE).xlsx,
2025-09-19 10:36:34,4349.0,0.0,0.0,4349.0,YESAP52635667106,2025-09-20 10:34:18,UPI,front_office,meet-recording/data_sheets_historical/mangal all data sheet/UPI STATMENT/PTM - SEPTEMBER 2025 (FRONT OFFICE).xlsx,
2025-09-19 15:25:56,6000.0,0.0,0.0,6000.0,YESAP52635667106,2025-09-20 10:34:18,UPI,front_office,meet-recording/data_sheets_historical/mangal all data sheet/UPI STATMENT/PTM - SEPTEMBER 2025 (FRONT OFFICE).xlsx,
,,,,,,,,front_office,meet-recording/data_sheets_historical/mangal all data sheet/UPI STATMENT/PTM - SEPTEMBER 2025 (FRONT OFFICE).xlsx,
2025-09-20 08:47:57,240.0,0.0,0.0,240.0,YESAP52645722043,2025-09-21 13:24:11,UPI,front_office,meet-recording/data_sheets_historical/mangal all data sheet/UPI STATMENT/PTM - SEPTEMBER 2025 (FRONT OFFICE).xlsx,
2025-09-20 10:23:27,707.0,0.0,0.0,707.0,YESAP52645722043,2025-09-21 13:24:11,UPI,front_office,meet-recording/data_sheets_historical/mangal all data sheet/UPI STATMENT/PTM - SEPTEMBER 2025 (FRONT OFFICE).xlsx,
,,,,,,,,front_office,meet-recording/data_sheets_historical/mangal all data sheet/UPI STATMENT/PTM - SEPTEMBER 2025 (FRONT OFFICE).xlsx,
2025-09-21 09:32:10,588.0,0.0,0.0,588.0,YESAP52655652455,2025-09-22 10:36:12,UPI,front_office,meet-recording/data_sheets_historical/mangal all data sheet/UPI STATMENT/PTM - SEPTEMBER 2025 (FRONT OFFICE).xlsx,
2025-09-21 09:41:51,6000.0,0.0,0.0,6000.0,YESAP52655652455,2025-09-22 10:36:12,UPI,front_office,meet-recording/data_sheets_historical/mangal all data sheet/UPI STATMENT/PTM - SEPTEMBER 2025 (FRONT OFFICE).xlsx,
2025-09-21 10:13:53,40.0,0.0,0.0,40.0,YESAP52655652455,2025-09-22 10:36:12,UPI,front_office,meet-recording/data_sheets_historical/mangal all data sheet/UPI STATMENT/PTM - SEPTEMBER 2025 (FRONT OFFICE).xlsx,
2025-09-21 10:31:16,1167.0,34.89,6.28,1125.83,YESAP52655652455,2025-09-22 10:36:12,CREDIT_CARD,front_office,meet-recording/data_sheets_historical/mangal all data sheet/UPI STATMENT/PTM - SEPTEMBER 2025 (FRONT OFFICE).xlsx,
2025-09-21 10:43:14,1237.0,0.0,0.0,1237.0,YESAP52655652455,2025-09-22 10:36:12,UPI,front_office,meet-recording/data_sheets_historical/mangal all data sheet/UPI STATMENT/PTM - SEPTEMBER 2025 (FRONT OFFICE).xlsx,
2025-09-21 13:12:50,2000.0,0.0,0.0,2000.0,YESAP52655652455,2025-09-22 10:36:12,UPI,front_office,meet-recording/data_sheets_historical/mangal all data sheet/UPI STATMENT/PTM - SEPTEMBER 2025 (FRONT OFFICE).xlsx,
,,,,,,,,front_office,meet-recording/data_sheets_historical/mangal all data sheet/UPI STATMENT/PTM - SEPTEMBER 2025 (FRONT OFFICE).xlsx,
2025-09-22 07:53:57,3000.0,0.0,0.0,3000.0,YESAP52665542634,2025-09-23 12:06:32,DEBIT_CARD,front_office,meet-recording/data_sheets_historical/mangal all data sheet/UPI STATMENT/PTM - SEPTEMBER 2025 (FRONT OFFICE).xlsx,
2025-09-22 09:05:17,1446.0,0.0,0.0,1446.0,YESAP52665542634,2025-09-23 12:06:32,UPI,front_office,meet-recording/data_sheets_historical/mangal all data sheet/UPI STATMENT/PTM - SEPTEMBER 2025 (FRONT OFFICE).xlsx,
2025-09-22 09:38:11,1071.0,0.0,0.0,1071.0,YESAP52665542634,2025-09-23 12:06:32,UPI,front_office,meet-recording/data_sheets_historical/mangal all data sheet/UPI STATMENT/PTM - SEPTEMBER 2025 (FRONT OFFICE).xlsx,
2025-09-22 10:04:09,60.0,0.0,0.0,60.0,YESAP52665542634,2025-09-23 12:06:32,UPI,front_office,meet-recording/data_sheets_historical/mangal all data sheet/UPI STATMENT/PTM - SEPTEMBER 2025 (FRONT OFFICE).xlsx,
2025-09-22 10:31:34,2054.0,36.97,6.65,2010.38,YESAP52665542634,2025-09-23 12:06:32,CREDIT_CARD,front_office,meet-recording/data_sheets_historical/mangal all data sheet/UPI STATMENT/PTM - SEPTEMBER 2025 (FRONT OFFICE).xlsx,
2025-09-22 11:50:21,8753.92,157.57,28.36,8567.99,YESAP52665542634,2025-09-23 12:06:32,CREDIT_CARD,front_office,meet-recording/data_sheets_historical/mangal all data sheet/UPI STATMENT/PTM - SEPTEMBER 2025 (FRONT OFFICE).xlsx,
2025-09-22 15:40:31,4397.4,153.91,27.7,4215.79,YESAP52665542634,2025-09-23 12:06:32,CREDIT_CARD,front_office,meet-recording/data_sheets_historical/mangal all data sheet/UPI STATMENT/PTM - SEPTEMBER 2025 (FRONT OFFICE).xlsx,
,,,,,,,,front_office,meet-recording/data_sheets_historical/mangal all data sheet/UPI STATMENT/PTM - SEPTEMBER 2025 (FRONT OFFICE).xlsx,
2025-09-23 13:03:57,700.0,0.0,0.0,700.0,YESAP52675566978,2025-09-24 10:45:47,DEBIT_CARD,front_office,meet-recording/data_sheets_historical/mangal all data sheet/UPI STATMENT/PTM - SEPTEMBER 2025 (FRONT OFFICE).xlsx,
2025-09-23 13:04:26,700.0,0.0,0.0,700.0,YESAP52675566978,2025-09-24 10:45:47,DEBIT_CARD,front_office,meet-recording/data_sheets_historical/mangal all data sheet/UPI STATMENT/PTM - SEPTEMBER 2025 (FRONT OFFICE).xlsx,
,,,,,,,,front_office,meet-recording/data_sheets_historical/mangal all data sheet/UPI STATMENT/PTM - SEPTEMBER 2025 (FRONT OFFICE).xlsx,
2025-09-24 07:00:11,4203.0,0.0,0.0,4203.0,YESAP52685653103,2025-09-25 10:35:06,UPI,front_office,meet-recording/data_sheets_historical/mangal all data sheet/UPI STATMENT/PTM - SEPTEMBER 2025 (FRONT OFFICE).xlsx,
2025-09-24 09:17:27,1410.0,25.38,4.57,1380.05,YESAP52685653103,2025-09-25 10:35:06,CREDIT_CARD,front_office,meet-recording/data_sheets_historical/mangal all data sheet/UPI STATMENT/PTM - SEPTEMBER 2025 (FRONT OFFICE).xlsx,
2025-09-24 09:24:06,300.0,0.0,0.0,300.0,YESAP52685653103,2025-09-25 10:35:06,DEBIT_CARD,front_office,meet-recording/data_sheets_historical/mangal all data sheet/UPI STATMENT/PTM - SEPTEMBER 2025 (FRONT OFFICE).xlsx,
2025-09-24 09:24:31,300.0,0.0,0.0,300.0,YESAP52685653103,2025-09-25 10:35:06,DEBIT_CARD,front_office,meet-recording/data_sheets_historical/mangal all data sheet/UPI STATMENT/PTM - SEPTEMBER 2025 (FRONT OFFICE).xlsx,
2025-09-24 10:06:25,1362.0,0.0,0.0,1362.0,YESAP52685653103,2025-09-25 10:35:06,UPI,front_office,meet-recording/data_sheets_historical/mangal all data sheet/UPI STATMENT/PTM - SEPTEMBER 2025 (FRONT OFFICE).xlsx,
2025-09-24 13:49:20,6000.0,0.0,0.0,6000.0,YESAP52685653103,2025-09-25 10:35:06,UPI,front_office,meet-recording/data_sheets_historical/mangal all data sheet/UPI STATMENT/PTM - SEPTEMBER 2025 (FRONT OFFICE).xlsx,
2025-09-24 14:18:00,4981.76,89.67,16.14,4875.95,YESAP52685653103,2025-09-25 10:35:06,CREDIT_CARD,front_office,meet-recording/data_sheets_historical/mangal all data sheet/UPI STATMENT/PTM - SEPTEMBER 2025 (FRONT OFFICE).xlsx,
2025-09-24 22:43:37,478.0,0.0,0.0,478.0,YESAP52685653103,2025-09-25 10:35:06,UPI,front_office,meet-recording/data_sheets_historical/mangal all data sheet/UPI STATMENT/PTM - SEPTEMBER 2025 (FRONT OFFICE).xlsx,
,,,,,,,,front_office,meet-recording/data_sheets_historical/mangal all data sheet/UPI STATMENT/PTM - SEPTEMBER 2025 (FRONT OFFICE).xlsx,
2025-09-25 09:00:05,807.0,0.0,0.0,807.0,YESAP52695577334,2025-09-26 10:39:33,UPI,front_office,meet-recording/data_sheets_historical/mangal all data sheet/UPI STATMENT/PTM - SEPTEMBER 2025 (FRONT OFFICE).xlsx,
2025-09-25 09:01:29,500.0,0.0,0.0,500.0,YESAP52695577334,2025-09-26 10:39:33,UPI,front_office,meet-recording/data_sheets_historical/mangal all data sheet/UPI STATMENT/PTM - SEPTEMBER 2025 (FRONT OFFICE).xlsx,
2025-09-25 10:37:37,715.0,0.0,0.0,715.0,YESAP52695577334,2025-09-26 10:39:33,DEBIT_CARD,front_office,meet-recording/data_sheets_historical/mangal all data sheet/UPI STATMENT/PTM - SEPTEMBER 2025 (FRONT OFFICE).xlsx,
2025-09-25 12:25:46,3000.0,0.0,0.0,3000.0,YESAP52695577334,2025-09-26 10:39:33,UPI,front_office,meet-recording/data_sheets_historical/mangal all data sheet/UPI STATMENT/PTM - SEPTEMBER 2025 (FRONT OFFICE).xlsx,
2025-09-25 21:01:52,1166.0,20.99,3.78,1141.23,YESAP52695577334,2025-09-26 10:39:33,CREDIT_CARD,front_office,meet-recording/data_sheets_historical/mangal all data sheet/UPI STATMENT/PTM - SEPTEMBER 2025 (FRONT OFFICE).xlsx,
,,,,,,,,front_office,meet-recording/data_sheets_historical/mangal all data sheet/UPI STATMENT/PTM - SEPTEMBER 2025 (FRONT OFFICE).xlsx,
2025-09-26 03:59:18,3000.0,0.0,0.0,3000.0,YESAP52705581410,2025-09-27 11:02:21,UPI,front_office,meet-recording/data_sheets_historical/mangal all data sheet/UPI STATMENT/PTM - SEPTEMBER 2025 (FRONT OFFICE).xlsx,
2025-09-26 08:51:21,818.0,14.72,2.65,800.63,YESAP52705581410,2025-09-27 11:02:21,CREDIT_CARD,front_office,meet-recording/data_sheets_historical/mangal all data sheet/UPI STATMENT/PTM - SEPTEMBER 2025 (FRONT OFFICE).xlsx,
2025-09-26 09:45:31,419.0,7.54,1.36,410.1,YESAP52705581410,2025-09-27 11:02:21,CREDIT_CARD,front_office,meet-recording/data_sheets_historical/mangal all data sheet/UPI STATMENT/PTM - SEPTEMBER 2025 (FRONT OFFICE).xlsx,
,,,,,,,,front_office,meet-recording/data_sheets_historical/mangal all data sheet/UPI STATMENT/PTM - SEPTEMBER 2025 (FRONT OFFICE).xlsx,
2025-09-27 06:06:48,500.0,0.0,0.0,500.0,YESAP52715521939,2025-09-28 10:40:10,UPI,front_office,meet-recording/data_sheets_historical/mangal all data sheet/UPI STATMENT/PTM - SEPTEMBER 2025 (FRONT OFFICE).xlsx,
2025-09-27 08:42:32,229.0,0.0,0.0,229.0,YESAP52715521939,2025-09-28 10:40:10,UPI,front_office,meet-recording/data_sheets_historical/mangal all data sheet/UPI STATMENT/PTM - SEPTEMBER 2025 (FRONT OFFICE).xlsx,
2025-09-27 09:18:22,878.0,0.0,0.0,878.0,YESAP52715521939,2025-09-28 10:40:10,UPI,front_office,meet-recording/data_sheets_historical/mangal all data sheet/UPI STATMENT/PTM - SEPTEMBER 2025 (FRONT OFFICE).xlsx,
2025-09-27 09:58:22,658.0,0.0,0.0,658.0,YESAP52715521939,2025-09-28 10:40:10,UPI,front_office,meet-recording/data_sheets_historical/mangal all data sheet/UPI STATMENT/PTM - SEPTEMBER 2025 (FRONT OFFICE).xlsx,
2025-09-27 10:39:32,40.0,0.0,0.0,40.0,YESAP52715521939,2025-09-28 10:40:10,UPI,front_office,meet-recording/data_sheets_historical/mangal all data sheet/UPI STATMENT/PTM - SEPTEMBER 2025 (FRONT OFFICE).xlsx,
2025-09-27 12:12:03,2266.88,40.8,7.34,2218.74,YESAP52715521939,2025-09-28 10:40:10,CREDIT_CARD,front_office,meet-recording/data_sheets_historical/mangal all data sheet/UPI STATMENT/PTM - SEPTEMBER 2025 (FRONT OFFICE).xlsx,
2025-09-27 19:09:13,5000.0,0.0,0.0,5000.0,YESAP52715521939,2025-09-28 10:40:10,UPI,front_office,meet-recording/data_sheets_historical/mangal all data sheet/UPI STATMENT/PTM - SEPTEMBER 2025 (FRONT OFFICE).xlsx,
2025-09-27 21:18:20,20.0,0.0,0.0,20.0,YESAP52715521939,2025-09-28 10:40:10,UPI,front_office,meet-recording/data_sheets_historical/mangal all data sheet/UPI STATMENT/PTM - SEPTEMBER 2025 (FRONT OFFICE).xlsx,
,,,,,,,,front_office,meet-recording/data_sheets_historical/mangal all data sheet/UPI STATMENT/PTM - SEPTEMBER 2025 (FRONT OFFICE).xlsx,
2025-09-28 06:54:48,500.0,0.0,0.0,500.0,YESAP52725458828,2025-09-29 10:38:05,UPI,front_office,meet-recording/data_sheets_historical/mangal all data sheet/UPI STATMENT/PTM - SEPTEMBER 2025 (FRONT OFFICE).xlsx,
2025-09-28 09:38:51,20.0,0.0,0.0,20.0,YESAP52725458828,2025-09-29 10:38:05,UPI,front_office,meet-recording/data_sheets_historical/mangal all data sheet/UPI STATMENT/PTM - SEPTEMBER 2025 (FRONT OFFICE).xlsx,
2025-09-28 09:56:35,60.0,0.0,0.0,60.0,YESAP52725458828,2025-09-29 10:38:05,UPI,front_office,meet-recording/data_sheets_historical/mangal all data sheet/UPI STATMENT/PTM - SEPTEMBER 2025 (FRONT OFFICE).xlsx,
2025-09-28 10:16:40,1500.0,0.0,0.0,1500.0,YESAP52725458828,2025-09-29 10:38:05,UPI,front_office,meet-recording/data_sheets_historical/mangal all data sheet/UPI STATMENT/PTM - SEPTEMBER 2025 (FRONT OFFICE).xlsx,
2025-09-28 11:06:40,130.0,0.0,0.0,130.0,YESAP52725458828,2025-09-29 10:38:05,UPI,front_office,meet-recording/data_sheets_historical/mangal all data sheet/UPI STATMENT/PTM - SEPTEMBER 2025 (FRONT OFFICE).xlsx,
2025-09-28 13:36:41,12902.4,451.58,81.28,12369.54,YESAP52725458828,2025-09-29 10:38:05,CREDIT_CARD,front_office,meet-recording/data_sheets_historical/mangal all data sheet/UPI STATMENT/PTM - SEPTEMBER 2025 (FRONT OFFICE).xlsx,
2025-09-28 20:56:21,5000.0,0.0,0.0,5000.0,YESAP52725458828,2025-09-29 10:38:05,UPI,front_office,meet-recording/data_sheets_historical/mangal all data sheet/UPI STATMENT/PTM - SEPTEMBER 2025 (FRONT OFFICE).xlsx,
,,,,,,,,front_office,meet-recording/data_sheets_historical/mangal all data sheet/UPI STATMENT/PTM - SEPTEMBER 2025 (FRONT OFFICE).xlsx,
2025-09-29 09:28:19,658.0,16.45,2.96,638.59,YESAP52735501389,2025-09-30 13:27:18,UPI_CREDIT_CARD,front_office,meet-recording/data_sheets_historical/mangal all data sheet/UPI STATMENT/PTM - SEPTEMBER 2025 (FRONT OFFICE).xlsx,
2025-09-29 09:47:12,2020.0,70.7,12.73,1936.57,YESAP52735501389,2025-09-30 13:27:18,CREDIT_CARD,front_office,meet-recording/data_sheets_historical/mangal all data sheet/UPI STATMENT/PTM - SEPTEMBER 2025 (FRONT OFFICE).xlsx,
,,,,,,,,front_office,meet-recording/data_sheets_historical/mangal all data sheet/UPI STATMENT/PTM - SEPTEMBER 2025 (FRONT OFFICE).xlsx,
2025-09-30 09:20:59,179.0,0.0,0.0,179.0,YESAP52745771051,2025-10-01 13:27:19,UPI,front_office,meet-recording/data_sheets_historical/mangal all data sheet/UPI STATMENT/PTM - SEPTEMBER 2025 (FRONT OFFICE).xlsx,
2025-09-30 09:27:15,694.0,0.0,0.0,694.0,YESAP52745771051,2025-10-01 13:27:19,UPI,front_office,meet-recording/data_sheets_historical/mangal all data sheet/UPI STATMENT/PTM - SEPTEMBER 2025 (FRONT OFFICE).xlsx,
2025-09-30 09:29:12,8563.0,299.71,53.95,8209.34,YESAP52745771051,2025-10-01 13:27:19,CREDIT_CARD,front_office,meet-recording/data_sheets_historical/mangal all data sheet/UPI STATMENT/PTM - SEPTEMBER 2025 (FRONT OFFICE).xlsx,
2025-09-30 09:32:42,368.0,6.62,1.19,360.19,YESAP52745771051,2025-10-01 13:27:19,CREDIT_CARD,front_office,meet-recording/data_sheets_historical/mangal all data sheet/UPI STATMENT/PTM - SEPTEMBER 2025 (FRONT OFFICE).xlsx,
2025-09-30 09:33:40,627.0,11.29,2.03,613.68,YESAP52745771051,2025-10-01 13:27:19,CREDIT_CARD,front_office,meet-recording/data_sheets_historical/mangal all data sheet/UPI STATMENT/PTM - SEPTEMBER 2025 (FRONT OFFICE).xlsx,
2025-09-30 09:50:23,807.0,14.53,2.62,789.85,YESAP52745771051,2025-10-01 13:27:19,CREDIT_CARD,front_office,meet-recording/data_sheets_historical/mangal all data sheet/UPI STATMENT/PTM - SEPTEMBER 2025 (FRONT OFFICE).xlsx,
2025-09-30 10:14:21,962.0,0.0,0.0,962.0,YESAP52745771051,2025-10-01 13:27:19,UPI,front_office,meet-recording/data_sheets_historical/mangal all data sheet/UPI STATMENT/PTM - SEPTEMBER 2025 (FRONT OFFICE).xlsx,
2025-09-30 10:24:26,713.0,0.0,0.0,713.0,YESAP52745771051,2025-10-01 13:27:19,UPI,front_office,meet-recording/data_sheets_historical/mangal all data sheet/UPI STATMENT/PTM - SEPTEMBER 2025 (FRONT OFFICE).xlsx,
2025-09-30 19:59:08,6272.0,219.52,39.51,6012.97,YESAP52745771051,2025-10-01 13:27:19,DEBIT_CARD,front_office,meet-recording/data_sheets_historical/mangal all data sheet/UPI STATMENT/PTM - SEPTEMBER 2025 (FRONT OFFICE).xlsx,
